INFO  20260526 20:53:03.359[restartedMain] [LoginCookieApplication:54] - Starting LoginCookieApplication using Java 21.0.10 with PID 8980 (C:\develop\KDTgit\codingtest\new-develop\login_cookie\build\classes\java\main started by smd08 in C:\develop\KDTgit\codingtest\new-develop\login_cookie)
DEBUG 20260526 20:53:03.381[restartedMain] [LoginCookieApplication:55] - Running with Spring Boot v4.0.6, Spring v7.0.7
INFO  20260526 20:53:03.382[restartedMain] [LoginCookieApplication:652] - No active profile set, falling back to 1 default profile: "default"
DEBUG 20260526 20:53:03.385[restartedMain] [SpringApplication:685] - Loading source class com.mjc813.login_cookie.LoginCookieApplication
DEBUG 20260526 20:53:03.505[restartedMain] [ChangeableUrls:69] - Matching URLs for reloading : [file:/C:/develop/KDTgit/codingtest/new-develop/login_cookie/build/classes/java/main/, file:/C:/develop/KDTgit/codingtest/new-develop/login_cookie/build/resources/main/]
DEBUG 20260526 20:53:03.506[restartedMain] [DevToolsSettings:69] - Included patterns for restart : []
DEBUG 20260526 20:53:03.506[restartedMain] [DevToolsSettings:69] - Excluded patterns for restart : [/spring-boot-starter-[\w-]+/, /spring-boot/(bin|build|out)/, /spring-boot-starter/(bin|build|out)/, /spring-boot-devtools/(bin|build|out)/, /spring-boot-actuator/(bin|build|out)/, /spring-boot-autoconfigure/(bin|build|out)/]
INFO  20260526 20:53:03.507[restartedMain] [DevToolsPropertyDefaultsPostProcessor:69] - Devtools property defaults active! Set 'spring.devtools.add-properties' to 'false' to disable
INFO  20260526 20:53:03.507[restartedMain] [DevToolsPropertyDefaultsPostProcessor:69] - For additional web related logging consider setting the 'logging.level.web' property to 'DEBUG'
DEBUG 20260526 20:53:03.508[restartedMain] [AnnotationConfigServletWebServerApplicationContext:678] - Refreshing org.springframework.boot.web.server.servlet.context.AnnotationConfigServletWebServerApplicationContext@44051fda
DEBUG 20260526 20:53:03.553[restartedMain] [DefaultListableBeanFactory:306] - Creating shared instance of singleton bean 'org.springframework.context.annotation.internalConfigurationAnnotationProcessor'
DEBUG 20260526 20:53:03.593[restartedMain] [DefaultListableBeanFactory:306] - Creating shared instance of singleton bean 'org.springframework.boot.autoconfigure.internalCachingMetadataReaderFactory'
DEBUG 20260526 20:53:03.719[restartedMain] [ClassPathBeanDefinitionScanner:470] - Identified candidate component class: file [C:\develop\KDTgit\codingtest\new-develop\login_cookie\build\classes\java\main\com\mjc813\login_cookie\biz\AuthService.class]
DEBUG 20260526 20:53:03.743[restartedMain] [ClassPathBeanDefinitionScanner:470] - Identified candidate component class: file [C:\develop\KDTgit\codingtest\new-develop\login_cookie\build\classes\java\main\com\mjc813\login_cookie\biz\CookieSignRestController.class]
DEBUG 20260526 20:53:03.745[restartedMain] [ClassPathBeanDefinitionScanner:470] - Identified candidate component class: file [C:\develop\KDTgit\codingtest\new-develop\login_cookie\build\classes\java\main\com\mjc813\login_cookie\biz\CookieTestController.class]
DEBUG 20260526 20:53:03.746[restartedMain] [ClassPathBeanDefinitionScanner:470] - Identified candidate component class: file [C:\develop\KDTgit\codingtest\new-develop\login_cookie\build\classes\java\main\com\mjc813\login_cookie\biz\MailService.class]
DEBUG 20260526 20:53:03.747[restartedMain] [ClassPathBeanDefinitionScanner:470] - Identified candidate component class: file [C:\develop\KDTgit\codingtest\new-develop\login_cookie\build\classes\java\main\com\mjc813\login_cookie\biz\MenuController.class]
DEBUG 20260526 20:53:03.753[restartedMain] [ClassPathBeanDefinitionScanner:470] - Identified candidate component class: file [C:\develop\KDTgit\codingtest\new-develop\login_cookie\build\classes\java\main\com\mjc813\login_cookie\common\CommonExceptionHandler.class]
DEBUG 20260526 20:53:03.763[restartedMain] [ClassPathBeanDefinitionScanner:470] - Identified candidate component class: file [C:\develop\KDTgit\codingtest\new-develop\login_cookie\build\classes\java\main\com\mjc813\login_cookie\models\member\MemberController.class]
DEBUG 20260526 20:53:03.769[restartedMain] [ClassPathBeanDefinitionScanner:476] - Ignored because not a concrete top-level class: file [C:\develop\KDTgit\codingtest\new-develop\login_cookie\build\classes\java\main\com\mjc813\login_cookie\models\member\MemberJpaRepository.class]
DEBUG 20260526 20:53:03.771[restartedMain] [ClassPathBeanDefinitionScanner:470] - Identified candidate component class: file [C:\develop\KDTgit\codingtest\new-develop\login_cookie\build\classes\java\main\com\mjc813\login_cookie\models\member\MemberRestController.class]
DEBUG 20260526 20:53:03.772[restartedMain] [ClassPathBeanDefinitionScanner:470] - Identified candidate component class: file [C:\develop\KDTgit\codingtest\new-develop\login_cookie\build\classes\java\main\com\mjc813\login_cookie\models\member\MemberService.class]
DEBUG 20260526 20:53:03.777[restartedMain] [ClassPathBeanDefinitionScanner:476] - Ignored because not a concrete top-level class: file [C:\develop\KDTgit\codingtest\new-develop\login_cookie\build\classes\java\main\com\mjc813\login_cookie\models\music\MusicJpaRepository.class]
DEBUG 20260526 20:53:03.778[restartedMain] [ClassPathBeanDefinitionScanner:470] - Identified candidate component class: file [C:\develop\KDTgit\codingtest\new-develop\login_cookie\build\classes\java\main\com\mjc813\login_cookie\models\music\MusicRestController.class]
DEBUG 20260526 20:53:03.779[restartedMain] [ClassPathBeanDefinitionScanner:470] - Identified candidate component class: file [C:\develop\KDTgit\codingtest\new-develop\login_cookie\build\classes\java\main\com\mjc813\login_cookie\models\music\MusicService.class]
INFO  20260526 20:53:04.661[restartedMain] [RepositoryConfigurationDelegate:145] - Bootstrapping Spring Data JPA repositories in DEFAULT mode.
DEBUG 20260526 20:53:04.675[restartedMain] [DefaultListableBeanFactory:306] - Creating shared instance of singleton bean 'org.springframework.boot.autoconfigure.AutoConfigurationPackages'
DEBUG 20260526 20:53:04.686[restartedMain] [AutoConfigurationPackages:219] - @EnableAutoConfiguration was declared on a class in the package 'com.mjc813.login_cookie'. Automatic @Repository and @Entity scanning is enabled.
DEBUG 20260526 20:53:04.688[restartedMain] [RepositoryConfigurationDelegate:155] - Scanning for JPA repositories in packages com.mjc813.login_cookie.
DEBUG 20260526 20:53:04.804[restartedMain] [RepositoryComponentProvider:470] - Identified candidate component class: file [C:\develop\KDTgit\codingtest\new-develop\login_cookie\build\classes\java\main\com\mjc813\login_cookie\models\member\MemberJpaRepository.class]
DEBUG 20260526 20:53:04.805[restartedMain] [RepositoryComponentProvider:470] - Identified candidate component class: file [C:\develop\KDTgit\codingtest\new-develop\login_cookie\build\classes\java\main\com\mjc813\login_cookie\models\music\MusicJpaRepository.class]
INFO  20260526 20:53:04.867[restartedMain] [RepositoryConfigurationDelegate:213] - Finished Spring Data repository scanning in 176 ms. Found 2 JPA repository interfaces.
DEBUG 20260526 20:53:05.069[restartedMain] [DefaultListableBeanFactory:306] - Creating shared instance of singleton bean 'propertySourcesPlaceholderConfigurer'
DEBUG 20260526 20:53:05.079[restartedMain] [DefaultListableBeanFactory:306] - Creating shared instance of singleton bean 'org.springframework.boot.devtools.autoconfigure.DevToolsDataSourceAutoConfiguration$DatabaseShutdownExecutorEntityManagerFactoryDependsOnPostProcessor'
DEBUG 20260526 20:53:05.081[restartedMain] [DefaultListableBeanFactory:306] - Creating shared instance of singleton bean 'org.springframework.boot.sql.init.dependency.DatabaseInitializationDependencyConfigurer$DependsOnDatabaseInitializationPostProcessor'
DEBUG 20260526 20:53:05.122[restartedMain] [DefaultListableBeanFactory:306] - Creating shared instance of singleton bean 'org.springframework.context.event.internalEventListenerProcessor'
DEBUG 20260526 20:53:05.125[restartedMain] [DefaultListableBeanFactory:306] - Creating shared instance of singleton bean 'bootstrapExecutorAliasPostProcessor'
DEBUG 20260526 20:53:05.127[restartedMain] [DefaultListableBeanFactory:306] - Creating shared instance of singleton bean 'preserveErrorControllerTargetClassPostProcessor'
DEBUG 20260526 20:53:05.129[restartedMain] [DefaultListableBeanFactory:306] - Creating shared instance of singleton bean 'org.springframework.context.event.internalEventListenerFactory'
DEBUG 20260526 20:53:05.130[restartedMain] [DefaultListableBeanFactory:306] - Creating shared instance of singleton bean 'org.springframework.transaction.config.internalTransactionalEventListenerFactory'
DEBUG 20260526 20:53:05.136[restartedMain] [DefaultListableBeanFactory:306] - Creating shared instance of singleton bean 'org.springframework.context.annotation.internalAutowiredAnnotationProcessor'
DEBUG 20260526 20:53:05.140[restartedMain] [DefaultListableBeanFactory:306] - Creating shared instance of singleton bean 'org.springframework.context.annotation.internalCommonAnnotationProcessor'
DEBUG 20260526 20:53:05.148[restartedMain] [DefaultListableBeanFactory:306] - Creating shared instance of singleton bean 'org.springframework.context.annotation.internalPersistenceAnnotationProcessor'
DEBUG 20260526 20:53:05.149[restartedMain] [DefaultListableBeanFactory:306] - Creating shared instance of singleton bean 'org.springframework.boot.context.properties.ConfigurationPropertiesBindingPostProcessor'
DEBUG 20260526 20:53:05.149[restartedMain] [DefaultListableBeanFactory:306] - Creating shared instance of singleton bean 'org.springframework.boot.context.internalConfigurationPropertiesBinder'
DEBUG 20260526 20:53:05.153[restartedMain] [DefaultListableBeanFactory:306] - Creating shared instance of singleton bean 'jdbcConnectionDetailsHikariBeanPostProcessor'
DEBUG 20260526 20:53:05.158[restartedMain] [DefaultListableBeanFactory:306] - Creating shared instance of singleton bean 'org.springframework.aop.config.internalAutoProxyCreator'
DEBUG 20260526 20:53:05.177[restartedMain] [DefaultListableBeanFactory:306] - Creating shared instance of singleton bean 'org.springframework.aop.framework.autoproxy.defaultProxyConfig'
DEBUG 20260526 20:53:05.195[restartedMain] [DefaultListableBeanFactory:306] - Creating shared instance of singleton bean 'persistenceExceptionTranslationPostProcessor'
DEBUG 20260526 20:53:05.197[restartedMain] [DefaultListableBeanFactory:953] - Autowiring by type from bean name 'persistenceExceptionTranslationPostProcessor' via factory method to bean named 'environment'
DEBUG 20260526 20:53:05.205[restartedMain] [DefaultListableBeanFactory:306] - Creating shared instance of singleton bean 'projectingArgumentResolverBeanPostProcessor'
DEBUG 20260526 20:53:05.213[restartedMain] [DefaultListableBeanFactory:306] - Creating shared instance of singleton bean 'org.springframework.transaction.config.internalTransactionAdvisor'
DEBUG 20260526 20:53:05.213[restartedMain] [DefaultListableBeanFactory:306] - Creating shared instance of singleton bean 'org.springframework.transaction.annotation.ProxyTransactionManagementConfiguration'
DEBUG 20260526 20:53:05.254[restartedMain] [DefaultListableBeanFactory:306] - Creating shared instance of singleton bean 'transactionAttributeSource'
DEBUG 20260526 20:53:05.261[restartedMain] [DefaultListableBeanFactory:306] - Creating shared instance of singleton bean 'transactionInterceptor'
DEBUG 20260526 20:53:05.262[restartedMain] [DefaultListableBeanFactory:953] - Autowiring by type from bean name 'transactionInterceptor' via factory method to bean named 'transactionAttributeSource'
DEBUG 20260526 20:53:05.276[restartedMain] [DefaultListableBeanFactory:953] - Autowiring by type from bean name 'org.springframework.transaction.config.internalTransactionAdvisor' via factory method to bean named 'transactionAttributeSource'
DEBUG 20260526 20:53:05.276[restartedMain] [DefaultListableBeanFactory:953] - Autowiring by type from bean name 'org.springframework.transaction.config.internalTransactionAdvisor' via factory method to bean named 'transactionInterceptor'
DEBUG 20260526 20:53:05.319[restartedMain] [DefaultListableBeanFactory:306] - Creating shared instance of singleton bean 'webServerFactoryCustomizerBeanPostProcessor'
DEBUG 20260526 20:53:05.320[restartedMain] [DefaultListableBeanFactory:306] - Creating shared instance of singleton bean 'errorPageRegistrarBeanPostProcessor'
DEBUG 20260526 20:53:05.324[restartedMain] [DefaultListableBeanFactory:306] - Creating shared instance of singleton bean 'tomcatServletWebServerFactory'
DEBUG 20260526 20:53:05.324[restartedMain] [DefaultListableBeanFactory:306] - Creating shared instance of singleton bean 'org.springframework.boot.tomcat.autoconfigure.servlet.TomcatServletWebServerAutoConfiguration'
DEBUG 20260526 20:53:05.325[restartedMain] [DefaultListableBeanFactory:306] - Creating shared instance of singleton bean 'server.tomcat-org.springframework.boot.tomcat.autoconfigure.TomcatServerProperties'
DEBUG 20260526 20:53:05.330[restartedMain] [DefaultListableBeanFactory:306] - Creating shared instance of singleton bean 'org.springframework.boot.context.properties.BoundConfigurationProperties'
DEBUG 20260526 20:53:05.351[restartedMain] [DefaultListableBeanFactory:953] - Autowiring by type from bean name 'org.springframework.boot.tomcat.autoconfigure.servlet.TomcatServletWebServerAutoConfiguration' via constructor to bean named 'server.tomcat-org.springframework.boot.tomcat.autoconfigure.TomcatServerProperties'
DEBUG 20260526 20:53:05.407[restartedMain] [DefaultListableBeanFactory:306] - Creating shared instance of singleton bean 'servletWebServerFactoryCustomizer'
DEBUG 20260526 20:53:05.407[restartedMain] [DefaultListableBeanFactory:306] - Creating shared instance of singleton bean 'org.springframework.boot.web.server.autoconfigure.servlet.ServletWebServerConfiguration'
DEBUG 20260526 20:53:05.411[restartedMain] [DefaultListableBeanFactory:306] - Creating shared instance of singleton bean 'server-org.springframework.boot.web.server.autoconfigure.ServerProperties'
DEBUG 20260526 20:53:05.430[restartedMain] [DefaultListableBeanFactory:953] - Autowiring by type from bean name 'servletWebServerFactoryCustomizer' via factory method to bean named 'server-org.springframework.boot.web.server.autoconfigure.ServerProperties'
DEBUG 20260526 20:53:05.434[restartedMain] [DefaultListableBeanFactory:306] - Creating shared instance of singleton bean 'sslBundleRegistry'
DEBUG 20260526 20:53:05.434[restartedMain] [DefaultListableBeanFactory:306] - Creating shared instance of singleton bean 'org.springframework.boot.autoconfigure.ssl.SslAutoConfiguration'
DEBUG 20260526 20:53:05.435[restartedMain] [DefaultListableBeanFactory:306] - Creating shared instance of singleton bean 'spring.ssl-org.springframework.boot.autoconfigure.ssl.SslProperties'
DEBUG 20260526 20:53:05.437[restartedMain] [DefaultListableBeanFactory:953] - Autowiring by type from bean name 'org.springframework.boot.autoconfigure.ssl.SslAutoConfiguration' via constructor to bean named 'org.springframework.boot.web.server.servlet.context.AnnotationConfigServletWebServerApplicationContext@44051fda'
DEBUG 20260526 20:53:05.438[restartedMain] [DefaultListableBeanFactory:953] - Autowiring by type from bean name 'org.springframework.boot.autoconfigure.ssl.SslAutoConfiguration' via constructor to bean named 'spring.ssl-org.springframework.boot.autoconfigure.ssl.SslProperties'
DEBUG 20260526 20:53:05.446[restartedMain] [DefaultListableBeanFactory:306] - Creating shared instance of singleton bean 'sslPropertiesSslBundleRegistrar'
DEBUG 20260526 20:53:05.447[restartedMain] [DefaultListableBeanFactory:306] - Creating shared instance of singleton bean 'fileWatcher'
DEBUG 20260526 20:53:05.449[restartedMain] [DefaultListableBeanFactory:953] - Autowiring by type from bean name 'sslPropertiesSslBundleRegistrar' via factory method to bean named 'fileWatcher'
DEBUG 20260526 20:53:05.465[restartedMain] [DefaultListableBeanFactory:306] - Creating shared instance of singleton bean 'webSocketWebServerCustomizer'
DEBUG 20260526 20:53:05.465[restartedMain] [DefaultListableBeanFactory:306] - Creating shared instance of singleton bean 'org.springframework.boot.tomcat.autoconfigure.TomcatWebServerConfiguration$TomcatWebSocketConfiguration'
DEBUG 20260526 20:53:05.466[restartedMain] [DefaultListableBeanFactory:306] - Creating shared instance of singleton bean 'tomcatWebServerFactoryCustomizer'
DEBUG 20260526 20:53:05.467[restartedMain] [DefaultListableBeanFactory:306] - Creating shared instance of singleton bean 'org.springframework.boot.tomcat.autoconfigure.TomcatWebServerConfiguration'
DEBUG 20260526 20:53:05.468[restartedMain] [DefaultListableBeanFactory:306] - Creating shared instance of singleton bean 'spring.web-org.springframework.boot.autoconfigure.web.WebProperties'
DEBUG 20260526 20:53:05.485[restartedMain] [DefaultListableBeanFactory:953] - Autowiring by type from bean name 'tomcatWebServerFactoryCustomizer' via factory method to bean named 'environment'
DEBUG 20260526 20:53:05.486[restartedMain] [DefaultListableBeanFactory:953] - Autowiring by type from bean name 'tomcatWebServerFactoryCustomizer' via factory method to bean named 'server-org.springframework.boot.web.server.autoconfigure.ServerProperties'
DEBUG 20260526 20:53:05.486[restartedMain] [DefaultListableBeanFactory:953] - Autowiring by type from bean name 'tomcatWebServerFactoryCustomizer' via factory method to bean named 'server.tomcat-org.springframework.boot.tomcat.autoconfigure.TomcatServerProperties'
DEBUG 20260526 20:53:05.486[restartedMain] [DefaultListableBeanFactory:953] - Autowiring by type from bean name 'tomcatWebServerFactoryCustomizer' via factory method to bean named 'spring.web-org.springframework.boot.autoconfigure.web.WebProperties'
DEBUG 20260526 20:53:05.492[restartedMain] [DefaultListableBeanFactory:306] - Creating shared instance of singleton bean 'tomcatServletWebServerFactoryCustomizer'
DEBUG 20260526 20:53:05.493[restartedMain] [DefaultListableBeanFactory:953] - Autowiring by type from bean name 'tomcatServletWebServerFactoryCustomizer' via factory method to bean named 'server.tomcat-org.springframework.boot.tomcat.autoconfigure.TomcatServerProperties'
DEBUG 20260526 20:53:05.535[restartedMain] [DefaultListableBeanFactory:306] - Creating shared instance of singleton bean 'errorPageCustomizer'
DEBUG 20260526 20:53:05.535[restartedMain] [DefaultListableBeanFactory:306] - Creating shared instance of singleton bean 'org.springframework.boot.webmvc.autoconfigure.error.ErrorMvcAutoConfiguration'
DEBUG 20260526 20:53:05.536[restartedMain] [DefaultListableBeanFactory:953] - Autowiring by type from bean name 'org.springframework.boot.webmvc.autoconfigure.error.ErrorMvcAutoConfiguration' via constructor to bean named 'spring.web-org.springframework.boot.autoconfigure.web.WebProperties'
DEBUG 20260526 20:53:05.537[restartedMain] [DefaultListableBeanFactory:306] - Creating shared instance of singleton bean 'dispatcherServletRegistration'
DEBUG 20260526 20:53:05.537[restartedMain] [DefaultListableBeanFactory:306] - Creating shared instance of singleton bean 'org.springframework.boot.webmvc.autoconfigure.DispatcherServletAutoConfiguration$DispatcherServletRegistrationConfiguration'
DEBUG 20260526 20:53:05.537[restartedMain] [DefaultListableBeanFactory:306] - Creating shared instance of singleton bean 'dispatcherServlet'
DEBUG 20260526 20:53:05.539[restartedMain] [DefaultListableBeanFactory:306] - Creating shared instance of singleton bean 'org.springframework.boot.webmvc.autoconfigure.DispatcherServletAutoConfiguration$DispatcherServletConfiguration'
DEBUG 20260526 20:53:05.540[restartedMain] [DefaultListableBeanFactory:306] - Creating shared instance of singleton bean 'spring.mvc-org.springframework.boot.webmvc.autoconfigure.WebMvcProperties'
DEBUG 20260526 20:53:05.544[restartedMain] [DefaultListableBeanFactory:953] - Autowiring by type from bean name 'dispatcherServlet' via factory method to bean named 'spring.mvc-org.springframework.boot.webmvc.autoconfigure.WebMvcProperties'
DEBUG 20260526 20:53:05.562[restartedMain] [DefaultListableBeanFactory:953] - Autowiring by type from bean name 'dispatcherServletRegistration' via factory method to bean named 'dispatcherServlet'
DEBUG 20260526 20:53:05.562[restartedMain] [DefaultListableBeanFactory:953] - Autowiring by type from bean name 'dispatcherServletRegistration' via factory method to bean named 'spring.mvc-org.springframework.boot.webmvc.autoconfigure.WebMvcProperties'
DEBUG 20260526 20:53:05.566[restartedMain] [DefaultListableBeanFactory:306] - Creating shared instance of singleton bean 'multipartConfigElement'
DEBUG 20260526 20:53:05.566[restartedMain] [DefaultListableBeanFactory:306] - Creating shared instance of singleton bean 'org.springframework.boot.servlet.autoconfigure.MultipartAutoConfiguration'
DEBUG 20260526 20:53:05.567[restartedMain] [DefaultListableBeanFactory:306] - Creating shared instance of singleton bean 'spring.servlet.multipart-org.springframework.boot.servlet.autoconfigure.MultipartProperties'
DEBUG 20260526 20:53:05.572[restartedMain] [DefaultListableBeanFactory:953] - Autowiring by type from bean name 'org.springframework.boot.servlet.autoconfigure.MultipartAutoConfiguration' via constructor to bean named 'spring.servlet.multipart-org.springframework.boot.servlet.autoconfigure.MultipartProperties'
DEBUG 20260526 20:53:05.579[restartedMain] [DefaultListableBeanFactory:953] - Autowiring by type from bean name 'errorPageCustomizer' via factory method to bean named 'dispatcherServletRegistration'
DEBUG 20260526 20:53:05.734[restartedMain] [TomcatServletWebServerFactory:82] - Code archive: C:\Users\smd08\.gradle\caches\modules-2\files-2.1\org.springframework.boot\spring-boot-web-server\4.0.6\8a087bc97418b3082fe402b3241260180fa7133e\spring-boot-web-server-4.0.6.jar
DEBUG 20260526 20:53:05.736[restartedMain] [TomcatServletWebServerFactory:126] - Code archive: C:\Users\smd08\.gradle\caches\modules-2\files-2.1\org.springframework.boot\spring-boot-web-server\4.0.6\8a087bc97418b3082fe402b3241260180fa7133e\spring-boot-web-server-4.0.6.jar
DEBUG 20260526 20:53:05.737[restartedMain] [TomcatServletWebServerFactory:150] - None of the document roots [src/main/webapp, public, static] point to a directory and will be ignored.
INFO  20260526 20:53:05.830[restartedMain] [TomcatWebServer:114] - Tomcat initialized with port 8181 (http)
INFO  20260526 20:53:05.854[restartedMain] [Http11NioProtocol:168] - Initializing ProtocolHandler ["http-nio-8181"]
INFO  20260526 20:53:05.858[restartedMain] [StandardService:168] - Starting service [Tomcat]
INFO  20260526 20:53:05.859[restartedMain] [StandardEngine:168] - Starting Servlet engine: [Apache Tomcat/11.0.21]
DEBUG 20260526 20:53:05.992[restartedMain] [WebApplicationContextInitializer:71] - Published root WebApplicationContext as ServletContext attribute with name [org.springframework.web.context.WebApplicationContext.ROOT]
INFO  20260526 20:53:05.993[restartedMain] [WebApplicationContextInitializer:77] - Root WebApplicationContext: initialization completed in 2485 ms
DEBUG 20260526 20:53:06.007[restartedMain] [DefaultListableBeanFactory:306] - Creating shared instance of singleton bean 'requestContextFilter'
DEBUG 20260526 20:53:06.012[restartedMain] [DefaultListableBeanFactory:306] - Creating shared instance of singleton bean 'formContentFilter'
DEBUG 20260526 20:53:06.013[restartedMain] [DefaultListableBeanFactory:306] - Creating shared instance of singleton bean 'org.springframework.boot.webmvc.autoconfigure.WebMvcAutoConfiguration'
DEBUG 20260526 20:53:06.021[restartedMain] [DefaultListableBeanFactory:306] - Creating shared instance of singleton bean 'characterEncodingFilter'
DEBUG 20260526 20:53:06.023[restartedMain] [DefaultListableBeanFactory:306] - Creating shared instance of singleton bean 'org.springframework.boot.servlet.autoconfigure.HttpEncodingAutoConfiguration'
DEBUG 20260526 20:53:06.025[restartedMain] [DefaultListableBeanFactory:306] - Creating shared instance of singleton bean 'spring.servlet.encoding-org.springframework.boot.servlet.autoconfigure.ServletEncodingProperties'
DEBUG 20260526 20:53:06.027[restartedMain] [DefaultListableBeanFactory:953] - Autowiring by type from bean name 'characterEncodingFilter' via factory method to bean named 'spring.servlet.encoding-org.springframework.boot.servlet.autoconfigure.ServletEncodingProperties'
DEBUG 20260526 20:53:06.047[restartedMain] [ServletContextInitializerBeans:255] - Mapping filters: characterEncodingFilter urls=[/*] order=-2147483648, formContentFilter urls=[/*] order=-9900, requestContextFilter urls=[/*] order=-105
DEBUG 20260526 20:53:06.047[restartedMain] [ServletContextInitializerBeans:255] - Mapping servlets: dispatcherServlet urls=[/]
DEBUG 20260526 20:53:06.101[restartedMain] [OrderedRequestContextFilter:236] - Filter 'requestContextFilter' configured for use
DEBUG 20260526 20:53:06.104[restartedMain] [OrderedCharacterEncodingFilter:236] - Filter 'characterEncodingFilter' configured for use
DEBUG 20260526 20:53:06.104[restartedMain] [OrderedFormContentFilter:236] - Filter 'formContentFilter' configured for use
DEBUG 20260526 20:53:06.127[restartedMain] [DefaultListableBeanFactory:306] - Creating shared instance of singleton bean 'applicationTaskExecutor'
DEBUG 20260526 20:53:06.127[restartedMain] [DefaultListableBeanFactory:306] - Creating shared instance of singleton bean 'org.springframework.boot.autoconfigure.task.TaskExecutorConfigurations$TaskExecutorConfiguration'
DEBUG 20260526 20:53:06.128[restartedMain] [DefaultListableBeanFactory:306] - Creating shared instance of singleton bean 'threadPoolTaskExecutorBuilder'
DEBUG 20260526 20:53:06.129[restartedMain] [DefaultListableBeanFactory:306] - Creating shared instance of singleton bean 'org.springframework.boot.autoconfigure.task.TaskExecutorConfigurations$ThreadPoolTaskExecutorBuilderConfiguration'
DEBUG 20260526 20:53:06.132[restartedMain] [DefaultListableBeanFactory:306] - Creating shared instance of singleton bean 'spring.task.execution-org.springframework.boot.autoconfigure.task.TaskExecutionProperties'
DEBUG 20260526 20:53:06.134[restartedMain] [DefaultListableBeanFactory:953] - Autowiring by type from bean name 'threadPoolTaskExecutorBuilder' via factory method to bean named 'spring.task.execution-org.springframework.boot.autoconfigure.task.TaskExecutionProperties'
DEBUG 20260526 20:53:06.138[restartedMain] [DefaultListableBeanFactory:953] - Autowiring by type from bean name 'applicationTaskExecutor' via factory method to bean named 'threadPoolTaskExecutorBuilder'
DEBUG 20260526 20:53:06.148[restartedMain] [ThreadPoolTaskExecutor:300] - Initializing ExecutorService 'applicationTaskExecutor'
DEBUG 20260526 20:53:06.152[restartedMain] [DefaultListableBeanFactory:306] - Creating shared instance of singleton bean 'inMemoryDatabaseShutdownExecutor'
DEBUG 20260526 20:53:06.152[restartedMain] [DefaultListableBeanFactory:306] - Creating shared instance of singleton bean 'org.springframework.boot.devtools.autoconfigure.DevToolsDataSourceAutoConfiguration'
DEBUG 20260526 20:53:06.153[restartedMain] [DefaultListableBeanFactory:306] - Creating shared instance of singleton bean 'dataSource'
DEBUG 20260526 20:53:06.153[restartedMain] [DefaultListableBeanFactory:306] - Creating shared instance of singleton bean 'org.springframework.boot.jdbc.autoconfigure.DataSourceConfiguration$Hikari'
DEBUG 20260526 20:53:06.154[restartedMain] [DefaultListableBeanFactory:306] - Creating shared instance of singleton bean 'spring.datasource-org.springframework.boot.jdbc.autoconfigure.DataSourceProperties'
DEBUG 20260526 20:53:06.166[restartedMain] [DefaultListableBeanFactory:306] - Creating shared instance of singleton bean 'jdbcConnectionDetails'
DEBUG 20260526 20:53:06.166[restartedMain] [DefaultListableBeanFactory:306] - Creating shared instance of singleton bean 'org.springframework.boot.jdbc.autoconfigure.DataSourceAutoConfiguration$PooledDataSourceConfiguration'
DEBUG 20260526 20:53:06.167[restartedMain] [DefaultListableBeanFactory:953] - Autowiring by type from bean name 'jdbcConnectionDetails' via factory method to bean named 'spring.datasource-org.springframework.boot.jdbc.autoconfigure.DataSourceProperties'
DEBUG 20260526 20:53:06.168[restartedMain] [DefaultListableBeanFactory:953] - Autowiring by type from bean name 'dataSource' via factory method to bean named 'spring.datasource-org.springframework.boot.jdbc.autoconfigure.DataSourceProperties'
DEBUG 20260526 20:53:06.169[restartedMain] [DefaultListableBeanFactory:953] - Autowiring by type from bean name 'dataSource' via factory method to bean named 'jdbcConnectionDetails'
DEBUG 20260526 20:53:06.169[restartedMain] [DefaultListableBeanFactory:953] - Autowiring by type from bean name 'dataSource' via factory method to bean named 'environment'
DEBUG 20260526 20:53:06.179[restartedMain] [UtilityElf:279] - Class com.mysql.cj.jdbc.Driver found in Thread context class loader org.springframework.boot.devtools.restart.classloader.RestartClassLoader@32498157
DEBUG 20260526 20:53:06.202[restartedMain] [DefaultListableBeanFactory:953] - Autowiring by type from bean name 'inMemoryDatabaseShutdownExecutor' via factory method to bean named 'dataSource'
DEBUG 20260526 20:53:06.202[restartedMain] [DefaultListableBeanFactory:953] - Autowiring by type from bean name 'inMemoryDatabaseShutdownExecutor' via factory method to bean named 'spring.datasource-org.springframework.boot.jdbc.autoconfigure.DataSourceProperties'
DEBUG 20260526 20:53:06.205[restartedMain] [DefaultListableBeanFactory:306] - Creating shared instance of singleton bean 'dataSourceScriptDatabaseInitializer'
DEBUG 20260526 20:53:06.206[restartedMain] [DefaultListableBeanFactory:306] - Creating shared instance of singleton bean 'org.springframework.boot.jdbc.autoconfigure.DataSourceInitializationAutoConfiguration'
DEBUG 20260526 20:53:06.207[restartedMain] [DefaultListableBeanFactory:306] - Creating shared instance of singleton bean 'spring.sql.init-org.springframework.boot.sql.autoconfigure.init.SqlInitializationProperties'
DEBUG 20260526 20:53:06.209[restartedMain] [DefaultListableBeanFactory:953] - Autowiring by type from bean name 'dataSourceScriptDatabaseInitializer' via factory method to bean named 'dataSource'
DEBUG 20260526 20:53:06.210[restartedMain] [DefaultListableBeanFactory:953] - Autowiring by type from bean name 'dataSourceScriptDatabaseInitializer' via factory method to bean named 'spring.sql.init-org.springframework.boot.sql.autoconfigure.init.SqlInitializationProperties'
DEBUG 20260526 20:53:06.217[restartedMain] [DefaultListableBeanFactory:306] - Creating shared instance of singleton bean 'entityManagerFactory'
DEBUG 20260526 20:53:06.217[restartedMain] [DefaultListableBeanFactory:306] - Creating shared instance of singleton bean 'org.springframework.boot.hibernate.autoconfigure.HibernateJpaConfiguration'
DEBUG 20260526 20:53:06.220[restartedMain] [DefaultListableBeanFactory:306] - Creating shared instance of singleton bean 'spring.jpa-org.springframework.boot.jpa.autoconfigure.JpaProperties'
DEBUG 20260526 20:53:06.224[restartedMain] [DefaultListableBeanFactory:306] - Creating shared instance of singleton bean 'spring.jpa.hibernate-org.springframework.boot.hibernate.autoconfigure.HibernateProperties'
DEBUG 20260526 20:53:06.226[restartedMain] [DefaultListableBeanFactory:953] - Autowiring by type from bean name 'org.springframework.boot.hibernate.autoconfigure.HibernateJpaConfiguration' via constructor to bean named 'dataSource'
DEBUG 20260526 20:53:06.226[restartedMain] [DefaultListableBeanFactory:953] - Autowiring by type from bean name 'org.springframework.boot.hibernate.autoconfigure.HibernateJpaConfiguration' via constructor to bean named 'spring.jpa-org.springframework.boot.jpa.autoconfigure.JpaProperties'
DEBUG 20260526 20:53:06.226[restartedMain] [DefaultListableBeanFactory:953] - Autowiring by type from bean name 'org.springframework.boot.hibernate.autoconfigure.HibernateJpaConfiguration' via constructor to bean named 'org.springframework.beans.factory.support.DefaultListableBeanFactory@6d30acb6'
DEBUG 20260526 20:53:06.226[restartedMain] [DefaultListableBeanFactory:953] - Autowiring by type from bean name 'org.springframework.boot.hibernate.autoconfigure.HibernateJpaConfiguration' via constructor to bean named 'spring.jpa.hibernate-org.springframework.boot.hibernate.autoconfigure.HibernateProperties'
DEBUG 20260526 20:53:06.233[restartedMain] [DefaultListableBeanFactory:306] - Creating shared instance of singleton bean 'hikariPoolDataSourceMetadataProvider'
DEBUG 20260526 20:53:06.233[restartedMain] [DefaultListableBeanFactory:306] - Creating shared instance of singleton bean 'org.springframework.boot.jdbc.autoconfigure.DataSourcePoolMetadataProvidersConfiguration$HikariPoolDataSourceMetadataProviderConfiguration'
DEBUG 20260526 20:53:06.241[restartedMain] [DefaultListableBeanFactory:306] - Creating shared instance of singleton bean 'entityManagerFactoryBuilder'
DEBUG 20260526 20:53:06.243[restartedMain] [DefaultListableBeanFactory:306] - Creating shared instance of singleton bean 'jpaVendorAdapter'
DEBUG 20260526 20:53:06.311[restartedMain] [DefaultListableBeanFactory:953] - Autowiring by type from bean name 'entityManagerFactoryBuilder' via factory method to bean named 'jpaVendorAdapter'
DEBUG 20260526 20:53:06.316[restartedMain] [DefaultListableBeanFactory:306] - Creating shared instance of singleton bean 'persistenceManagedTypes'
DEBUG 20260526 20:53:06.318[restartedMain] [DefaultListableBeanFactory:953] - Autowiring by type from bean name 'persistenceManagedTypes' via factory method to bean named 'org.springframework.beans.factory.support.DefaultListableBeanFactory@6d30acb6'
DEBUG 20260526 20:53:06.318[restartedMain] [DefaultListableBeanFactory:953] - Autowiring by type from bean name 'persistenceManagedTypes' via factory method to bean named 'org.springframework.boot.web.server.servlet.context.AnnotationConfigServletWebServerApplicationContext@44051fda'
DEBUG 20260526 20:53:06.335[restartedMain] [DefaultListableBeanFactory:953] - Autowiring by type from bean name 'entityManagerFactory' via factory method to bean named 'entityManagerFactoryBuilder'
DEBUG 20260526 20:53:06.336[restartedMain] [DefaultListableBeanFactory:953] - Autowiring by type from bean name 'entityManagerFactory' via factory method to bean named 'persistenceManagedTypes'
DEBUG 20260526 20:53:06.378[restartedMain] [LocalContainerEntityManagerFactoryBean:439] - Building JPA container EntityManagerFactory for persistence unit 'default'
DEBUG 20260526 20:53:06.401[restartedMain] [logging:164] - Logging Provider: org.jboss.logging.Slf4jLoggerProvider found via system property
DEBUG 20260526 20:53:06.405[restartedMain] [jpa:99] - HHH008541: PersistenceUnitInfo [
	name: default
	persistence provider classname: null
	classloader: org.springframework.boot.devtools.restart.classloader.RestartClassLoader@32498157
	excludeUnlistedClasses: true
	JTA datasource: null
	Non JTA datasource: HikariDataSource (null)
	Transaction type: RESOURCE_LOCAL
	PU root URL: file:/C:/develop/KDTgit/codingtest/new-develop/login_cookie/build/classes/java/main/
	Shared Cache Mode: UNSPECIFIED
	Validation Mode: AUTO
	Jar files URLs []
	Managed classes names [
		com.mjc813.login_cookie.models.member.MemberEntity
		com.mjc813.login_cookie.models.music.MusicEntity]
	Mapping files names []
	Properties []
DEBUG 20260526 20:53:06.466[restartedMain] [service:41] - HHH010455: Adding integrator: org.hibernate.boot.beanvalidation.BeanValidationIntegrator
DEBUG 20260526 20:53:06.470[restartedMain] [service:41] - HHH010455: Adding integrator: org.hibernate.cache.internal.CollectionCacheInvalidator
INFO  20260526 20:53:06.545[restartedMain] [core:41] - HHH000001: Hibernate ORM core version 7.2.12.Final
DEBUG 20260526 20:53:06.550[restartedMain] [core:155] - HHH000206: 'hibernate.properties' not found
DEBUG 20260526 20:53:06.615[restartedMain] [SpringBeanContainer:159] - Falling back to Hibernate's default producer after bean creation failure for interface org.hibernate.engine.jdbc.connections.spi.MultiTenantConnectionProvider: org.springframework.beans.factory.BeanCreationException: Error creating bean with name 'org.hibernate.engine.jdbc.connections.spi.MultiTenantConnectionProvider': Failed to instantiate [org.hibernate.engine.jdbc.connections.spi.MultiTenantConnectionProvider]: Specified class is an interface
DEBUG 20260526 20:53:06.626[restartedMain] [cache:116] - HHH90001031: Cannot default RegionFactory since no RegionFactory strategies were registered
DEBUG 20260526 20:53:06.630[restartedMain] [cache:46] - HHH90001029: Second-level cache disabled
INFO  20260526 20:53:07.680[restartedMain] [SpringPersistenceUnitInfo:129] - No LoadTimeWeaver setup: ignoring JPA class transformer
DEBUG 20260526 20:53:07.773[restartedMain] [HikariConfig:1161] - HikariPool-1 - configuration:
DEBUG 20260526 20:53:07.777[restartedMain] [HikariConfig:1193] - allowPoolSuspension.............false
DEBUG 20260526 20:53:07.778[restartedMain] [HikariConfig:1193] - autoCommit......................true
DEBUG 20260526 20:53:07.779[restartedMain] [HikariConfig:1193] - catalog.........................none
DEBUG 20260526 20:53:07.779[restartedMain] [HikariConfig:1193] - connectionInitSql...............none
DEBUG 20260526 20:53:07.780[restartedMain] [HikariConfig:1193] - connectionTestQuery.............none
DEBUG 20260526 20:53:07.781[restartedMain] [HikariConfig:1193] - connectionTimeout...............30000
DEBUG 20260526 20:53:07.782[restartedMain] [HikariConfig:1193] - credentials.....................com.zaxxer.hikari.util.Credentials@53e5579
DEBUG 20260526 20:53:07.783[restartedMain] [HikariConfig:1193] - credentialsProvider.............none
DEBUG 20260526 20:53:07.784[restartedMain] [HikariConfig:1193] - credentialsProviderClassName....none
DEBUG 20260526 20:53:07.785[restartedMain] [HikariConfig:1193] - dataSource......................none
DEBUG 20260526 20:53:07.786[restartedMain] [HikariConfig:1193] - dataSourceClassName.............none
DEBUG 20260526 20:53:07.787[restartedMain] [HikariConfig:1193] - dataSourceJNDI..................none
DEBUG 20260526 20:53:07.788[restartedMain] [HikariConfig:1193] - dataSourceProperties............{password=<masked>}
DEBUG 20260526 20:53:07.789[restartedMain] [HikariConfig:1193] - driverClassName................."com.mysql.cj.jdbc.Driver"
DEBUG 20260526 20:53:07.790[restartedMain] [HikariConfig:1193] - exceptionOverride...............none
DEBUG 20260526 20:53:07.790[restartedMain] [HikariConfig:1193] - exceptionOverrideClassName......none
DEBUG 20260526 20:53:07.790[restartedMain] [HikariConfig:1193] - healthCheckProperties...........{}
DEBUG 20260526 20:53:07.791[restartedMain] [HikariConfig:1193] - healthCheckRegistry.............none
DEBUG 20260526 20:53:07.791[restartedMain] [HikariConfig:1193] - idleTimeout.....................600000
DEBUG 20260526 20:53:07.791[restartedMain] [HikariConfig:1193] - initializationFailTimeout.......1
DEBUG 20260526 20:53:07.792[restartedMain] [HikariConfig:1193] - isolateInternalQueries..........false
DEBUG 20260526 20:53:07.792[restartedMain] [HikariConfig:1193] - jdbcUrl.........................jdbc:mysql://localhost:3306/auth_db?serverTimezone=Asia/Seoul&characterEncoding=UTF-8
DEBUG 20260526 20:53:07.792[restartedMain] [HikariConfig:1193] - keepaliveTime...................120000
DEBUG 20260526 20:53:07.792[restartedMain] [HikariConfig:1193] - leakDetectionThreshold..........0
DEBUG 20260526 20:53:07.794[restartedMain] [HikariConfig:1193] - maxLifetime.....................1800000
DEBUG 20260526 20:53:07.794[restartedMain] [HikariConfig:1193] - maximumPoolSize.................10
DEBUG 20260526 20:53:07.794[restartedMain] [HikariConfig:1193] - metricRegistry..................none
DEBUG 20260526 20:53:07.795[restartedMain] [HikariConfig:1193] - metricsTrackerFactory...........none
DEBUG 20260526 20:53:07.795[restartedMain] [HikariConfig:1193] - minimumIdle.....................10
DEBUG 20260526 20:53:07.795[restartedMain] [HikariConfig:1193] - password........................<masked>
DEBUG 20260526 20:53:07.796[restartedMain] [HikariConfig:1193] - poolName........................"HikariPool-1"
DEBUG 20260526 20:53:07.797[restartedMain] [HikariConfig:1193] - readOnly........................false
DEBUG 20260526 20:53:07.797[restartedMain] [HikariConfig:1193] - registerMbeans..................false
DEBUG 20260526 20:53:07.797[restartedMain] [HikariConfig:1193] - scheduledExecutor...............none
DEBUG 20260526 20:53:07.798[restartedMain] [HikariConfig:1193] - schema..........................none
DEBUG 20260526 20:53:07.798[restartedMain] [HikariConfig:1193] - threadFactory...................internal
DEBUG 20260526 20:53:07.798[restartedMain] [HikariConfig:1193] - transactionIsolation............default
DEBUG 20260526 20:53:07.798[restartedMain] [HikariConfig:1193] - username........................"auth_user"
DEBUG 20260526 20:53:07.800[restartedMain] [HikariConfig:1193] - validationTimeout...............5000
INFO  20260526 20:53:07.800[restartedMain] [HikariDataSource:109] - HikariPool-1 - Starting...
DEBUG 20260526 20:53:07.840[restartedMain] [PoolBase:371] - HikariPool-1 - Attempting to create/setup new connection (00c8999a-0d21-48a1-8f64-d51128f50f95)
DEBUG 20260526 20:53:08.585[restartedMain] [PoolBase:383] - HikariPool-1 - Established new connection (00c8999a-0d21-48a1-8f64-d51128f50f95)
INFO  20260526 20:53:08.587[restartedMain] [HikariPool:580] - HikariPool-1 - Added connection com.mysql.cj.jdbc.ConnectionImpl@66468996
INFO  20260526 20:53:08.592[restartedMain] [HikariDataSource:122] - HikariPool-1 - Start completed.
DEBUG 20260526 20:53:08.599[restartedMain] [jdbc:457] - HHH100017: Database:
	name: MySQL
	version: 8.4.5
	major: 8
	minor: 4
DEBUG 20260526 20:53:08.599[restartedMain] [jdbc:463] - HHH100018: Driver:
	name: MySQL Connector/J
	version: mysql-connector-j-9.7.0 (Revision: 0aade1f13bcc98faf7dda5c02e782481eb291f62)
	major: 9
	minor: 7
	JDBC version: 4.2
DEBUG 20260526 20:53:08.693[HikariPool-1:housekeeper] [HikariPool:422] - HikariPool-1 - Pool stats (total=1/10, idle=0/10, active=1, waiting=0)
DEBUG 20260526 20:53:08.695[HikariPool-1:connection-adder] [PoolBase:371] - HikariPool-1 - Attempting to create/setup new connection (5df50238-9f6f-4036-9771-f4332305164c)
DEBUG 20260526 20:53:08.726[restartedMain] [dialect:93] - HHH035001: Using dialect: org.hibernate.dialect.MySQLDialect, version: 8.4.5
DEBUG 20260526 20:53:08.734[restartedMain] [IdentifierHelperBuilder:205] - IdentifierCaseStrategy for both quoted and unquoted identifiers was set to the same strategy [MIXED]; that will likely lead to problems in schema update and validation if using quoted identifiers
DEBUG 20260526 20:53:08.737[HikariPool-1:connection-adder] [PoolBase:383] - HikariPool-1 - Established new connection (5df50238-9f6f-4036-9771-f4332305164c)
DEBUG 20260526 20:53:08.738[HikariPool-1:connection-adder] [HikariPool:756] - HikariPool-1 - Added connection com.mysql.cj.jdbc.ConnectionImpl@60f3a848
DEBUG 20260526 20:53:08.754[restartedMain] [jdbc:379] - HHH100122: Using default JDBC fetch size: 0
INFO  20260526 20:53:08.765[restartedMain] [pooling:179] - HHH10001005: Database info:
	Database JDBC URL [jdbc:mysql://localhost:3306/auth_db?serverTimezone=Asia/Seoul&characterEncoding=UTF-8]
	Database driver: MySQL Connector/J
	Database dialect: MySQLDialect
	Database version: 8.4.5
	Default catalog/schema: auth_db/undefined
	Autocommit mode: undefined/unknown
	Isolation level: REPEATABLE_READ [default REPEATABLE_READ]
	JDBC fetch size: none
	Pool: DataSourceConnectionProvider
	Minimum pool size: undefined/unknown
	Maximum pool size: undefined/unknown
DEBUG 20260526 20:53:08.771[HikariPool-1:connection-adder] [HikariPool:422] - HikariPool-1 - After adding stats (total=2/10, idle=2/10, active=0, waiting=0)
DEBUG 20260526 20:53:08.771[HikariPool-1:connection-adder] [PoolBase:371] - HikariPool-1 - Attempting to create/setup new connection (4c0e162c-d11e-451d-a9f2-afe230134064)
DEBUG 20260526 20:53:08.829[HikariPool-1:connection-adder] [PoolBase:383] - HikariPool-1 - Established new connection (4c0e162c-d11e-451d-a9f2-afe230134064)
DEBUG 20260526 20:53:08.829[HikariPool-1:connection-adder] [HikariPool:756] - HikariPool-1 - Added connection com.mysql.cj.jdbc.ConnectionImpl@7fdf6708
DEBUG 20260526 20:53:08.865[HikariPool-1:connection-adder] [HikariPool:422] - HikariPool-1 - After adding stats (total=3/10, idle=3/10, active=0, waiting=0)
DEBUG 20260526 20:53:08.865[HikariPool-1:connection-adder] [PoolBase:371] - HikariPool-1 - Attempting to create/setup new connection (c7aa502f-d99b-478d-b13c-2004feb90c68)
DEBUG 20260526 20:53:08.931[HikariPool-1:connection-adder] [PoolBase:383] - HikariPool-1 - Established new connection (c7aa502f-d99b-478d-b13c-2004feb90c68)
DEBUG 20260526 20:53:08.932[HikariPool-1:connection-adder] [HikariPool:756] - HikariPool-1 - Added connection com.mysql.cj.jdbc.ConnectionImpl@568c1003
DEBUG 20260526 20:53:08.972[HikariPool-1:connection-adder] [HikariPool:422] - HikariPool-1 - After adding stats (total=4/10, idle=4/10, active=0, waiting=0)
DEBUG 20260526 20:53:08.972[HikariPool-1:connection-adder] [PoolBase:371] - HikariPool-1 - Attempting to create/setup new connection (ae86e20e-7f36-43dd-b1eb-a3cd6cc702b9)
DEBUG 20260526 20:53:09.037[HikariPool-1:connection-adder] [PoolBase:383] - HikariPool-1 - Established new connection (ae86e20e-7f36-43dd-b1eb-a3cd6cc702b9)
DEBUG 20260526 20:53:09.038[HikariPool-1:connection-adder] [HikariPool:756] - HikariPool-1 - Added connection com.mysql.cj.jdbc.ConnectionImpl@7f67bdc6
DEBUG 20260526 20:53:09.080[HikariPool-1:connection-adder] [HikariPool:422] - HikariPool-1 - After adding stats (total=5/10, idle=5/10, active=0, waiting=0)
DEBUG 20260526 20:53:09.081[HikariPool-1:connection-adder] [PoolBase:371] - HikariPool-1 - Attempting to create/setup new connection (b4ba0432-411a-4e79-a5bd-7537f6ee78b3)
DEBUG 20260526 20:53:09.121[HikariPool-1:connection-adder] [PoolBase:383] - HikariPool-1 - Established new connection (b4ba0432-411a-4e79-a5bd-7537f6ee78b3)
DEBUG 20260526 20:53:09.121[HikariPool-1:connection-adder] [HikariPool:756] - HikariPool-1 - Added connection com.mysql.cj.jdbc.ConnectionImpl@f88d2c3
DEBUG 20260526 20:53:09.157[HikariPool-1:connection-adder] [HikariPool:422] - HikariPool-1 - After adding stats (total=6/10, idle=6/10, active=0, waiting=0)
DEBUG 20260526 20:53:09.158[HikariPool-1:connection-adder] [PoolBase:371] - HikariPool-1 - Attempting to create/setup new connection (e753d6c5-a158-4ee1-9392-d4f6b8b4d999)
DEBUG 20260526 20:53:09.194[HikariPool-1:connection-adder] [PoolBase:383] - HikariPool-1 - Established new connection (e753d6c5-a158-4ee1-9392-d4f6b8b4d999)
DEBUG 20260526 20:53:09.195[HikariPool-1:connection-adder] [HikariPool:756] - HikariPool-1 - Added connection com.mysql.cj.jdbc.ConnectionImpl@7d301cd
DEBUG 20260526 20:53:09.227[restartedMain] [SpringBeanContainer:159] - Falling back to Hibernate's default producer after bean creation failure for interface org.hibernate.context.spi.CurrentTenantIdentifierResolver: org.springframework.beans.factory.NoSuchBeanDefinitionException: No qualifying bean of type 'org.hibernate.context.spi.CurrentTenantIdentifierResolver<?>' available
DEBUG 20260526 20:53:09.228[restartedMain] [SpringBeanContainer:159] - Falling back to Hibernate's default producer after bean creation failure for interface org.hibernate.context.spi.TenantSchemaMapper: org.springframework.beans.factory.NoSuchBeanDefinitionException: No qualifying bean of type 'org.hibernate.context.spi.TenantSchemaMapper<?>' available
DEBUG 20260526 20:53:09.235[HikariPool-1:connection-adder] [HikariPool:422] - HikariPool-1 - After adding stats (total=7/10, idle=7/10, active=0, waiting=0)
DEBUG 20260526 20:53:09.235[HikariPool-1:connection-adder] [PoolBase:371] - HikariPool-1 - Attempting to create/setup new connection (f345f899-1269-46c4-b842-40ff5939b08c)
DEBUG 20260526 20:53:09.271[HikariPool-1:connection-adder] [PoolBase:383] - HikariPool-1 - Established new connection (f345f899-1269-46c4-b842-40ff5939b08c)
DEBUG 20260526 20:53:09.272[HikariPool-1:connection-adder] [HikariPool:756] - HikariPool-1 - Added connection com.mysql.cj.jdbc.ConnectionImpl@21d8b41c
DEBUG 20260526 20:53:09.312[HikariPool-1:connection-adder] [HikariPool:422] - HikariPool-1 - After adding stats (total=8/10, idle=8/10, active=0, waiting=0)
DEBUG 20260526 20:53:09.312[HikariPool-1:connection-adder] [PoolBase:371] - HikariPool-1 - Attempting to create/setup new connection (b5ebd382-f801-4fb3-b569-2aea76dfd678)
DEBUG 20260526 20:53:09.346[HikariPool-1:connection-adder] [PoolBase:383] - HikariPool-1 - Established new connection (b5ebd382-f801-4fb3-b569-2aea76dfd678)
DEBUG 20260526 20:53:09.347[HikariPool-1:connection-adder] [HikariPool:756] - HikariPool-1 - Added connection com.mysql.cj.jdbc.ConnectionImpl@741e2b2e
DEBUG 20260526 20:53:09.389[HikariPool-1:connection-adder] [HikariPool:422] - HikariPool-1 - After adding stats (total=9/10, idle=9/10, active=0, waiting=0)
DEBUG 20260526 20:53:09.390[HikariPool-1:connection-adder] [PoolBase:371] - HikariPool-1 - Attempting to create/setup new connection (7009fb86-c658-4487-9ac0-f167d5bb94ef)
DEBUG 20260526 20:53:09.390[restartedMain] [factory:230] - HHH90020001: Instantiating factory [19a1a4ce-087c-4451-b16a-845288d6560e] with settings: {hibernate.format_sql=true, java.specification.version=21, sun.cpu.isalist=amd64, hibernate.resource.beans.container=org.springframework.orm.jpa.hibernate.SpringBeanContainer@a6c0583, sun.jnu.encoding=MS949, hibernate.implicit_naming_strategy=org.springframework.boot.hibernate.SpringImplicitNamingStrategy, kotlinx.coroutines.debug.enable.mutable.state.flows.stack.trace=true, sun.arch.data.model=64, java.vendor.url=https://adoptium.net/, catalina.useNaming=false, APPLICATION_NAME=login_cookie, sun.boot.library.path=C:\Users\smd08\.jdks\temurin-21.0.10\bin, sun.java.command=com.mjc813.login_cookie.LoginCookieApplication, jdk.debug=release, spring.liveBeansView.mbeanDomain=, sun.stderr.encoding=UTF-8, java.specification.vendor=Oracle Corporation, java.version.date=2026-01-20, java.home=C:\Users\smd08\.jdks\temurin-21.0.10, file.separator=\, java.vm.compressedOopsMode=32-bit, sun.stdout.encoding=UTF-8, line.separator=
, hibernate.persistenceUnitName=default, java.vm.specification.vendor=Oracle Corporation, java.specification.name=Java Platform API Specification, intellij.debug.agent=true, hibernate.transaction.coordinator_class=class org.hibernate.resource.transaction.backend.jdbc.internal.JdbcResourceLocalTransactionCoordinatorBuilderImpl, hibernate.hbm2ddl.auto=update, user.script=, sun.management.compiler=HotSpot 64-Bit Tiered Compilers, java.runtime.version=21.0.10+7-LTS, user.name=smd08, management.endpoints.jmx.exposure.include=*, file.encoding=UTF-8, java.vendor.version=Temurin-21.0.10+7, java.io.tmpdir=C:\Users\smd08\AppData\Local\Temp\, java.version=21.0.10, jboss.modules.system.pkgs=com.intellij.rt, java.vm.specification.name=Java Virtual Machine Specification, PID=8980, sun.os.patch.level=, CONSOLE_LOG_CHARSET=UTF-8, native.encoding=MS949, kotlinx.coroutines.debug.enable.flows.stack.trace=true, java.library.path=C:\Users\smd08\.jdks\temurin-21.0.10\bin;C:\WINDOWS\Sun\Java\bin;C:\WINDOWS\system32;C:\WINDOWS;C:\Program Files\MySQL\MySQL Server 8.0\bin;C:\WINDOWS\system32;C:\WINDOWS;C:\WINDOWS\System32\Wbem;C:\App\jdk-25.0.1+8\bin;C:\WINDOWS\System32\WindowsPowerShell\v1.0\;C:\WINDOWS\System32\OpenSSH\;C:\Program Files\java\jdk-11.0.0.2\bin;C:\java\jdk-11.0.0.2\bin;C:\Program Files\Git\cmd;C:\Program Files (x86)\Windows Kits\10\Windows Performance Toolkit\;C:\App\;C:\Program Files\Docker\Docker\resources\bin;C:\Users\smd08\AppData\Local\Programs\Python\Python313\Scripts\;C:\Users\smd08\AppData\Local\Programs\Python\Python313\;C:\Users\smd08\AppData\Local\Programs\Python\Python314\Scripts\;C:\Users\smd08\AppData\Local\Programs\Python\Python314\;C:\Users\smd08\AppData\Local\Microsoft\WindowsApps;C:\ProgramData\smd08\atom\bin;C:\Users\smd08\AppData\Local\Programs\Microsoft VS Code\bin;C:\Users\smd08\AppData\Local\SOOP;C:\Users\smd08\AppData\Local\Microsoft\WindowsApps;C:\Users\smd08\AppData\Local\Programs\Python\Python311\;C:\Users\smd08\AppData\Local\Programs\Python\Python311\Scripts\;C:\Users\smd08\AppData\Local\GitHubDesktop\bin;C:\App\Fiddler;C:\App\apache-tomcat-9.0.117\bin;;., stderr.encoding=UTF-8, java.vendor=Eclipse Adoptium, java.rmi.server.randomIDs=true, sun.io.unicode.encoding=UnicodeLittle, hibernate.archive.scanner=org.hibernate.boot.archive.scan.internal.DisabledScanner, debugger.agent.enable.coroutines=true, LOGGED_APPLICATION_NAME=[login_cookie] , dialect=org.hibernate.dialect.MySQL8InnoDBDialect, hibernate.connection.handling_mode=DELAYED_ACQUISITION_AND_HOLD, java.class.path=C:\develop\KDTgit\codingtest\new-develop\login_cookie\build\classes\java\main;C:\develop\KDTgit\codingtest\new-develop\login_cookie\build\resources\main;C:\Users\smd08\.gradle\caches\modules-2\files-2.1\org.projectlombok\lombok\1.18.46\a5cfe99fdf320e84955ef653f2ce1bf789d11385\lombok-1.18.46.jar;C:\Users\smd08\.gradle\caches\modules-2\files-2.1\org.springframework.boot\spring-boot-starter-data-jpa\4.0.6\7ae183d29edb5b8583685ea71021105eafc99ad9\spring-boot-starter-data-jpa-4.0.6.jar;C:\Users\smd08\.gradle\caches\modules-2\files-2.1\org.springframework.boot\spring-boot-starter-mustache\4.0.6\3aff1cc324124c0fb37895ea3615dec29fc17057\spring-boot-starter-mustache-4.0.6.jar;C:\Users\smd08\.gradle\caches\modules-2\files-2.1\org.springframework.boot\spring-boot-starter-webmvc\4.0.6\a7ac55e4eb7cf4d2931557135f90870003641290\spring-boot-starter-webmvc-4.0.6.jar;C:\Users\smd08\.gradle\caches\modules-2\files-2.1\org.springframework.boot\spring-boot-starter-mail\4.0.6\4fe4bd5d867be3e3b29d6ccb5ccbcdc2b76170a3\spring-boot-starter-mail-4.0.6.jar;C:\Users\smd08\.gradle\caches\modules-2\files-2.1\org.springframework.boot\spring-boot-starter-jdbc\4.0.6\134232052dcbf089ff52e37aea3ae81c9448c746\spring-boot-starter-jdbc-4.0.6.jar;C:\Users\smd08\.gradle\caches\modules-2\files-2.1\org.springframework.boot\spring-boot-starter\4.0.6\589f058443a5ca53cf38253fa05aa69dd0e87e0e\spring-boot-starter-4.0.6.jar;C:\Users\smd08\.gradle\caches\modules-2\files-2.1\org.springframework.boot\spring-boot-data-jpa\4.0.6\e4f73ed89d180378acdad704b1b88d8cfd191862\spring-boot-data-jpa-4.0.6.jar;C:\Users\smd08\.gradle\caches\modules-2\files-2.1\org.springframework.boot\spring-boot-jdbc\4.0.6\fd649f51a6cef57b011167676f67ccfd51901932\spring-boot-jdbc-4.0.6.jar;C:\Users\smd08\.gradle\caches\modules-2\files-2.1\org.springframework.boot\spring-boot-mustache\4.0.6\1de60d1fc79f47445d5dface56980480d5a441d2\spring-boot-mustache-4.0.6.jar;C:\Users\smd08\.gradle\caches\modules-2\files-2.1\org.springframework.boot\spring-boot-starter-jackson\4.0.6\38895733cded8ac4007d7ee028e3bf1f718514f1\spring-boot-starter-jackson-4.0.6.jar;C:\Users\smd08\.gradle\caches\modules-2\files-2.1\org.springframework.boot\spring-boot-starter-tomcat\4.0.6\b646e4b063dacdf5079efcfa685c4a8803ff4ac1\spring-boot-starter-tomcat-4.0.6.jar;C:\Users\smd08\.gradle\caches\modules-2\files-2.1\org.springframework.boot\spring-boot-http-converter\4.0.6\2e880be042b7543e6767d99a8f5777d41e92be93\spring-boot-http-converter-4.0.6.jar;C:\Users\smd08\.gradle\caches\modules-2\files-2.1\org.springframework.boot\spring-boot-webmvc\4.0.6\2a5877540d8f8bd4df5071d1848fc0a30384117b\spring-boot-webmvc-4.0.6.jar;C:\Users\smd08\.gradle\caches\modules-2\files-2.1\org.springframework.boot\spring-boot-mail\4.0.6\66e859dd1827de6def1c54c30012b4ae30801f24\spring-boot-mail-4.0.6.jar;C:\Users\smd08\.gradle\caches\modules-2\files-2.1\com.zaxxer\HikariCP\7.0.2\c2b43c946b86a14a96342379e22b004c56c6166d\HikariCP-7.0.2.jar;C:\Users\smd08\.gradle\caches\modules-2\files-2.1\org.springframework.boot\spring-boot-starter-logging\4.0.6\eb85ce7bf1c9bdc660a267d9cb481470609bac30\spring-boot-starter-logging-4.0.6.jar;C:\Users\smd08\.gradle\caches\modules-2\files-2.1\org.springframework.boot\spring-boot-autoconfigure\4.0.6\95db07bd446a6bc10e791a1502a0c542a81872d1\spring-boot-autoconfigure-4.0.6.jar;C:\Users\smd08\.gradle\caches\modules-2\files-2.1\jakarta.annotation\jakarta.annotation-api\3.0.0\54f928fadec906a99d558536756d171917b9d936\jakarta.annotation-api-3.0.0.jar;C:\Users\smd08\.gradle\caches\modules-2\files-2.1\org.yaml\snakeyaml\2.5\2d53ddec134280cb384c1e35d094e5f71c1f2316\snakeyaml-2.5.jar;C:\Users\smd08\.gradle\caches\modules-2\files-2.1\org.springframework.boot\spring-boot-hibernate\4.0.6\1583369af62ba1e587e6f82c8c95dff5694e63b\spring-boot-hibernate-4.0.6.jar;C:\Users\smd08\.gradle\caches\modules-2\files-2.1\org.springframework.data\spring-data-jpa\4.0.5\fbb375863a4deb4df21b803756b97b767e18559a\spring-data-jpa-4.0.5.jar;C:\Users\smd08\.gradle\caches\modules-2\files-2.1\org.springframework.boot\spring-boot-data-commons\4.0.6\4702c0e63d5164330fbaef7a5e55d0d173cc3ab9\spring-boot-data-commons-4.0.6.jar;C:\Users\smd08\.gradle\caches\modules-2\files-2.1\org.springframework\spring-aspects\7.0.7\e507bc50ddca9ee54c37191f9c96e5f491459d3c\spring-aspects-7.0.7.jar;C:\Users\smd08\.gradle\caches\modules-2\files-2.1\org.springframework.boot\spring-boot-sql\4.0.6\2526bc5a53f0ca3c029a4c02a1360a25c9e226d4\spring-boot-sql-4.0.6.jar;C:\Users\smd08\.gradle\caches\modules-2\files-2.1\org.springframework.boot\spring-boot-transaction\4.0.6\c7ebf15df555b5e8895e936609b1afa0ba2c1264\spring-boot-transaction-4.0.6.jar;C:\Users\smd08\.gradle\caches\modules-2\files-2.1\org.springframework.boot\spring-boot\4.0.6\5bcc4d77a2ff7d18274f2394b5eea1d658e46305\spring-boot-4.0.6.jar;C:\Users\smd08\.gradle\caches\modules-2\files-2.1\org.springframework\spring-jdbc\7.0.7\7369c7cc321b649f291c6222e5982d75878845c5\spring-jdbc-7.0.7.jar;C:\Users\smd08\.gradle\caches\modules-2\files-2.1\com.samskivert\jmustache\1.16\979c7145a406b83bf28da32531f88a34c2d2919c\jmustache-1.16.jar;C:\Users\smd08\.gradle\caches\modules-2\files-2.1\org.springframework\spring-web\7.0.7\8c6ba7dd1ef6a3d9246b08885185806426daa7ec\spring-web-7.0.7.jar;C:\Users\smd08\.gradle\caches\modules-2\files-2.1\org.springframework.boot\spring-boot-jackson\4.0.6\506bcf91451a44789dd5d9ef1855d524069140ef\spring-boot-jackson-4.0.6.jar;C:\Users\smd08\.gradle\caches\modules-2\files-2.1\org.springframework.boot\spring-boot-starter-tomcat-runtime\4.0.6\93cb616795ce25f7fd58ef3d1dcc8c3ed2d82578\spring-boot-starter-tomcat-runtime-4.0.6.jar;C:\Users\smd08\.gradle\caches\modules-2\files-2.1\org.springframework.boot\spring-boot-tomcat\4.0.6\46bcbbdd2bddd2a6932bbdcf9ac2d943a83f0629\spring-boot-tomcat-4.0.6.jar;C:\Users\smd08\.gradle\caches\modules-2\files-2.1\org.springframework.boot\spring-boot-servlet\4.0.6\8a1d703662d560a7826c61a908f5307e795cb370\spring-boot-servlet-4.0.6.jar;C:\Users\smd08\.gradle\caches\modules-2\files-2.1\org.springframework\spring-webmvc\7.0.7\5d7758ed288cda1eacae4b96defb9eed3a7e561d\spring-webmvc-7.0.7.jar;C:\Users\smd08\.gradle\caches\modules-2\files-2.1\org.springframework\spring-context-support\7.0.7\22df8ea5093b7e040848616eff0ca557ee7da8e6\spring-context-support-7.0.7.jar;C:\Users\smd08\.gradle\caches\modules-2\files-2.1\jakarta.mail\jakarta.mail-api\2.1.5\be9b3b677ed6083f575c437ebc442a6a4bd2b931\jakarta.mail-api-2.1.5.jar;C:\Users\smd08\.gradle\caches\modules-2\files-2.1\org.slf4j\slf4j-api\2.0.17\d9e58ac9c7779ba3bf8142aff6c830617a7fe60f\slf4j-api-2.0.17.jar;C:\Users\smd08\.gradle\caches\modules-2\files-2.1\ch.qos.logback\logback-classic\1.5.32\2b1042c50f508f2eb402bd4d22ccbdf94cc37d2e\logback-classic-1.5.32.jar;C:\Users\smd08\.gradle\caches\modules-2\files-2.1\org.apache.logging.log4j\log4j-to-slf4j\2.25.4\68df56640a5d245192e91bd2ac89e504b477cc10\log4j-to-slf4j-2.25.4.jar;C:\Users\smd08\.gradle\caches\modules-2\files-2.1\org.slf4j\jul-to-slf4j\2.0.17\524cb6ccc2b68a57604750e1ab8b13b5a786a6aa\jul-to-slf4j-2.0.17.jar;C:\Users\smd08\.gradle\caches\modules-2\files-2.1\org.springframework.boot\spring-boot-jpa\4.0.6\2298c83f9e4473998fe1c695d42f3fcc161f6eb3\spring-boot-jpa-4.0.6.jar;C:\Users\smd08\.gradle\caches\modules-2\files-2.1\org.springframework\spring-orm\7.0.7\c5f883ce3bf4407a8c86751e3fa3a2fac4482626\spring-orm-7.0.7.jar;C:\Users\smd08\.gradle\caches\modules-2\files-2.1\org.hibernate.orm\hibernate-core\7.2.12.Final\9e10d41a4cd7fbb045cb978676dffe23a0adf1e0\hibernate-core-7.2.12.Final.jar;C:\Users\smd08\.gradle\caches\modules-2\files-2.1\org.springframework.data\spring-data-commons\4.0.5\eed2c7272ba1b13456124949a2bdcbd035ab1154\spring-data-commons-4.0.5.jar;C:\Users\smd08\.gradle\caches\modules-2\files-2.1\org.springframework\spring-context\7.0.7\bd71294ceaa815abcdbbf5e116c9382103845139\spring-context-7.0.7.jar;C:\Users\smd08\.gradle\caches\modules-2\files-2.1\org.springframework\spring-aop\7.0.7\21045648cc638653fb872da3b3fdd50b1cb7b370\spring-aop-7.0.7.jar;C:\Users\smd08\.gradle\caches\modules-2\files-2.1\org.springframework\spring-tx\7.0.7\c398a2ab7706e16c90be33ff9eaafcb2872d73bf\spring-tx-7.0.7.jar;C:\Users\smd08\.gradle\caches\modules-2\files-2.1\org.springframework\spring-beans\7.0.7\1278f23233223c480880b62234c96fb3545ba104\spring-beans-7.0.7.jar;C:\Users\smd08\.gradle\caches\modules-2\files-2.1\org.springframework\spring-core\7.0.7\4f85340fd463031cd93a0629a0323bb467ae51aa\spring-core-7.0.7.jar;C:\Users\smd08\.gradle\caches\modules-2\files-2.1\org.antlr\antlr4-runtime\4.13.2\fc3db6d844df652a3d5db31c87fa12757f13691d\antlr4-runtime-4.13.2.jar;C:\Users\smd08\.gradle\caches\modules-2\files-2.1\org.springframework.boot\spring-boot-persistence\4.0.6\43caab2de2aeaf4a7ae9aa5c5e049722697c06a2\spring-boot-persistence-4.0.6.jar;C:\Users\smd08\.gradle\caches\modules-2\files-2.1\org.aspectj\aspectjweaver\1.9.25.1\a713c790da4d794c7dfb542b550d4e44898d5e23\aspectjweaver-1.9.25.1.jar;C:\Users\smd08\.gradle\caches\modules-2\files-2.1\io.micrometer\micrometer-observation\1.16.5\9dff48a7a9dd84d9083e30a36855bb21a7d6836e\micrometer-observation-1.16.5.jar;C:\Users\smd08\.gradle\caches\modules-2\files-2.1\tools.jackson.core\jackson-databind\3.1.2\2550e04829fc14566ddab7b9564ba886a9c6a532\jackson-databind-3.1.2.jar;C:\Users\smd08\.gradle\caches\modules-2\files-2.1\org.springframework.boot\spring-boot-web-server\4.0.6\8a087bc97418b3082fe402b3241260180fa7133e\spring-boot-web-server-4.0.6.jar;C:\Users\smd08\.gradle\caches\modules-2\files-2.1\org.apache.tomcat.embed\tomcat-embed-websocket\11.0.21\abed2f9a4a8d7e8b8dfe492b1c6e58ea73825db\tomcat-embed-websocket-11.0.21.jar;C:\Users\smd08\.gradle\caches\modules-2\files-2.1\org.apache.tomcat.embed\tomcat-embed-core\11.0.21\6d53989fe9f9416eb1295a9c53c7b6fb8e3c04bb\tomcat-embed-core-11.0.21.jar;C:\Users\smd08\.gradle\caches\modules-2\files-2.1\org.apache.tomcat.embed\tomcat-embed-el\11.0.21\ab5200daf4fac467fa0e73598cdc10de6ce1c139\tomcat-embed-el-11.0.21.jar;C:\Users\smd08\.gradle\caches\modules-2\files-2.1\org.springframework\spring-expression\7.0.7\90c3dc3174244786c33eb3a2be8c5006cfc7389b\spring-expression-7.0.7.jar;C:\Users\smd08\.gradle\caches\modules-2\files-2.1\jakarta.activation\jakarta.activation-api\2.1.4\9e5c2a0d75dde71a0bedc4dbdbe47b78a5dc50f8\jakarta.activation-api-2.1.4.jar;C:\Users\smd08\.gradle\caches\modules-2\files-2.1\ch.qos.logback\logback-core\1.5.32\fdfb3ff9a842303d4a95207294a6c6bc64e2605d\logback-core-1.5.32.jar;C:\Users\smd08\.gradle\caches\modules-2\files-2.1\org.apache.logging.log4j\log4j-api\2.25.4\89ff2217b193fb187b134aa6ebcbfa8a28b018a9\log4j-api-2.25.4.jar;C:\Users\smd08\.gradle\caches\modules-2\files-2.1\org.jspecify\jspecify\1.0.0\7425a601c1c7ec76645a78d22b8c6a627edee507\jspecify-1.0.0.jar;C:\Users\smd08\.gradle\caches\modules-2\files-2.1\biz.aQute.bnd\biz.aQute.bnd.annotation\7.1.0\2f2be18c936d08cf46ea6cfa0043f34afdf38705\biz.aQute.bnd.annotation-7.1.0.jar;C:\Users\smd08\.gradle\caches\modules-2\files-2.1\com.google.errorprone\error_prone_annotations\2.38.0\fc0ae991433e8590ba51cd558421478318a74c8c\error_prone_annotations-2.38.0.jar;C:\Users\smd08\.gradle\caches\modules-2\files-2.1\org.osgi\org.osgi.annotation.bundle\2.0.0\f5c2cd6e670c3c5d440d3003efd5ef2ead5c68eb\org.osgi.annotation.bundle-2.0.0.jar;C:\Users\smd08\.gradle\caches\modules-2\files-2.1\org.osgi\org.osgi.annotation.versioning\1.1.2\dc3cd4ec96c0b3c5459fe00694bd73a816ecf93e\org.osgi.annotation.versioning-1.1.2.jar;C:\Users\smd08\.gradle\caches\modules-2\files-2.1\jakarta.persistence\jakarta.persistence-api\3.2.0\bb75a113f3fa191c2c7ee7b206d8e674251b3129\jakarta.persistence-api-3.2.0.jar;C:\Users\smd08\.gradle\caches\modules-2\files-2.1\jakarta.transaction\jakarta.transaction-api\2.0.1\51a520e3fae406abb84e2e1148e6746ce3f80a1a\jakarta.transaction-api-2.0.1.jar;C:\Users\smd08\.gradle\caches\modules-2\files-2.1\commons-logging\commons-logging\1.3.6\63e78ca6cd446c0ad166d14f03ed99e7efb3896d\commons-logging-1.3.6.jar;C:\Users\smd08\.gradle\caches\modules-2\files-2.1\io.micrometer\micrometer-commons\1.16.5\f8c25a4e35d5049d41d8446b111b9891ae407881\micrometer-commons-1.16.5.jar;C:\Users\smd08\.gradle\caches\modules-2\files-2.1\tools.jackson.core\jackson-core\3.1.2\d0da2e67ffb0b7cf5aba0436b315aa3eb3eb37ca\jackson-core-3.1.2.jar;C:\Users\smd08\.gradle\caches\modules-2\files-2.1\com.fasterxml.jackson.core\jackson-annotations\2.21\b1bc1868bf02dc0bd6c7836257a036a331005309\jackson-annotations-2.21.jar;C:\Users\smd08\.gradle\caches\modules-2\files-2.1\org.osgi\org.osgi.resource\1.0.0\343c88949132984b3f2d4175a72c40b77dc65619\org.osgi.resource-1.0.0.jar;C:\Users\smd08\.gradle\caches\modules-2\files-2.1\org.osgi\org.osgi.service.serviceloader\1.0.0\3728ff37909c6a3c1870b3e851342d9f2bd3cc63\org.osgi.service.serviceloader-1.0.0.jar;C:\Users\smd08\.gradle\caches\modules-2\files-2.1\org.springframework.boot\spring-boot-devtools\4.0.6\2f45ebafbfc961cf55d4aa4a49bc1637bd6d0d2\spring-boot-devtools-4.0.6.jar;C:\Users\smd08\.gradle\caches\modules-2\files-2.1\com.mysql\mysql-connector-j\9.7.0\4e6e3e8765e4a9d0609744b3e8fe75afe1b98cba\mysql-connector-j-9.7.0.jar;C:\Users\smd08\.gradle\caches\modules-2\files-2.1\org.eclipse.angus\angus-mail\2.0.5\427f6d52ec0782f7efaca0c0732042e347a6cb4f\angus-mail-2.0.5.jar;C:\Users\smd08\.gradle\caches\modules-2\files-2.1\org.eclipse.angus\angus-activation\2.0.3\7f80607ea5014fef0b1779e6c33d63a88a45a563\angus-activation-2.0.3.jar;C:\Users\smd08\.gradle\caches\modules-2\files-2.1\org.glassfish.jaxb\jaxb-runtime\4.0.6\fb95ebb62564657b2fedfe165b859789ef3a8711\jaxb-runtime-4.0.6.jar;C:\Users\smd08\.gradle\caches\modules-2\files-2.1\jakarta.xml.bind\jakarta.xml.bind-api\4.0.4\d6d2327f3817d9a33a3b6b8f2e15a96bc2e7afdc\jakarta.xml.bind-api-4.0.4.jar;C:\Users\smd08\.gradle\caches\modules-2\files-2.1\org.hibernate.models\hibernate-models\1.0.1\3158c5f9309494b905de62c72f6f02d108aea651\hibernate-models-1.0.1.jar;C:\Users\smd08\.gradle\caches\modules-2\files-2.1\org.jboss.logging\jboss-logging\3.6.3.Final\1cc9f976725720bb4a66f80af3e3aa6b9890d969\jboss-logging-3.6.3.Final.jar;C:\Users\smd08\.gradle\caches\modules-2\files-2.1\com.fasterxml\classmate\1.7.3\f61c7e7b81e9249b0f6a05914eff9d54fb09f4a0\classmate-1.7.3.jar;C:\Users\smd08\.gradle\caches\modules-2\files-2.1\net.bytebuddy\byte-buddy\1.17.8\af5735f63d00ca47a9375fae5c7471a36331c6ed\byte-buddy-1.17.8.jar;C:\Users\smd08\.gradle\caches\modules-2\files-2.1\jakarta.inject\jakarta.inject-api\2.0.1\4c28afe1991a941d7702fe1362c365f0a8641d1e\jakarta.inject-api-2.0.1.jar;C:\Users\smd08\.gradle\caches\modules-2\files-2.1\org.glassfish.jaxb\jaxb-core\4.0.6\8e61282303777fc98a00cc3affd0560d68748a75\jaxb-core-4.0.6.jar;C:\Users\smd08\.gradle\caches\modules-2\files-2.1\org.glassfish.jaxb\txw2\4.0.6\4f4cd53b5ff9a2c5aa1211f15ed2569c57dfb044\txw2-4.0.6.jar;C:\Users\smd08\.gradle\caches\modules-2\files-2.1\com.sun.istack\istack-commons-runtime\4.1.2\18ec117c85f3ba0ac65409136afa8e42bc74e739\istack-commons-runtime-4.1.2.jar;C:\Program Files\JetBrains\IntelliJ IDEA 2024.3.5\lib\idea_rt.jar, java.vm.vendor=Eclipse Adoptium, user.variant=, user.timezone=Asia/Seoul, jakarta.persistence.sharedCache.mode=UNSPECIFIED, org.jboss.logging.provider=slf4j, java.vm.specification.version=21, os.name=Windows 11, jakarta.persistence.nonJtaDataSource=HikariDataSource (HikariPool-1), sun.java.launcher=SUN_STANDARD, user.country=KR, spring.application.admin.enabled=true, javax.persistence.nonJtaDataSource=HikariDataSource (HikariPool-1), hibernate.transaction.jta.platform=org.hibernate.engine.transaction.jta.platform.internal.NoJtaPlatform@18757065, com.sun.management.jmxremote=, sun.cpu.endian=little, hibernate.cdi.extensions=true, user.home=C:\Users\smd08, user.language=ko, spring.output.ansi.enabled=always, FILE_LOG_CHARSET=UTF-8, java.awt.headless=true, jakarta.persistence.validation.mode=AUTO, spring.jmx.enabled=true, stdout.encoding=UTF-8, path.separator=;, kotlinx.coroutines.debug.enable.creation.stack.trace=false, os.version=10.0, java.runtime.name=OpenJDK Runtime Environment, java.vm.name=OpenJDK 64-Bit Server VM, java.vendor.url.bug=https://github.com/adoptium/adoptium-support/issues, catalina.home=C:\Users\smd08\AppData\Local\Temp\tomcat.8181.823668687605439435, hibernate.physical_naming_strategy=org.hibernate.boot.model.naming.PhysicalNamingStrategyStandardImpl, user.dir=C:\develop\KDTgit\codingtest\new-develop\login_cookie, os.arch=amd64, catalina.base=C:\Users\smd08\AppData\Local\Temp\tomcat.8181.823668687605439435, hibernate.boot.CfgXmlAccessService.key=org.hibernate.boot.registry.StandardServiceRegistryBuilder$1@2117d49b, java.vm.info=mixed mode, emulated-client, sharing, java.vm.version=21.0.10+7-LTS, debugger.async.stack.trace.for.all.threads=true, hibernate.connection.datasource=HikariDataSource (HikariPool-1), java.class.version=65.0}
DEBUG 20260526 20:53:09.420[HikariPool-1:connection-adder] [PoolBase:383] - HikariPool-1 - Established new connection (7009fb86-c658-4487-9ac0-f167d5bb94ef)
DEBUG 20260526 20:53:09.420[HikariPool-1:connection-adder] [HikariPool:756] - HikariPool-1 - Added connection com.mysql.cj.jdbc.ConnectionImpl@76c74f70
DEBUG 20260526 20:53:09.466[HikariPool-1:connection-adder] [HikariPool:422] - HikariPool-1 - After adding stats (total=10/10, idle=10/10, active=0, waiting=0)
DEBUG 20260526 20:53:09.466[HikariPool-1:connection-adder] [HikariPool:422] - HikariPool-1 - Connection not added, stats (total=10/10, idle=10/10, active=0, waiting=0)
DEBUG 20260526 20:53:09.585[restartedMain] [HQL_FUNCTIONS:155] - Available HQL Functions:
	abs(NUMERIC arg)
	Double acos(NUMERIC arg)
	adddate(DATE datetime, INTEGER days)
	addtime(TIME datetime, TIME time)
	Boolean any(BOOLEAN arg)
	Integer ascii(STRING arg)
	Double asin(NUMERIC arg)
	Double atan(NUMERIC arg)
	Double atan2(NUMERIC arg0, NUMERIC arg1)
	avg(arg)
	bit_and(arg)
	Integer bit_length(STRING_OR_CLOB arg)
	bit_or(arg)
	bitand(arg0, arg1)
	bitnot(arg)
	bitor(arg0, arg1)
	bitxor(arg0, arg1)
	cast(arg as Type)
	ceiling(NUMERIC arg)
	Character char(INTEGER arg)
	Integer character_length(STRING_OR_CLOB arg)
	Character chr(INTEGER arg)
	coalesce(arg0[, arg1[, ...]])
	String collate(STRING string as COLLATION collation)
	String concat(STRING string0[, STRING string1[, ...]])
	Double cos(NUMERIC arg)
	Double cosh(NUMERIC arg)
	Double cot(NUMERIC arg)
	Long count([distinct ]{arg|*})
	Integer crc32(arg)
	Double cume_dist([arg0[, ...]])
	Date curdate()
	Date current date
	Time current time
	Timestamp current timestamp
	Date current_date
	Instant current_instant
	Time current_time
	Timestamp current_timestamp
	Time curtime()
	Date date(arg)
	dateadd(TEMPORAL_UNIT field, INTEGER magnitude, TEMPORAL datetime)
	Integer datediff(DATE end, DATE start)
	Integer day(DATE arg)
	String dayname(DATE arg)
	Integer dayofmonth(DATE arg)
	Integer dayofweek(DATE arg)
	Integer dayofyear(DATE arg)
	Double degrees(NUMERIC arg)
	Long dense_rank([arg0[, ...]])
	Boolean every(BOOLEAN arg)
	Double exp(NUMERIC arg)
	extract(TEMPORAL_UNIT field from TEMPORAL arg)
	first_valueANY value
	floor(NUMERIC arg)
	String format(TEMPORAL datetime as STRING pattern)
	greatest(COMPARABLE arg0, COMPARABLE arg1[, arg2[, ...]])
	String hex(arg)
	Integer hour(TIME arg)
	ifnull(arg0, arg1)
	String insert(STRING string, INTEGER start, INTEGER length, STRING replacement)
	Instant instant
	Integer instr(STRING string, STRING pattern[, INTEGER start[, INTEGER occurrence]])
	String json_array([arg0[, ...]])
	String json_array_append(IMPLICIT_JSON arg0, STRING arg1, ANY arg2)
	String json_array_insert(IMPLICIT_JSON arg0, STRING arg1, ANY arg2)
	String json_arrayagg(arg0[, arg1])
	Boolean json_exists(IMPLICIT_JSON arg0, STRING arg1)
	String json_insert(IMPLICIT_JSON arg0, STRING arg1, ANY arg2)
	String json_mergepatch(IMPLICIT_JSON arg0, IMPLICIT_JSON arg1[, arg2[, ...]])
	String json_object( ... )
	String json_objectagg(arg0, arg1[, arg2, arg3])
	String json_query( ... )
	String json_remove(IMPLICIT_JSON arg0, STRING arg1)
	String json_replace(IMPLICIT_JSON arg0, STRING arg1, ANY arg2)
	String json_set(IMPLICIT_JSON arg0, STRING arg1, ANY arg2)
	json_value( ... )
	lagANY value[, INTEGER offset[, ANY default]]
	Date last_day(DATE arg)
	last_valueANY value
	leadANY value[, INTEGER offset[, ANY default]]
	least(COMPARABLE arg0, COMPARABLE arg1[, arg2[, ...]])
	String left(STRING string, INTEGER length)
	Integer length(STRING_OR_CLOB arg)
	String listagg(STRING arg0, STRING arg1)
	Double ln(NUMERIC arg)
	LocalDate local date
	LocalDateTime local datetime
	LocalTime local time
	LocalDate local_date
	LocalDateTime local_datetime
	LocalTime local_time
	Time localtime
	Timestamp localtimestamp
	Integer locate(STRING pattern, STRING string[, INTEGER start])
	Double log(NUMERIC arg0[, NUMERIC arg1])
	Double log10(NUMERIC arg)
	Double log2(NUMERIC arg)
	String lower(STRING string)
	String lpad(string, length[, padding])
	String ltrim(STRING string[, STRING characters])
	Date makedate(INTEGER year, INTEGER dayofyear)
	Time maketime(INTEGER hour, INTEGER min, INTEGER sec)
	max(COMPARABLE arg)
	byte[] md5(arg)
	Integer microsecond(TIME arg)
	min(COMPARABLE arg)
	Integer minute(TIME arg)
	Integer mod(INTEGER arg0, INTEGER arg1)
	Integer month(DATE arg)
	String monthname(DATE arg)
	Timestamp now()
	nth_valueANY value, INTEGER nth
	nullif(arg0, arg1)
	Integer octet_length(STRING_OR_CLOB arg)
	OffsetDateTime offset datetime
	OffsetDateTime offset_datetime
	Integer ordinal(ENUM arg)
	String overlay(STRING string placing STRING replacement from INTEGER start[ for INTEGER length])
	String pad(STRING string with INTEGER length {leading|trailing}[ STRING character])
	Double percent_rank([arg0[, ...]])
	Double pi
	Integer position(STRING pattern in STRING string)
	Double power(NUMERIC arg0, NUMERIC arg1)
	Integer quarter(DATE arg)
	Double radians(NUMERIC arg)
	Double rand([INTEGER seed])
	Long rank([arg0[, ...]])
	Boolean regexp_like(STRING arg0, STRING arg1[, STRING arg2])
	String repeat(STRING string, INTEGER times)
	String replace(STRING string, STRING pattern, STRING replacement)
	String reverse(STRING arg)
	String right(STRING string, INTEGER length)
	round(NUMERIC number[, INTEGER places])
	Long row_number()
	String rpad(string, length[, padding])
	String rtrim(STRING string[, STRING characters])
	Integer second(TIME arg)
	byte[] sha(arg)
	String sha1(arg)
	String sha2(arg0, arg1)
	Integer sign(NUMERIC arg)
	Double sin(NUMERIC arg)
	Double sinh(NUMERIC arg)
	String soundex(arg)
	String space(INTEGER arg)
	sql
	Double sqrt(NUMERIC arg)
	Double stddev(NUMERIC arg)
	Double stddev_pop(NUMERIC arg)
	Double stddev_samp(NUMERIC arg)
	String str(arg)
	String string(ENUM arg)
	subdate(DATE datetime, INTEGER days)
	String substr(STRING string, INTEGER start[, INTEGER length])
	String substring(STRING string{ from|,} INTEGER start[{ for|,} INTEGER length])
	subtime(TIME datetime, TIME time)
	sum(arg)
	Timestamp sysdate()
	Double tan(NUMERIC arg)
	Double tanh(NUMERIC arg)
	String time(arg)
	Timestamp timestamp(arg0[, arg1])
	timestampadd(TEMPORAL_UNIT field, INTEGER magnitude, TEMPORAL datetime)
	Long|Double timestampdiff(TEMPORAL_UNIT field, TEMPORAL start, TEMPORAL end)
	String trim([[{leading|trailing|both} ][STRING arg0 ]from] STRING arg1)
	trunc( ... )
	truncate( ... )
	String upper(STRING string)
	Date utc_date
	Time utc_time
	Timestamp utc_timestamp
	Double var_pop(NUMERIC arg)
	Double var_samp(NUMERIC arg)
	Double variance(NUMERIC arg)
	Integer week(DATE arg)
	Integer year(DATE arg)

DEBUG 20260526 20:53:10.150[restartedMain] [core:211] - HHH000513: Unable to create the ReflectionOptimizer for [com.mjc813.login_cookie.models.music.MusicEntity]: private accessor [artist]
DEBUG 20260526 20:53:10.189[restartedMain] [core:211] - HHH000513: Unable to create the ReflectionOptimizer for [com.mjc813.login_cookie.models.member.MemberEntity]: private accessor [createDt]
INFO  20260526 20:53:10.601[restartedMain] [core:53] - HHH000489: No JTA platform available (set 'hibernate.transaction.jta.platform' to enable JTA platform integration)
DEBUG 20260526 20:53:10.619[restartedMain] [service:102] - HHH010454: EventListenerRegistry access via ServiceRegistry is deprecated - use 'sessionFactory.getEventEngine().getListenerRegistry()' instead
DEBUG 20260526 20:53:10.750[restartedMain] [SQL:126] - 
    alter table member 
       add column valid_text varchar(100)
DEBUG 20260526 20:53:11.158[restartedMain] [SQL:126] - 
    create table music (
        id bigint not null auto_increment,
        artist varchar(100) not null,
        playtime varchar(5) not null,
        title varchar(100) not null,
        primary key (id)
    ) engine=InnoDB
DEBUG 20260526 20:53:11.209[restartedMain] [factoryRegistry:86] - HHH020384: Registering SessionFactory [19a1a4ce-087c-4451-b16a-845288d6560e] (default)
INFO  20260526 20:53:11.210[restartedMain] [LocalContainerEntityManagerFactoryBean:464] - Initialized JPA EntityManagerFactory for persistence unit 'default'
DEBUG 20260526 20:53:11.267[restartedMain] [DefaultListableBeanFactory:306] - Creating shared instance of singleton bean 'loginCookieApplication'
DEBUG 20260526 20:53:11.268[restartedMain] [DefaultListableBeanFactory:306] - Creating shared instance of singleton bean 'authService'
DEBUG 20260526 20:53:11.274[restartedMain] [DefaultListableBeanFactory:306] - Creating shared instance of singleton bean 'memberJpaRepository'
DEBUG 20260526 20:53:11.286[restartedMain] [DefaultListableBeanFactory:306] - Creating shared instance of singleton bean 'jpa.named-queries#0'
DEBUG 20260526 20:53:11.290[restartedMain] [DefaultListableBeanFactory:306] - Creating shared instance of singleton bean 'jpa.MemberJpaRepository.fragments#0'
DEBUG 20260526 20:53:11.297[restartedMain] [DefaultListableBeanFactory:306] - Creating shared instance of singleton bean 'jpaSharedEM_entityManagerFactory'
DEBUG 20260526 20:53:11.316[restartedMain] [DefaultListableBeanFactory:306] - Creating shared instance of singleton bean 'jpaMappingContext'
DEBUG 20260526 20:53:11.317[restartedMain] [JpaMetamodelMappingContextFactoryBean:66] - Initializing JpaMetamodelMappingContext…
DEBUG 20260526 20:53:11.354[restartedMain] [JpaMetamodelMappingContextFactoryBean:73] - Finished initializing JpaMetamodelMappingContext
INFO  20260526 20:53:11.502[restartedMain] [QueryEnhancerFactories:48] - Hibernate is in classpath; If applicable, HQL parser will be used.
DEBUG 20260526 20:53:11.553[restartedMain] [CachedIntrospectionResults:164] - Not strongly caching class [com.mjc813.login_cookie.models.member.MemberEntity] because it is not cache-safe
DEBUG 20260526 20:53:11.601[restartedMain] [RepositoryFactorySupport:311] - Initializing repository instance for com.mjc813.login_cookie.models.member.MemberJpaRepository…
DEBUG 20260526 20:53:11.714[restartedMain] [NamedQuery:168] - Looking up named query 'MemberEntity.findBySignId'
DEBUG 20260526 20:53:11.714[restartedMain] [core:151] - HHH006588: Opening session [tenant=null]
DEBUG 20260526 20:53:11.812[restartedMain] [metrics:277] - HHH000401: Logging session metrics:
	0 ns acquiring 0 JDBC connections
	0 ns releasing 0 JDBC connections
	0 ns preparing 0 JDBC statements
	0 ns executing 0 JDBC statements
	0 ns executing 0 JDBC batches
	0 ns performing 0 second-level cache puts
	0 ns performing 0 second-level cache hits
	0 ns performing 0 second-level cache misses
	0 ns executing 0 flushes (flushing a total of 0 entities and 0 collections)
	0 ns executing 0 pre-partial-flushes
	0 ns executing 0 partial-flushes (flushing a total of 0 entities and 0 collections)

DEBUG 20260526 20:53:11.812[restartedMain] [NamedQuery:148] - Did not find named query MemberEntity.findBySignId
DEBUG 20260526 20:53:11.847[restartedMain] [RepositoryFactorySupport:425] - Finished creation of repository instance for com.mjc813.login_cookie.models.member.MemberJpaRepository.
DEBUG 20260526 20:53:11.856[restartedMain] [DefaultListableBeanFactory:306] - Creating shared instance of singleton bean 'cookieSignRestController'
DEBUG 20260526 20:53:11.864[restartedMain] [DefaultListableBeanFactory:306] - Creating shared instance of singleton bean 'memberService'
DEBUG 20260526 20:53:11.867[restartedMain] [DefaultListableBeanFactory:306] - Creating shared instance of singleton bean 'mailService'
DEBUG 20260526 20:53:11.870[restartedMain] [DefaultListableBeanFactory:306] - Creating shared instance of singleton bean 'mailSender'
DEBUG 20260526 20:53:11.870[restartedMain] [DefaultListableBeanFactory:306] - Creating shared instance of singleton bean 'org.springframework.boot.mail.autoconfigure.MailSenderPropertiesConfiguration'
DEBUG 20260526 20:53:11.872[restartedMain] [DefaultListableBeanFactory:306] - Creating shared instance of singleton bean 'spring.mail-org.springframework.boot.mail.autoconfigure.MailProperties'
DEBUG 20260526 20:53:11.875[restartedMain] [DefaultListableBeanFactory:953] - Autowiring by type from bean name 'mailSender' via factory method to bean named 'spring.mail-org.springframework.boot.mail.autoconfigure.MailProperties'
DEBUG 20260526 20:53:11.908[restartedMain] [DefaultListableBeanFactory:306] - Creating shared instance of singleton bean 'mustacheCompiler'
DEBUG 20260526 20:53:11.909[restartedMain] [DefaultListableBeanFactory:306] - Creating shared instance of singleton bean 'org.springframework.boot.mustache.autoconfigure.MustacheAutoConfiguration'
DEBUG 20260526 20:53:11.909[restartedMain] [DefaultListableBeanFactory:306] - Creating shared instance of singleton bean 'spring.mustache-org.springframework.boot.mustache.autoconfigure.MustacheProperties'
DEBUG 20260526 20:53:11.915[restartedMain] [DefaultListableBeanFactory:953] - Autowiring by type from bean name 'org.springframework.boot.mustache.autoconfigure.MustacheAutoConfiguration' via constructor to bean named 'spring.mustache-org.springframework.boot.mustache.autoconfigure.MustacheProperties'
DEBUG 20260526 20:53:11.915[restartedMain] [DefaultListableBeanFactory:953] - Autowiring by type from bean name 'org.springframework.boot.mustache.autoconfigure.MustacheAutoConfiguration' via constructor to bean named 'org.springframework.boot.web.server.servlet.context.AnnotationConfigServletWebServerApplicationContext@44051fda'
DEBUG 20260526 20:53:11.917[restartedMain] [DefaultListableBeanFactory:306] - Creating shared instance of singleton bean 'mustacheTemplateLoader'
DEBUG 20260526 20:53:11.918[restartedMain] [DefaultListableBeanFactory:953] - Autowiring by type from bean name 'mustacheCompiler' via factory method to bean named 'mustacheTemplateLoader'
DEBUG 20260526 20:53:11.939[restartedMain] [DefaultListableBeanFactory:306] - Creating shared instance of singleton bean 'cookieTestController'
DEBUG 20260526 20:53:11.942[restartedMain] [DefaultListableBeanFactory:306] - Creating shared instance of singleton bean 'menuController'
DEBUG 20260526 20:53:11.945[restartedMain] [DefaultListableBeanFactory:306] - Creating shared instance of singleton bean 'commonExceptionHandler'
DEBUG 20260526 20:53:11.948[restartedMain] [DefaultListableBeanFactory:306] - Creating shared instance of singleton bean 'memberController'
DEBUG 20260526 20:53:11.948[restartedMain] [DefaultListableBeanFactory:306] - Creating shared instance of singleton bean 'memberRestController'
DEBUG 20260526 20:53:11.950[restartedMain] [DefaultListableBeanFactory:306] - Creating shared instance of singleton bean 'musicRestController'
DEBUG 20260526 20:53:11.953[restartedMain] [DefaultListableBeanFactory:306] - Creating shared instance of singleton bean 'musicService'
DEBUG 20260526 20:53:11.955[restartedMain] [DefaultListableBeanFactory:306] - Creating shared instance of singleton bean 'musicJpaRepository'
DEBUG 20260526 20:53:11.957[restartedMain] [DefaultListableBeanFactory:306] - Creating shared instance of singleton bean 'jpa.named-queries#1'
DEBUG 20260526 20:53:11.959[restartedMain] [DefaultListableBeanFactory:306] - Creating shared instance of singleton bean 'jpa.MusicJpaRepository.fragments#0'
DEBUG 20260526 20:53:11.962[restartedMain] [CachedIntrospectionResults:164] - Not strongly caching class [com.mjc813.login_cookie.models.music.MusicEntity] because it is not cache-safe
DEBUG 20260526 20:53:11.966[restartedMain] [RepositoryFactorySupport:311] - Initializing repository instance for com.mjc813.login_cookie.models.music.MusicJpaRepository…
DEBUG 20260526 20:53:11.971[restartedMain] [RepositoryFactorySupport:425] - Finished creation of repository instance for com.mjc813.login_cookie.models.music.MusicJpaRepository.
DEBUG 20260526 20:53:11.973[restartedMain] [DefaultListableBeanFactory:306] - Creating shared instance of singleton bean 'org.springframework.boot.autoconfigure.context.PropertyPlaceholderAutoConfiguration'
DEBUG 20260526 20:53:11.973[restartedMain] [DefaultListableBeanFactory:306] - Creating shared instance of singleton bean 'org.springframework.boot.context.properties.EnableConfigurationPropertiesRegistrar.methodValidationExcludeFilter'
DEBUG 20260526 20:53:11.976[restartedMain] [DefaultListableBeanFactory:306] - Creating shared instance of singleton bean 'org.springframework.boot.webmvc.autoconfigure.DispatcherServletAutoConfiguration'
DEBUG 20260526 20:53:11.977[restartedMain] [DefaultListableBeanFactory:306] - Creating shared instance of singleton bean 'org.springframework.boot.autoconfigure.task.TaskExecutorConfigurations$SimpleAsyncTaskExecutorBuilderConfiguration'
DEBUG 20260526 20:53:11.979[restartedMain] [DefaultListableBeanFactory:953] - Autowiring by type from bean name 'org.springframework.boot.autoconfigure.task.TaskExecutorConfigurations$SimpleAsyncTaskExecutorBuilderConfiguration' via constructor to bean named 'spring.task.execution-org.springframework.boot.autoconfigure.task.TaskExecutionProperties'
DEBUG 20260526 20:53:11.980[restartedMain] [DefaultListableBeanFactory:306] - Creating shared instance of singleton bean 'simpleAsyncTaskExecutorBuilder'
DEBUG 20260526 20:53:11.986[restartedMain] [DefaultListableBeanFactory:306] - Creating shared instance of singleton bean 'org.springframework.boot.autoconfigure.task.TaskExecutorConfigurations$AsyncConfigurerConfiguration'
DEBUG 20260526 20:53:11.987[restartedMain] [DefaultListableBeanFactory:306] - Creating shared instance of singleton bean 'applicationTaskExecutorAsyncConfigurer'
DEBUG 20260526 20:53:11.988[restartedMain] [DefaultListableBeanFactory:953] - Autowiring by type from bean name 'applicationTaskExecutorAsyncConfigurer' via factory method to bean named 'org.springframework.beans.factory.support.DefaultListableBeanFactory@6d30acb6'
DEBUG 20260526 20:53:11.989[restartedMain] [DefaultListableBeanFactory:306] - Creating shared instance of singleton bean 'org.springframework.boot.autoconfigure.task.TaskExecutorConfigurations$BootstrapExecutorConfiguration'
DEBUG 20260526 20:53:11.995[restartedMain] [DefaultListableBeanFactory:306] - Creating shared instance of singleton bean 'org.springframework.boot.autoconfigure.task.TaskExecutionAutoConfiguration'
DEBUG 20260526 20:53:11.996[restartedMain] [DefaultListableBeanFactory:306] - Creating shared instance of singleton bean 'org.springframework.boot.webmvc.autoconfigure.error.ErrorMvcAutoConfiguration$WhitelabelErrorViewConfiguration'
DEBUG 20260526 20:53:12.001[restartedMain] [DefaultListableBeanFactory:306] - Creating shared instance of singleton bean 'error'
DEBUG 20260526 20:53:12.002[restartedMain] [DefaultListableBeanFactory:306] - Creating shared instance of singleton bean 'beanNameViewResolver'
DEBUG 20260526 20:53:12.004[restartedMain] [DefaultListableBeanFactory:306] - Creating shared instance of singleton bean 'org.springframework.boot.webmvc.autoconfigure.error.ErrorMvcAutoConfiguration$DefaultErrorViewResolverConfiguration'
DEBUG 20260526 20:53:12.005[restartedMain] [DefaultListableBeanFactory:953] - Autowiring by type from bean name 'org.springframework.boot.webmvc.autoconfigure.error.ErrorMvcAutoConfiguration$DefaultErrorViewResolverConfiguration' via constructor to bean named 'org.springframework.boot.web.server.servlet.context.AnnotationConfigServletWebServerApplicationContext@44051fda'
DEBUG 20260526 20:53:12.005[restartedMain] [DefaultListableBeanFactory:953] - Autowiring by type from bean name 'org.springframework.boot.webmvc.autoconfigure.error.ErrorMvcAutoConfiguration$DefaultErrorViewResolverConfiguration' via constructor to bean named 'spring.web-org.springframework.boot.autoconfigure.web.WebProperties'
DEBUG 20260526 20:53:12.005[restartedMain] [DefaultListableBeanFactory:306] - Creating shared instance of singleton bean 'conventionErrorViewResolver'
DEBUG 20260526 20:53:12.009[restartedMain] [DefaultListableBeanFactory:306] - Creating shared instance of singleton bean 'errorAttributes'
DEBUG 20260526 20:53:12.013[restartedMain] [DefaultListableBeanFactory:306] - Creating shared instance of singleton bean 'basicErrorController'
DEBUG 20260526 20:53:12.014[restartedMain] [DefaultListableBeanFactory:953] - Autowiring by type from bean name 'basicErrorController' via factory method to bean named 'errorAttributes'
DEBUG 20260526 20:53:12.017[restartedMain] [DefaultListableBeanFactory:306] - Creating shared instance of singleton bean 'org.springframework.boot.webmvc.autoconfigure.WebMvcAutoConfiguration$EnableWebMvcConfiguration'
DEBUG 20260526 20:53:12.019[restartedMain] [DefaultListableBeanFactory:953] - Autowiring by type from bean name 'org.springframework.boot.webmvc.autoconfigure.WebMvcAutoConfiguration$EnableWebMvcConfiguration' via constructor to bean named 'spring.mvc-org.springframework.boot.webmvc.autoconfigure.WebMvcProperties'
DEBUG 20260526 20:53:12.020[restartedMain] [DefaultListableBeanFactory:953] - Autowiring by type from bean name 'org.springframework.boot.webmvc.autoconfigure.WebMvcAutoConfiguration$EnableWebMvcConfiguration' via constructor to bean named 'spring.web-org.springframework.boot.autoconfigure.web.WebProperties'
DEBUG 20260526 20:53:12.020[restartedMain] [DefaultListableBeanFactory:953] - Autowiring by type from bean name 'org.springframework.boot.webmvc.autoconfigure.WebMvcAutoConfiguration$EnableWebMvcConfiguration' via constructor to bean named 'org.springframework.beans.factory.support.DefaultListableBeanFactory@6d30acb6'
DEBUG 20260526 20:53:12.025[restartedMain] [DefaultListableBeanFactory:306] - Creating shared instance of singleton bean 'org.springframework.boot.webmvc.autoconfigure.WebMvcAutoConfiguration$WebMvcAutoConfigurationAdapter'
DEBUG 20260526 20:53:12.030[restartedMain] [DefaultListableBeanFactory:953] - Autowiring by type from bean name 'org.springframework.boot.webmvc.autoconfigure.WebMvcAutoConfiguration$WebMvcAutoConfigurationAdapter' via constructor to bean named 'spring.web-org.springframework.boot.autoconfigure.web.WebProperties'
DEBUG 20260526 20:53:12.030[restartedMain] [DefaultListableBeanFactory:953] - Autowiring by type from bean name 'org.springframework.boot.webmvc.autoconfigure.WebMvcAutoConfiguration$WebMvcAutoConfigurationAdapter' via constructor to bean named 'spring.mvc-org.springframework.boot.webmvc.autoconfigure.WebMvcProperties'
DEBUG 20260526 20:53:12.030[restartedMain] [DefaultListableBeanFactory:953] - Autowiring by type from bean name 'org.springframework.boot.webmvc.autoconfigure.WebMvcAutoConfiguration$WebMvcAutoConfigurationAdapter' via constructor to bean named 'org.springframework.beans.factory.support.DefaultListableBeanFactory@6d30acb6'
DEBUG 20260526 20:53:12.034[restartedMain] [DefaultListableBeanFactory:306] - Creating shared instance of singleton bean 'org.springframework.data.web.config.SpringDataWebConfiguration'
DEBUG 20260526 20:53:12.036[restartedMain] [DefaultListableBeanFactory:953] - Autowiring by type from bean name 'org.springframework.data.web.config.SpringDataWebConfiguration' via constructor to bean named 'org.springframework.boot.web.server.servlet.context.AnnotationConfigServletWebServerApplicationContext@44051fda'
DEBUG 20260526 20:53:12.039[restartedMain] [DefaultListableBeanFactory:306] - Creating shared instance of singleton bean 'openEntityManagerInViewInterceptorConfigurer'
DEBUG 20260526 20:53:12.039[restartedMain] [DefaultListableBeanFactory:306] - Creating shared instance of singleton bean 'org.springframework.boot.jpa.autoconfigure.JpaBaseConfiguration$JpaWebConfiguration'
DEBUG 20260526 20:53:12.040[restartedMain] [DefaultListableBeanFactory:953] - Autowiring by type from bean name 'org.springframework.boot.jpa.autoconfigure.JpaBaseConfiguration$JpaWebConfiguration' via constructor to bean named 'spring.jpa-org.springframework.boot.jpa.autoconfigure.JpaProperties'
DEBUG 20260526 20:53:12.040[restartedMain] [DefaultListableBeanFactory:306] - Creating shared instance of singleton bean 'openEntityManagerInViewInterceptor'
WARN  20260526 20:53:12.041[restartedMain] [JpaBaseConfiguration$JpaWebConfiguration:247] - spring.jpa.open-in-view is enabled by default. Therefore, database queries may be performed during view rendering. Explicitly configure spring.jpa.open-in-view to disable this warning
DEBUG 20260526 20:53:12.045[restartedMain] [DefaultListableBeanFactory:953] - Autowiring by type from bean name 'openEntityManagerInViewInterceptorConfigurer' via factory method to bean named 'openEntityManagerInViewInterceptor'
DEBUG 20260526 20:53:12.048[restartedMain] [DefaultListableBeanFactory:306] - Creating shared instance of singleton bean 'welcomePageHandlerMapping'
DEBUG 20260526 20:53:12.049[restartedMain] [DefaultListableBeanFactory:306] - Creating shared instance of singleton bean 'mvcConversionService'
DEBUG 20260526 20:53:12.063[restartedMain] [DefaultListableBeanFactory:306] - Creating shared instance of singleton bean 'mvcResourceUrlProvider'
DEBUG 20260526 20:53:12.067[restartedMain] [DefaultListableBeanFactory:953] - Autowiring by type from bean name 'welcomePageHandlerMapping' via factory method to bean named 'org.springframework.boot.web.server.servlet.context.AnnotationConfigServletWebServerApplicationContext@44051fda'
DEBUG 20260526 20:53:12.068[restartedMain] [DefaultListableBeanFactory:953] - Autowiring by type from bean name 'welcomePageHandlerMapping' via factory method to bean named 'mvcConversionService'
DEBUG 20260526 20:53:12.068[restartedMain] [DefaultListableBeanFactory:953] - Autowiring by type from bean name 'welcomePageHandlerMapping' via factory method to bean named 'mvcResourceUrlProvider'
INFO  20260526 20:53:12.079[restartedMain] [WelcomePageHandlerMapping:60] - Adding welcome page template: index
DEBUG 20260526 20:53:12.099[restartedMain] [DefaultListableBeanFactory:306] - Creating shared instance of singleton bean 'welcomePageNotAcceptableHandlerMapping'
DEBUG 20260526 20:53:12.099[restartedMain] [DefaultListableBeanFactory:953] - Autowiring by type from bean name 'welcomePageNotAcceptableHandlerMapping' via factory method to bean named 'org.springframework.boot.web.server.servlet.context.AnnotationConfigServletWebServerApplicationContext@44051fda'
DEBUG 20260526 20:53:12.099[restartedMain] [DefaultListableBeanFactory:953] - Autowiring by type from bean name 'welcomePageNotAcceptableHandlerMapping' via factory method to bean named 'mvcConversionService'
DEBUG 20260526 20:53:12.100[restartedMain] [DefaultListableBeanFactory:953] - Autowiring by type from bean name 'welcomePageNotAcceptableHandlerMapping' via factory method to bean named 'mvcResourceUrlProvider'
DEBUG 20260526 20:53:12.105[restartedMain] [DefaultListableBeanFactory:306] - Creating shared instance of singleton bean 'localeResolver'
DEBUG 20260526 20:53:12.108[restartedMain] [DefaultListableBeanFactory:306] - Creating shared instance of singleton bean 'flashMapManager'
DEBUG 20260526 20:53:12.112[restartedMain] [DefaultListableBeanFactory:306] - Creating shared instance of singleton bean 'viewNameTranslator'
DEBUG 20260526 20:53:12.114[restartedMain] [DefaultListableBeanFactory:306] - Creating shared instance of singleton bean 'mvcValidator'
DEBUG 20260526 20:53:12.116[restartedMain] [DefaultListableBeanFactory:306] - Creating shared instance of singleton bean 'requestMappingHandlerMapping'
DEBUG 20260526 20:53:12.118[restartedMain] [DefaultListableBeanFactory:306] - Creating shared instance of singleton bean 'mvcContentNegotiationManager'
DEBUG 20260526 20:53:12.122[restartedMain] [DefaultListableBeanFactory:306] - Creating shared instance of singleton bean 'stringHttpMessageConvertersCustomizer'
DEBUG 20260526 20:53:12.123[restartedMain] [DefaultListableBeanFactory:306] - Creating shared instance of singleton bean 'org.springframework.boot.http.converter.autoconfigure.HttpMessageConvertersAutoConfiguration$StringHttpMessageConverterConfiguration'
DEBUG 20260526 20:53:12.124[restartedMain] [DefaultListableBeanFactory:306] - Creating shared instance of singleton bean 'spring.http.converters-org.springframework.boot.http.converter.autoconfigure.HttpMessageConvertersProperties'
DEBUG 20260526 20:53:12.126[restartedMain] [DefaultListableBeanFactory:953] - Autowiring by type from bean name 'stringHttpMessageConvertersCustomizer' via factory method to bean named 'spring.http.converters-org.springframework.boot.http.converter.autoconfigure.HttpMessageConvertersProperties'
DEBUG 20260526 20:53:12.128[restartedMain] [DefaultListableBeanFactory:306] - Creating shared instance of singleton bean 'jacksonJsonHttpMessageConvertersCustomizer'
DEBUG 20260526 20:53:12.128[restartedMain] [DefaultListableBeanFactory:306] - Creating shared instance of singleton bean 'org.springframework.boot.http.converter.autoconfigure.JacksonHttpMessageConvertersConfiguration$JacksonJsonHttpMessageConverterConfiguration'
DEBUG 20260526 20:53:12.131[restartedMain] [DefaultListableBeanFactory:306] - Creating shared instance of singleton bean 'jacksonJsonMapper'
DEBUG 20260526 20:53:12.131[restartedMain] [DefaultListableBeanFactory:306] - Creating shared instance of singleton bean 'org.springframework.boot.jackson.autoconfigure.JacksonAutoConfiguration'
DEBUG 20260526 20:53:12.133[restartedMain] [DefaultListableBeanFactory:306] - Creating shared instance of singleton bean 'problemDetailJsonMapperBuilderCustomizer'
DEBUG 20260526 20:53:12.133[restartedMain] [DefaultListableBeanFactory:306] - Creating shared instance of singleton bean 'org.springframework.boot.jackson.autoconfigure.JacksonAutoConfiguration$JsonProblemDetailsConfiguration'
DEBUG 20260526 20:53:12.134[restartedMain] [DefaultListableBeanFactory:306] - Creating shared instance of singleton bean 'standardJsonMapperBuilderCustomizer'
DEBUG 20260526 20:53:12.134[restartedMain] [DefaultListableBeanFactory:306] - Creating shared instance of singleton bean 'org.springframework.boot.jackson.autoconfigure.JacksonAutoConfiguration$JacksonJsonMapperBuilderCustomizerConfiguration'
DEBUG 20260526 20:53:12.136[restartedMain] [DefaultListableBeanFactory:306] - Creating shared instance of singleton bean 'spring.jackson-org.springframework.boot.jackson.autoconfigure.JacksonProperties'
DEBUG 20260526 20:53:12.140[restartedMain] [DefaultListableBeanFactory:953] - Autowiring by type from bean name 'standardJsonMapperBuilderCustomizer' via factory method to bean named 'spring.jackson-org.springframework.boot.jackson.autoconfigure.JacksonProperties'
DEBUG 20260526 20:53:12.142[restartedMain] [DefaultListableBeanFactory:306] - Creating shared instance of singleton bean 'jackson3GeoModule'
DEBUG 20260526 20:53:12.143[restartedMain] [DefaultListableBeanFactory:306] - Creating shared instance of singleton bean 'org.springframework.data.web.config.SpringDataJackson3Configuration'
DEBUG 20260526 20:53:12.144[restartedMain] [DefaultListableBeanFactory:306] - Creating shared instance of singleton bean 'springDataWebSettings'
DEBUG 20260526 20:53:12.144[restartedMain] [DefaultListableBeanFactory:306] - Creating shared instance of singleton bean 'org.springframework.boot.data.autoconfigure.web.DataWebAutoConfiguration'
DEBUG 20260526 20:53:12.145[restartedMain] [DefaultListableBeanFactory:306] - Creating shared instance of singleton bean 'spring.data.web-org.springframework.boot.data.autoconfigure.web.DataWebProperties'
DEBUG 20260526 20:53:12.147[restartedMain] [DefaultListableBeanFactory:953] - Autowiring by type from bean name 'org.springframework.boot.data.autoconfigure.web.DataWebAutoConfiguration' via constructor to bean named 'spring.data.web-org.springframework.boot.data.autoconfigure.web.DataWebProperties'
DEBUG 20260526 20:53:12.162[restartedMain] [DefaultListableBeanFactory:306] - Creating shared instance of singleton bean 'jackson3pageModule'
DEBUG 20260526 20:53:12.167[restartedMain] [DefaultListableBeanFactory:306] - Creating shared instance of singleton bean 'jacksonMixinModule'
DEBUG 20260526 20:53:12.168[restartedMain] [DefaultListableBeanFactory:306] - Creating shared instance of singleton bean 'org.springframework.boot.jackson.autoconfigure.JacksonAutoConfiguration$JacksonMixinConfiguration'
DEBUG 20260526 20:53:12.170[restartedMain] [DefaultListableBeanFactory:306] - Creating shared instance of singleton bean 'jacksonMixinModuleEntries'
DEBUG 20260526 20:53:12.170[restartedMain] [DefaultListableBeanFactory:953] - Autowiring by type from bean name 'jacksonMixinModuleEntries' via factory method to bean named 'org.springframework.boot.web.server.servlet.context.AnnotationConfigServletWebServerApplicationContext@44051fda'
DEBUG 20260526 20:53:12.185[restartedMain] [DefaultListableBeanFactory:953] - Autowiring by type from bean name 'jacksonMixinModule' via factory method to bean named 'org.springframework.boot.web.server.servlet.context.AnnotationConfigServletWebServerApplicationContext@44051fda'
DEBUG 20260526 20:53:12.185[restartedMain] [DefaultListableBeanFactory:953] - Autowiring by type from bean name 'jacksonMixinModule' via factory method to bean named 'jacksonMixinModuleEntries'
DEBUG 20260526 20:53:12.187[restartedMain] [DefaultListableBeanFactory:306] - Creating shared instance of singleton bean 'jsonComponentModule'
DEBUG 20260526 20:53:12.193[restartedMain] [DefaultListableBeanFactory:953] - Autowiring by type from bean name 'jsonMapperBuilder' via factory method to bean named 'problemDetailJsonMapperBuilderCustomizer'
DEBUG 20260526 20:53:12.194[restartedMain] [DefaultListableBeanFactory:953] - Autowiring by type from bean name 'jsonMapperBuilder' via factory method to bean named 'standardJsonMapperBuilderCustomizer'
DEBUG 20260526 20:53:12.207[restartedMain] [DefaultListableBeanFactory:953] - Autowiring by type from bean name 'jacksonJsonMapper' via factory method to bean named 'jsonMapperBuilder'
DEBUG 20260526 20:53:12.226[restartedMain] [DefaultListableBeanFactory:953] - Autowiring by type from bean name 'jacksonJsonHttpMessageConvertersCustomizer' via factory method to bean named 'jacksonJsonMapper'
DEBUG 20260526 20:53:12.228[restartedMain] [DefaultListableBeanFactory:306] - Creating shared instance of singleton bean 'serverConvertersCustomizer'
DEBUG 20260526 20:53:12.228[restartedMain] [DefaultListableBeanFactory:306] - Creating shared instance of singleton bean 'org.springframework.boot.http.converter.autoconfigure.HttpMessageConvertersAutoConfiguration'
DEBUG 20260526 20:53:12.242[restartedMain] [DefaultListableBeanFactory:306] - Creating shared instance of singleton bean 'mvcApiVersionStrategy'
DEBUG 20260526 20:53:12.253[restartedMain] [DefaultListableBeanFactory:953] - Autowiring by type from bean name 'requestMappingHandlerMapping' via factory method to bean named 'mvcContentNegotiationManager'
DEBUG 20260526 20:53:12.254[restartedMain] [DefaultListableBeanFactory:953] - Autowiring by type from bean name 'requestMappingHandlerMapping' via factory method to bean named 'mvcApiVersionStrategy'
DEBUG 20260526 20:53:12.254[restartedMain] [DefaultListableBeanFactory:953] - Autowiring by type from bean name 'requestMappingHandlerMapping' via factory method to bean named 'mvcConversionService'
DEBUG 20260526 20:53:12.254[restartedMain] [DefaultListableBeanFactory:953] - Autowiring by type from bean name 'requestMappingHandlerMapping' via factory method to bean named 'mvcResourceUrlProvider'
DEBUG 20260526 20:53:12.315[restartedMain] [Mappings:290] - 
	c.m.l.b.CookieSignRestController:
	{POST [/api/v1/auth/signup]}: signUp(SignUpDto)
	{GET [/api/v1/auth/emailtest/{id}]}: emailTest(String)
	{POST [/api/v1/auth/signin]}: signin(SignInDto,HttpServletResponse)
	{GET [/api/v1/auth/checkvalidemail]}: checkvalidemailGet(String,String)
	{POST [/api/v1/auth/checkvalidemail]}: checkvalidemailPost(ValidEmailDto)
DEBUG 20260526 20:53:12.323[restartedMain] [Mappings:290] - 
	c.m.l.b.CookieTestController:
	{GET [/cookie/get]}: get(HttpServletRequest,Model)
	{GET [/cookie/make]}: make(HttpServletResponse,String,String,Model)
	{GET [/cookie/delete]}: delete(HttpServletResponse,String,Model)
DEBUG 20260526 20:53:12.325[restartedMain] [Mappings:290] - 
	c.m.l.b.MenuController:
	{GET [/]}: index(HttpServletRequest,Model)
	{GET [/signin]}: signinPage()
	{GET [/checkemail]}: checkEmail(String,Model)
	{GET [/signup]}: signupPage()
DEBUG 20260526 20:53:12.326[restartedMain] [Mappings:290] - 
	c.m.l.m.m.MemberController:
	{GET [/member]}: getHomePage()
DEBUG 20260526 20:53:12.327[restartedMain] [Mappings:290] - 
	c.m.l.m.m.MemberRestController:
	{POST [/rest/member]}: insert(MemberDto)
	{GET [/rest/member]}: findAll()
DEBUG 20260526 20:53:12.328[restartedMain] [Mappings:290] - 
	c.m.l.m.m.MusicRestController:
	{GET [/api/v1/music/{id}]}: insert(Long)
	{POST [/api/v1/music]}: insert(MusicDto)
	{GET [/api/v1/music/all]}: findAll(HttpServletRequest)
DEBUG 20260526 20:53:12.335[restartedMain] [Mappings:290] - 
	o.s.b.w.a.e.BasicErrorController:
	{ [/error]}: error(HttpServletRequest)
	{ [/error], produces [text/html]}: errorHtml(HttpServletRequest,HttpServletResponse)
DEBUG 20260526 20:53:12.338[restartedMain] [RequestMappingHandlerMapping:361] - 20 mappings in 'requestMappingHandlerMapping'
DEBUG 20260526 20:53:12.342[restartedMain] [DefaultListableBeanFactory:306] - Creating shared instance of singleton bean 'mvcPatternParser'
DEBUG 20260526 20:53:12.343[restartedMain] [DefaultListableBeanFactory:306] - Creating shared instance of singleton bean 'mvcUrlPathHelper'
DEBUG 20260526 20:53:12.344[restartedMain] [DefaultListableBeanFactory:306] - Creating shared instance of singleton bean 'mvcPathMatcher'
DEBUG 20260526 20:53:12.345[restartedMain] [DefaultListableBeanFactory:306] - Creating shared instance of singleton bean 'viewControllerHandlerMapping'
DEBUG 20260526 20:53:12.346[restartedMain] [DefaultListableBeanFactory:953] - Autowiring by type from bean name 'viewControllerHandlerMapping' via factory method to bean named 'mvcConversionService'
DEBUG 20260526 20:53:12.346[restartedMain] [DefaultListableBeanFactory:953] - Autowiring by type from bean name 'viewControllerHandlerMapping' via factory method to bean named 'mvcResourceUrlProvider'
DEBUG 20260526 20:53:12.347[restartedMain] [DefaultListableBeanFactory:306] - Creating shared instance of singleton bean 'beanNameHandlerMapping'
DEBUG 20260526 20:53:12.348[restartedMain] [DefaultListableBeanFactory:953] - Autowiring by type from bean name 'beanNameHandlerMapping' via factory method to bean named 'mvcConversionService'
DEBUG 20260526 20:53:12.348[restartedMain] [DefaultListableBeanFactory:953] - Autowiring by type from bean name 'beanNameHandlerMapping' via factory method to bean named 'mvcResourceUrlProvider'
DEBUG 20260526 20:53:12.350[restartedMain] [Mappings:86] - 'beanNameHandlerMapping' {}
DEBUG 20260526 20:53:12.354[restartedMain] [DefaultListableBeanFactory:306] - Creating shared instance of singleton bean 'routerFunctionMapping'
DEBUG 20260526 20:53:12.355[restartedMain] [DefaultListableBeanFactory:953] - Autowiring by type from bean name 'routerFunctionMapping' via factory method to bean named 'mvcConversionService'
DEBUG 20260526 20:53:12.355[restartedMain] [DefaultListableBeanFactory:953] - Autowiring by type from bean name 'routerFunctionMapping' via factory method to bean named 'mvcResourceUrlProvider'
DEBUG 20260526 20:53:12.355[restartedMain] [DefaultListableBeanFactory:953] - Autowiring by type from bean name 'routerFunctionMapping' via factory method to bean named 'mvcApiVersionStrategy'
DEBUG 20260526 20:53:12.363[restartedMain] [DefaultListableBeanFactory:306] - Creating shared instance of singleton bean 'resourceHandlerMapping'
DEBUG 20260526 20:53:12.365[restartedMain] [DefaultListableBeanFactory:953] - Autowiring by type from bean name 'resourceHandlerMapping' via factory method to bean named 'mvcContentNegotiationManager'
DEBUG 20260526 20:53:12.365[restartedMain] [DefaultListableBeanFactory:953] - Autowiring by type from bean name 'resourceHandlerMapping' via factory method to bean named 'mvcConversionService'
DEBUG 20260526 20:53:12.365[restartedMain] [DefaultListableBeanFactory:953] - Autowiring by type from bean name 'resourceHandlerMapping' via factory method to bean named 'mvcResourceUrlProvider'
DEBUG 20260526 20:53:12.396[restartedMain] [Mappings:176] - 'resourceHandlerMapping' {/webjars/**=ResourceHttpRequestHandler [classpath [META-INF/resources/webjars/]], /**=ResourceHttpRequestHandler [classpath [META-INF/resources/], classpath [resources/], classpath [static/], classpath [public/], ServletContext [/]]}
DEBUG 20260526 20:53:12.398[restartedMain] [DefaultListableBeanFactory:306] - Creating shared instance of singleton bean 'defaultServletHandlerMapping'
DEBUG 20260526 20:53:12.399[restartedMain] [DefaultListableBeanFactory:306] - Creating shared instance of singleton bean 'requestMappingHandlerAdapter'
DEBUG 20260526 20:53:12.400[restartedMain] [DefaultListableBeanFactory:953] - Autowiring by type from bean name 'requestMappingHandlerAdapter' via factory method to bean named 'mvcContentNegotiationManager'
DEBUG 20260526 20:53:12.400[restartedMain] [DefaultListableBeanFactory:953] - Autowiring by type from bean name 'requestMappingHandlerAdapter' via factory method to bean named 'mvcConversionService'
DEBUG 20260526 20:53:12.400[restartedMain] [DefaultListableBeanFactory:953] - Autowiring by type from bean name 'requestMappingHandlerAdapter' via factory method to bean named 'mvcValidator'
DEBUG 20260526 20:53:12.419[restartedMain] [DefaultListableBeanFactory:306] - Creating shared instance of singleton bean 'sortResolver'
DEBUG 20260526 20:53:12.422[restartedMain] [DefaultListableBeanFactory:306] - Creating shared instance of singleton bean 'sortCustomizer'
DEBUG 20260526 20:53:12.424[restartedMain] [DefaultListableBeanFactory:306] - Creating shared instance of singleton bean 'pageableResolver'
DEBUG 20260526 20:53:12.427[restartedMain] [DefaultListableBeanFactory:306] - Creating shared instance of singleton bean 'pageableCustomizer'
DEBUG 20260526 20:53:12.451[restartedMain] [RequestMappingHandlerAdapter:625] - ControllerAdvice beans: 0 @ModelAttribute, 0 @InitBinder, 2 RequestBodyAdvice, 1 ResponseBodyAdvice
DEBUG 20260526 20:53:12.510[restartedMain] [DefaultListableBeanFactory:306] - Creating shared instance of singleton bean 'mvcViewResolver'
DEBUG 20260526 20:53:12.512[restartedMain] [DefaultListableBeanFactory:953] - Autowiring by type from bean name 'mvcViewResolver' via factory method to bean named 'mvcContentNegotiationManager'
DEBUG 20260526 20:53:12.521[restartedMain] [DefaultListableBeanFactory:306] - Creating shared instance of singleton bean 'defaultViewResolver'
DEBUG 20260526 20:53:12.537[restartedMain] [DefaultListableBeanFactory:306] - Creating shared instance of singleton bean 'viewResolver'
DEBUG 20260526 20:53:12.537[restartedMain] [DefaultListableBeanFactory:953] - Autowiring by type from bean name 'viewResolver' via factory method to bean named 'org.springframework.beans.factory.support.DefaultListableBeanFactory@6d30acb6'
DEBUG 20260526 20:53:12.540[restartedMain] [DefaultListableBeanFactory:306] - Creating shared instance of singleton bean 'viewResolver'
DEBUG 20260526 20:53:12.542[restartedMain] [DefaultListableBeanFactory:306] - Creating shared instance of singleton bean 'mustacheViewResolver'
DEBUG 20260526 20:53:12.542[restartedMain] [DefaultListableBeanFactory:306] - Creating shared instance of singleton bean 'org.springframework.boot.mustache.autoconfigure.MustacheServletWebConfiguration'
DEBUG 20260526 20:53:12.543[restartedMain] [DefaultListableBeanFactory:953] - Autowiring by type from bean name 'mustacheViewResolver' via factory method to bean named 'mustacheCompiler'
DEBUG 20260526 20:53:12.544[restartedMain] [DefaultListableBeanFactory:953] - Autowiring by type from bean name 'mustacheViewResolver' via factory method to bean named 'spring.mustache-org.springframework.boot.mustache.autoconfigure.MustacheProperties'
DEBUG 20260526 20:53:12.560[restartedMain] [DefaultListableBeanFactory:306] - Creating shared instance of singleton bean 'handlerFunctionAdapter'
DEBUG 20260526 20:53:12.563[restartedMain] [DefaultListableBeanFactory:306] - Creating shared instance of singleton bean 'mvcUriComponentsContributor'
DEBUG 20260526 20:53:12.565[restartedMain] [DefaultListableBeanFactory:953] - Autowiring by type from bean name 'mvcUriComponentsContributor' via factory method to bean named 'mvcConversionService'
DEBUG 20260526 20:53:12.565[restartedMain] [DefaultListableBeanFactory:953] - Autowiring by type from bean name 'mvcUriComponentsContributor' via factory method to bean named 'requestMappingHandlerAdapter'
DEBUG 20260526 20:53:12.569[restartedMain] [DefaultListableBeanFactory:306] - Creating shared instance of singleton bean 'httpRequestHandlerAdapter'
DEBUG 20260526 20:53:12.570[restartedMain] [DefaultListableBeanFactory:306] - Creating shared instance of singleton bean 'simpleControllerHandlerAdapter'
DEBUG 20260526 20:53:12.571[restartedMain] [DefaultListableBeanFactory:306] - Creating shared instance of singleton bean 'handlerExceptionResolver'
DEBUG 20260526 20:53:12.571[restartedMain] [DefaultListableBeanFactory:953] - Autowiring by type from bean name 'handlerExceptionResolver' via factory method to bean named 'mvcContentNegotiationManager'
DEBUG 20260526 20:53:12.582[restartedMain] [ExceptionHandlerExceptionResolver:326] - ControllerAdvice beans: 1 @ExceptionHandler, 1 ResponseBodyAdvice
DEBUG 20260526 20:53:12.586[restartedMain] [DefaultListableBeanFactory:306] - Creating shared instance of singleton bean 'org.springframework.boot.autoconfigure.jmx.JmxAutoConfiguration'
DEBUG 20260526 20:53:12.587[restartedMain] [DefaultListableBeanFactory:306] - Creating shared instance of singleton bean 'spring.jmx-org.springframework.boot.autoconfigure.jmx.JmxProperties'
DEBUG 20260526 20:53:12.590[restartedMain] [DefaultListableBeanFactory:953] - Autowiring by type from bean name 'org.springframework.boot.autoconfigure.jmx.JmxAutoConfiguration' via constructor to bean named 'spring.jmx-org.springframework.boot.autoconfigure.jmx.JmxProperties'
DEBUG 20260526 20:53:12.591[restartedMain] [DefaultListableBeanFactory:306] - Creating shared instance of singleton bean 'mbeanExporter'
DEBUG 20260526 20:53:12.592[restartedMain] [DefaultListableBeanFactory:306] - Creating shared instance of singleton bean 'objectNamingStrategy'
DEBUG 20260526 20:53:12.596[restartedMain] [DefaultListableBeanFactory:953] - Autowiring by type from bean name 'mbeanExporter' via factory method to bean named 'objectNamingStrategy'
DEBUG 20260526 20:53:12.596[restartedMain] [DefaultListableBeanFactory:953] - Autowiring by type from bean name 'mbeanExporter' via factory method to bean named 'org.springframework.beans.factory.support.DefaultListableBeanFactory@6d30acb6'
DEBUG 20260526 20:53:12.612[restartedMain] [DefaultListableBeanFactory:306] - Creating shared instance of singleton bean 'mbeanServer'
DEBUG 20260526 20:53:12.616[restartedMain] [JmxUtils:127] - Found MBeanServer: com.sun.jmx.mbeanserver.JmxMBeanServer@133e16fd
DEBUG 20260526 20:53:12.622[restartedMain] [DefaultListableBeanFactory:306] - Creating shared instance of singleton bean 'org.springframework.boot.autoconfigure.admin.SpringApplicationAdminJmxAutoConfiguration'
DEBUG 20260526 20:53:12.622[restartedMain] [DefaultListableBeanFactory:306] - Creating shared instance of singleton bean 'springApplicationAdminRegistrar'
DEBUG 20260526 20:53:12.623[restartedMain] [DefaultListableBeanFactory:953] - Autowiring by type from bean name 'springApplicationAdminRegistrar' via factory method to bean named 'environment'
DEBUG 20260526 20:53:12.716[restartedMain] [SpringApplicationAdminMXBeanRegistrar$SpringApplicationAdmin:121] - Application Admin MBean registered with name 'org.springframework.boot:type=Admin,name=SpringApplication'
DEBUG 20260526 20:53:12.718[restartedMain] [DefaultListableBeanFactory:306] - Creating shared instance of singleton bean 'org.springframework.boot.autoconfigure.aop.AopAutoConfiguration$AspectJAutoProxyingConfiguration$CglibAutoProxyConfiguration'
DEBUG 20260526 20:53:12.718[restartedMain] [DefaultListableBeanFactory:306] - Creating shared instance of singleton bean 'org.springframework.boot.autoconfigure.aop.AopAutoConfiguration$AspectJAutoProxyingConfiguration'
DEBUG 20260526 20:53:12.719[restartedMain] [DefaultListableBeanFactory:306] - Creating shared instance of singleton bean 'org.springframework.boot.autoconfigure.aop.AopAutoConfiguration'
DEBUG 20260526 20:53:12.719[restartedMain] [DefaultListableBeanFactory:306] - Creating shared instance of singleton bean 'org.springframework.boot.autoconfigure.availability.ApplicationAvailabilityAutoConfiguration'
DEBUG 20260526 20:53:12.719[restartedMain] [DefaultListableBeanFactory:306] - Creating shared instance of singleton bean 'applicationAvailability'
DEBUG 20260526 20:53:12.722[restartedMain] [DefaultListableBeanFactory:306] - Creating shared instance of singleton bean 'org.springframework.boot.autoconfigure.context.ConfigurationPropertiesAutoConfiguration'
DEBUG 20260526 20:53:12.723[restartedMain] [DefaultListableBeanFactory:306] - Creating shared instance of singleton bean 'org.springframework.boot.autoconfigure.context.LifecycleAutoConfiguration'
DEBUG 20260526 20:53:12.723[restartedMain] [DefaultListableBeanFactory:306] - Creating shared instance of singleton bean 'lifecycleProcessor'
DEBUG 20260526 20:53:12.723[restartedMain] [DefaultListableBeanFactory:306] - Creating shared instance of singleton bean 'spring.lifecycle-org.springframework.boot.autoconfigure.context.LifecycleProperties'
DEBUG 20260526 20:53:12.724[restartedMain] [DefaultListableBeanFactory:953] - Autowiring by type from bean name 'lifecycleProcessor' via factory method to bean named 'spring.lifecycle-org.springframework.boot.autoconfigure.context.LifecycleProperties'
DEBUG 20260526 20:53:12.728[restartedMain] [DefaultListableBeanFactory:306] - Creating shared instance of singleton bean 'org.springframework.boot.autoconfigure.info.ProjectInfoAutoConfiguration'
DEBUG 20260526 20:53:12.732[restartedMain] [DefaultListableBeanFactory:306] - Creating shared instance of singleton bean 'spring.info-org.springframework.boot.autoconfigure.info.ProjectInfoProperties'
DEBUG 20260526 20:53:12.733[restartedMain] [DefaultListableBeanFactory:953] - Autowiring by type from bean name 'org.springframework.boot.autoconfigure.info.ProjectInfoAutoConfiguration' via constructor to bean named 'spring.info-org.springframework.boot.autoconfigure.info.ProjectInfoProperties'
DEBUG 20260526 20:53:12.733[restartedMain] [DefaultListableBeanFactory:306] - Creating shared instance of singleton bean 'org.springframework.boot.autoconfigure.task.TaskSchedulingConfigurations$ThreadPoolTaskSchedulerBuilderConfiguration'
DEBUG 20260526 20:53:12.734[restartedMain] [DefaultListableBeanFactory:306] - Creating shared instance of singleton bean 'threadPoolTaskSchedulerBuilder'
DEBUG 20260526 20:53:12.735[restartedMain] [DefaultListableBeanFactory:306] - Creating shared instance of singleton bean 'spring.task.scheduling-org.springframework.boot.autoconfigure.task.TaskSchedulingProperties'
DEBUG 20260526 20:53:12.735[restartedMain] [DefaultListableBeanFactory:953] - Autowiring by type from bean name 'threadPoolTaskSchedulerBuilder' via factory method to bean named 'spring.task.scheduling-org.springframework.boot.autoconfigure.task.TaskSchedulingProperties'
DEBUG 20260526 20:53:12.738[restartedMain] [DefaultListableBeanFactory:306] - Creating shared instance of singleton bean 'org.springframework.boot.autoconfigure.task.TaskSchedulingConfigurations$SimpleAsyncTaskSchedulerBuilderConfiguration'
DEBUG 20260526 20:53:12.739[restartedMain] [DefaultListableBeanFactory:953] - Autowiring by type from bean name 'org.springframework.boot.autoconfigure.task.TaskSchedulingConfigurations$SimpleAsyncTaskSchedulerBuilderConfiguration' via constructor to bean named 'spring.task.scheduling-org.springframework.boot.autoconfigure.task.TaskSchedulingProperties'
DEBUG 20260526 20:53:12.739[restartedMain] [DefaultListableBeanFactory:306] - Creating shared instance of singleton bean 'simpleAsyncTaskSchedulerBuilder'
DEBUG 20260526 20:53:12.742[restartedMain] [DefaultListableBeanFactory:306] - Creating shared instance of singleton bean 'org.springframework.boot.autoconfigure.task.TaskSchedulingAutoConfiguration'
DEBUG 20260526 20:53:12.743[restartedMain] [DefaultListableBeanFactory:306] - Creating shared instance of singleton bean 'org.springframework.data.web.config.ProjectingArgumentResolverRegistrar'
DEBUG 20260526 20:53:12.743[restartedMain] [DefaultListableBeanFactory:306] - Creating shared instance of singleton bean 'offsetResolver'
DEBUG 20260526 20:53:12.746[restartedMain] [DefaultListableBeanFactory:306] - Creating shared instance of singleton bean 'org.springframework.boot.transaction.jta.autoconfigure.JtaAutoConfiguration'
DEBUG 20260526 20:53:12.746[restartedMain] [DefaultListableBeanFactory:306] - Creating shared instance of singleton bean 'org.springframework.boot.jdbc.autoconfigure.DataSourceJmxConfiguration$Hikari'
DEBUG 20260526 20:53:12.747[restartedMain] [DefaultListableBeanFactory:953] - Autowiring by type from bean name 'org.springframework.boot.jdbc.autoconfigure.DataSourceJmxConfiguration$Hikari' via constructor to bean named 'dataSource'
DEBUG 20260526 20:53:12.747[restartedMain] [DefaultListableBeanFactory:306] - Creating shared instance of singleton bean 'org.springframework.boot.jdbc.autoconfigure.DataSourceJmxConfiguration'
DEBUG 20260526 20:53:12.747[restartedMain] [DefaultListableBeanFactory:306] - Creating shared instance of singleton bean 'org.springframework.boot.jdbc.autoconfigure.DataSourcePoolMetadataProvidersConfiguration'
DEBUG 20260526 20:53:12.748[restartedMain] [DefaultListableBeanFactory:306] - Creating shared instance of singleton bean 'org.springframework.boot.jdbc.autoconfigure.DataSourceAutoConfiguration'
DEBUG 20260526 20:53:12.748[restartedMain] [DefaultListableBeanFactory:306] - Creating shared instance of singleton bean 'org.springframework.boot.transaction.autoconfigure.TransactionManagerCustomizationAutoConfiguration'
DEBUG 20260526 20:53:12.748[restartedMain] [DefaultListableBeanFactory:306] - Creating shared instance of singleton bean 'platformTransactionManagerCustomizers'
DEBUG 20260526 20:53:12.750[restartedMain] [DefaultListableBeanFactory:306] - Creating shared instance of singleton bean 'transactionExecutionListeners'
DEBUG 20260526 20:53:12.752[restartedMain] [DefaultListableBeanFactory:306] - Creating shared instance of singleton bean 'spring.transaction-org.springframework.boot.transaction.autoconfigure.TransactionProperties'
DEBUG 20260526 20:53:12.753[restartedMain] [DefaultListableBeanFactory:306] - Creating shared instance of singleton bean 'org.springframework.boot.jpa.autoconfigure.JpaBaseConfiguration$PersistenceManagedTypesConfiguration'
DEBUG 20260526 20:53:12.753[restartedMain] [DefaultListableBeanFactory:306] - Creating shared instance of singleton bean 'transactionManager'
DEBUG 20260526 20:53:12.771[restartedMain] [DefaultListableBeanFactory:306] - Creating shared instance of singleton bean 'org.springframework.boot.hibernate.autoconfigure.HibernateJpaAutoConfiguration'
DEBUG 20260526 20:53:12.772[restartedMain] [DefaultListableBeanFactory:306] - Creating shared instance of singleton bean 'org.springframework.boot.data.jpa.autoconfigure.DataJpaRepositoriesAutoConfiguration'
DEBUG 20260526 20:53:12.772[restartedMain] [DefaultListableBeanFactory:306] - Creating shared instance of singleton bean 'eagerJpaMetamodelCacheCleanup'
DEBUG 20260526 20:53:12.773[restartedMain] [DefaultListableBeanFactory:306] - Creating shared instance of singleton bean 'org.springframework.data.jpa.util.JpaMetamodelCacheCleanup'
DEBUG 20260526 20:53:12.774[restartedMain] [DefaultListableBeanFactory:306] - Creating shared instance of singleton bean 'org.springframework.data.jpa.repository.support.JpaEvaluationContextExtension'
DEBUG 20260526 20:53:12.775[restartedMain] [DefaultListableBeanFactory:306] - Creating shared instance of singleton bean 'data-jpa.repository-aot-processor#0'
DEBUG 20260526 20:53:12.893[restartedMain] [DefaultListableBeanFactory:306] - Creating shared instance of singleton bean 'org.springframework.boot.devtools.autoconfigure.DevToolsDataSourceAutoConfiguration$DatabaseShutdownExecutorEntityManagerFactoryDependsOnConfiguration'
DEBUG 20260526 20:53:12.894[restartedMain] [DefaultListableBeanFactory:306] - Creating shared instance of singleton bean 'org.springframework.boot.devtools.autoconfigure.LocalDevToolsAutoConfiguration$RestartConfiguration'
DEBUG 20260526 20:53:12.895[restartedMain] [DefaultListableBeanFactory:306] - Creating shared instance of singleton bean 'spring.devtools-org.springframework.boot.devtools.autoconfigure.DevToolsProperties'
DEBUG 20260526 20:53:12.898[restartedMain] [DefaultListableBeanFactory:953] - Autowiring by type from bean name 'org.springframework.boot.devtools.autoconfigure.LocalDevToolsAutoConfiguration$RestartConfiguration' via constructor to bean named 'spring.devtools-org.springframework.boot.devtools.autoconfigure.DevToolsProperties'
DEBUG 20260526 20:53:12.898[restartedMain] [DefaultListableBeanFactory:306] - Creating shared instance of singleton bean 'restartingClassPathChangedEventListener'
DEBUG 20260526 20:53:12.899[restartedMain] [DefaultListableBeanFactory:306] - Creating shared instance of singleton bean 'fileSystemWatcherFactory'
DEBUG 20260526 20:53:12.900[restartedMain] [DefaultListableBeanFactory:953] - Autowiring by type from bean name 'restartingClassPathChangedEventListener' via factory method to bean named 'fileSystemWatcherFactory'
DEBUG 20260526 20:53:12.902[restartedMain] [DefaultListableBeanFactory:306] - Creating shared instance of singleton bean 'classPathFileSystemWatcher'
DEBUG 20260526 20:53:12.902[restartedMain] [DefaultListableBeanFactory:306] - Creating shared instance of singleton bean 'classPathRestartStrategy'
DEBUG 20260526 20:53:12.905[restartedMain] [DefaultListableBeanFactory:953] - Autowiring by type from bean name 'classPathFileSystemWatcher' via factory method to bean named 'fileSystemWatcherFactory'
DEBUG 20260526 20:53:12.905[restartedMain] [DefaultListableBeanFactory:953] - Autowiring by type from bean name 'classPathFileSystemWatcher' via factory method to bean named 'classPathRestartStrategy'
DEBUG 20260526 20:53:12.951[restartedMain] [DefaultListableBeanFactory:306] - Creating shared instance of singleton bean 'conditionEvaluationDeltaLoggingListener'
DEBUG 20260526 20:53:12.953[restartedMain] [DefaultListableBeanFactory:306] - Creating shared instance of singleton bean 'org.springframework.boot.devtools.autoconfigure.LocalDevToolsAutoConfiguration'
DEBUG 20260526 20:53:12.953[restartedMain] [DefaultListableBeanFactory:306] - Creating shared instance of singleton bean 'org.springframework.boot.http.converter.autoconfigure.JacksonHttpMessageConvertersConfiguration'
DEBUG 20260526 20:53:12.954[restartedMain] [DefaultListableBeanFactory:306] - Creating shared instance of singleton bean 'org.springframework.boot.http.converter.autoconfigure.Jackson2HttpMessageConvertersConfiguration'
DEBUG 20260526 20:53:12.954[restartedMain] [DefaultListableBeanFactory:306] - Creating shared instance of singleton bean 'clientConvertersCustomizer'
DEBUG 20260526 20:53:12.956[restartedMain] [DefaultListableBeanFactory:306] - Creating shared instance of singleton bean 'org.springframework.boot.jdbc.autoconfigure.JdbcTemplateConfiguration'
DEBUG 20260526 20:53:12.956[restartedMain] [DefaultListableBeanFactory:306] - Creating shared instance of singleton bean 'jdbcTemplate'
DEBUG 20260526 20:53:12.957[restartedMain] [DefaultListableBeanFactory:306] - Creating shared instance of singleton bean 'spring.jdbc-org.springframework.boot.jdbc.autoconfigure.JdbcProperties'
DEBUG 20260526 20:53:12.958[restartedMain] [DefaultListableBeanFactory:953] - Autowiring by type from bean name 'jdbcTemplate' via factory method to bean named 'dataSource'
DEBUG 20260526 20:53:12.958[restartedMain] [DefaultListableBeanFactory:953] - Autowiring by type from bean name 'jdbcTemplate' via factory method to bean named 'spring.jdbc-org.springframework.boot.jdbc.autoconfigure.JdbcProperties'
DEBUG 20260526 20:53:12.973[restartedMain] [DefaultListableBeanFactory:306] - Creating shared instance of singleton bean 'org.springframework.boot.jdbc.autoconfigure.NamedParameterJdbcTemplateConfiguration'
DEBUG 20260526 20:53:12.973[restartedMain] [DefaultListableBeanFactory:306] - Creating shared instance of singleton bean 'namedParameterJdbcTemplate'
DEBUG 20260526 20:53:12.974[restartedMain] [DefaultListableBeanFactory:953] - Autowiring by type from bean name 'namedParameterJdbcTemplate' via factory method to bean named 'jdbcTemplate'
DEBUG 20260526 20:53:12.980[restartedMain] [DefaultListableBeanFactory:306] - Creating shared instance of singleton bean 'org.springframework.boot.jdbc.autoconfigure.JdbcTemplateAutoConfiguration'
DEBUG 20260526 20:53:12.981[restartedMain] [DefaultListableBeanFactory:306] - Creating shared instance of singleton bean 'org.springframework.boot.jdbc.autoconfigure.JdbcClientAutoConfiguration'
DEBUG 20260526 20:53:12.981[restartedMain] [DefaultListableBeanFactory:306] - Creating shared instance of singleton bean 'jdbcClient'
DEBUG 20260526 20:53:12.982[restartedMain] [DefaultListableBeanFactory:953] - Autowiring by type from bean name 'jdbcClient' via factory method to bean named 'namedParameterJdbcTemplate'
DEBUG 20260526 20:53:12.984[restartedMain] [DefaultListableBeanFactory:306] - Creating shared instance of singleton bean 'org.springframework.boot.mail.autoconfigure.MailSenderAutoConfiguration'
DEBUG 20260526 20:53:12.985[restartedMain] [DefaultListableBeanFactory:306] - Creating shared instance of singleton bean 'org.springframework.boot.persistence.autoconfigure.PersistenceExceptionTranslationAutoConfiguration'
DEBUG 20260526 20:53:12.986[restartedMain] [DefaultListableBeanFactory:306] - Creating shared instance of singleton bean 'multipartResolver'
DEBUG 20260526 20:53:12.990[restartedMain] [DefaultListableBeanFactory:306] - Creating shared instance of singleton bean 'org.springframework.boot.jdbc.autoconfigure.DataSourceTransactionManagerAutoConfiguration$JdbcTransactionManagerConfiguration'
DEBUG 20260526 20:53:12.994[restartedMain] [DefaultListableBeanFactory:306] - Creating shared instance of singleton bean 'org.springframework.boot.jdbc.autoconfigure.DataSourceTransactionManagerAutoConfiguration'
DEBUG 20260526 20:53:12.995[restartedMain] [DefaultListableBeanFactory:306] - Creating shared instance of singleton bean 'org.springframework.boot.transaction.autoconfigure.TransactionAutoConfiguration$EnableTransactionManagementConfiguration$CglibAutoProxyConfiguration'
DEBUG 20260526 20:53:12.996[restartedMain] [DefaultListableBeanFactory:306] - Creating shared instance of singleton bean 'org.springframework.boot.transaction.autoconfigure.TransactionAutoConfiguration$EnableTransactionManagementConfiguration'
DEBUG 20260526 20:53:12.997[restartedMain] [DefaultListableBeanFactory:306] - Creating shared instance of singleton bean 'org.springframework.boot.transaction.autoconfigure.TransactionAutoConfiguration$TransactionTemplateConfiguration'
DEBUG 20260526 20:53:12.997[restartedMain] [DefaultListableBeanFactory:306] - Creating shared instance of singleton bean 'transactionTemplate'
DEBUG 20260526 20:53:12.998[restartedMain] [DefaultListableBeanFactory:953] - Autowiring by type from bean name 'transactionTemplate' via factory method to bean named 'transactionManager'
DEBUG 20260526 20:53:13.000[restartedMain] [DefaultListableBeanFactory:306] - Creating shared instance of singleton bean 'org.springframework.boot.transaction.autoconfigure.TransactionAutoConfiguration'
DEBUG 20260526 20:53:13.010[restartedMain] [AnnotationMBeanExporter:444] - Registering beans for JMX exposure on startup
DEBUG 20260526 20:53:13.011[restartedMain] [AnnotationMBeanExporter:569] - Auto-detecting user-defined JMX MBeans
DEBUG 20260526 20:53:13.013[restartedMain] [AnnotationMBeanExporter:922] - Bean with name 'dataSource' has been autodetected for JMX exposure
DEBUG 20260526 20:53:13.020[restartedMain] [AnnotationMBeanExporter:696] - Located MBean 'dataSource': registering with JMX server as MBean [com.zaxxer.hikari:name=dataSource,type=HikariDataSource]
DEBUG 20260526 20:53:13.032[restartedMain] [DefaultLifecycleProcessor:608] - Starting beans in phase -2147483647
DEBUG 20260526 20:53:13.032[restartedMain] [DefaultLifecycleProcessor:426] - Successfully started bean 'springBootLoggingLifecycle'
DEBUG 20260526 20:53:13.033[restartedMain] [DefaultLifecycleProcessor:608] - Starting beans in phase 1073741823
DEBUG 20260526 20:53:13.033[restartedMain] [DefaultLifecycleProcessor:608] - Starting beans in phase 2147481599
INFO  20260526 20:53:13.033[restartedMain] [Http11NioProtocol:168] - Starting ProtocolHandler ["http-nio-8181"]
INFO  20260526 20:53:13.069[restartedMain] [TomcatWebServer:240] - Tomcat started on port 8181 (http) with context path '/'
DEBUG 20260526 20:53:13.077[restartedMain] [DefaultLifecycleProcessor:426] - Successfully started bean 'webServerStartStop'
DEBUG 20260526 20:53:13.077[restartedMain] [DefaultLifecycleProcessor:608] - Starting beans in phase 2147482623
DEBUG 20260526 20:53:13.077[restartedMain] [DefaultLifecycleProcessor:426] - Successfully started bean 'webServerGracefulShutdown'
DEBUG 20260526 20:53:13.457[restartedMain] [ConditionEvaluationReportLogger:72] - 


============================
CONDITIONS EVALUATION REPORT
============================


Positive matches:
-----------------

   AopAutoConfiguration matched:
      - @ConditionalOnBooleanProperty (spring.aop.auto=true) matched (OnPropertyCondition)

   AopAutoConfiguration.AspectJAutoProxyingConfiguration matched:
      - @ConditionalOnClass found required class 'org.aspectj.weaver.Advice' (OnClassCondition)

   AopAutoConfiguration.AspectJAutoProxyingConfiguration.CglibAutoProxyConfiguration matched:
      - @ConditionalOnBooleanProperty (spring.aop.proxy-target-class=true) matched (OnPropertyCondition)

   ApplicationAvailabilityAutoConfiguration#applicationAvailability matched:
      - @ConditionalOnMissingBean (types: org.springframework.boot.availability.ApplicationAvailability; SearchStrategy: all) did not find any beans (OnBeanCondition)

   DataJpaRepositoriesAutoConfiguration matched:
      - @ConditionalOnClass found required class 'org.springframework.data.jpa.repository.JpaRepository' (OnClassCondition)
      - @ConditionalOnBooleanProperty (spring.data.jpa.repositories.enabled=true) matched (OnPropertyCondition)
      - @ConditionalOnBean (types: javax.sql.DataSource; SearchStrategy: all) found bean 'dataSource'; @ConditionalOnMissingBean (types: org.springframework.data.jpa.repository.support.JpaRepositoryFactoryBean,org.springframework.data.jpa.repository.config.JpaRepositoryConfigExtension; SearchStrategy: all) did not find any beans (OnBeanCondition)

   DataSourceAutoConfiguration matched:
      - @ConditionalOnClass found required classes 'javax.sql.DataSource', 'org.springframework.jdbc.datasource.embedded.EmbeddedDatabaseType' (OnClassCondition)
      - @ConditionalOnMissingBean (types: io.r2dbc.spi.ConnectionFactory; SearchStrategy: all) did not find any beans (OnBeanCondition)

   DataSourceAutoConfiguration.PooledDataSourceConfiguration matched:
      - AnyNestedCondition 1 matched 1 did not; NestedCondition on DataSourceAutoConfiguration.PooledDataSourceCondition.PooledDataSourceAvailable PooledDataSource found supported DataSource; NestedCondition on DataSourceAutoConfiguration.PooledDataSourceCondition.ExplicitType @ConditionalOnProperty (spring.datasource.type) did not find property 'spring.datasource.type' (DataSourceAutoConfiguration.PooledDataSourceCondition)
      - @ConditionalOnMissingBean (types: javax.sql.DataSource,javax.sql.XADataSource; SearchStrategy: all) did not find any beans (OnBeanCondition)

   DataSourceAutoConfiguration.PooledDataSourceConfiguration#jdbcConnectionDetails matched:
      - @ConditionalOnMissingBean (types: org.springframework.boot.jdbc.autoconfigure.JdbcConnectionDetails; SearchStrategy: all) did not find any beans (OnBeanCondition)

   DataSourceConfiguration.Hikari matched:
      - @ConditionalOnClass found required class 'com.zaxxer.hikari.HikariDataSource' (OnClassCondition)
      - @ConditionalOnProperty (spring.datasource.type=com.zaxxer.hikari.HikariDataSource) matched (OnPropertyCondition)
      - @ConditionalOnMissingBean (types: javax.sql.DataSource; SearchStrategy: all) did not find any beans (OnBeanCondition)

   DataSourceInitializationAutoConfiguration matched:
      - @ConditionalOnClass found required class 'org.springframework.jdbc.datasource.init.DatabasePopulator' (OnClassCondition)
      - SQL InitializationDatabase Initialization default value is EMBEDDED (OnSqlInitializationCondition)
      - @ConditionalOnSingleCandidate (types: javax.sql.DataSource; SearchStrategy: all) found a single bean 'dataSource'; @ConditionalOnMissingBean (types: org.springframework.boot.sql.autoconfigure.init.ApplicationScriptDatabaseInitializer; SearchStrategy: all) did not find any beans (OnBeanCondition)

   DataSourceJmxConfiguration matched:
      - @ConditionalOnBooleanProperty (spring.jmx.enabled=true) matched (OnPropertyCondition)

   DataSourceJmxConfiguration.Hikari matched:
      - @ConditionalOnClass found required class 'com.zaxxer.hikari.HikariDataSource' (OnClassCondition)
      - @ConditionalOnSingleCandidate (types: javax.sql.DataSource; SearchStrategy: all) found a single bean 'dataSource' (OnBeanCondition)

   DataSourcePoolMetadataProvidersConfiguration.HikariPoolDataSourceMetadataProviderConfiguration matched:
      - @ConditionalOnClass found required class 'com.zaxxer.hikari.HikariDataSource' (OnClassCondition)

   DataSourceTransactionManagerAutoConfiguration matched:
      - @ConditionalOnClass found required classes 'javax.sql.DataSource', 'org.springframework.jdbc.core.JdbcTemplate', 'org.springframework.transaction.TransactionManager' (OnClassCondition)

   DataSourceTransactionManagerAutoConfiguration.JdbcTransactionManagerConfiguration matched:
      - @ConditionalOnSingleCandidate (types: javax.sql.DataSource; SearchStrategy: all) found a single bean 'dataSource' (OnBeanCondition)

   DataWebAutoConfiguration matched:
      - @ConditionalOnClass found required classes 'org.springframework.data.web.PageableHandlerMethodArgumentResolver', 'org.springframework.web.servlet.config.annotation.WebMvcConfigurer' (OnClassCondition)
      - found 'session' scope (OnWebApplicationCondition)
      - @ConditionalOnMissingBean (types: org.springframework.data.web.PageableHandlerMethodArgumentResolver; SearchStrategy: all) did not find any beans (OnBeanCondition)

   DataWebAutoConfiguration#pageableCustomizer matched:
      - @ConditionalOnMissingBean (types: org.springframework.data.web.config.PageableHandlerMethodArgumentResolverCustomizer; SearchStrategy: all) did not find any beans (OnBeanCondition)

   DataWebAutoConfiguration#sortCustomizer matched:
      - @ConditionalOnMissingBean (types: org.springframework.data.web.config.SortHandlerMethodArgumentResolverCustomizer; SearchStrategy: all) did not find any beans (OnBeanCondition)

   DataWebAutoConfiguration#springDataWebSettings matched:
      - @ConditionalOnMissingBean (types: org.springframework.data.web.config.SpringDataWebSettings; SearchStrategy: all) did not find any beans (OnBeanCondition)

   DevToolsDataSourceAutoConfiguration matched:
      - @ConditionalOnClass found required class 'javax.sql.DataSource' (OnClassCondition)
      - Devtools devtools enabled. (OnEnabledDevToolsCondition)
      - DevTools DataSource Condition found auto-configured DataSource (DevToolsDataSourceAutoConfiguration.DevToolsDataSourceCondition)

   DevToolsDataSourceAutoConfiguration.DatabaseShutdownExecutorEntityManagerFactoryDependsOnConfiguration matched:
      - @ConditionalOnClass found required classes 'org.springframework.boot.jpa.autoconfigure.EntityManagerFactoryDependsOnPostProcessor', 'org.springframework.orm.jpa.LocalContainerEntityManagerFactoryBean' (OnClassCondition)
      - @ConditionalOnBean (types: org.springframework.orm.jpa.AbstractEntityManagerFactoryBean; SearchStrategy: all) found bean '&entityManagerFactory' (OnBeanCondition)

   DispatcherServletAutoConfiguration matched:
      - @ConditionalOnClass found required class 'org.springframework.web.servlet.DispatcherServlet' (OnClassCondition)
      - found 'session' scope (OnWebApplicationCondition)

   DispatcherServletAutoConfiguration.DispatcherServletConfiguration matched:
      - @ConditionalOnClass found required class 'jakarta.servlet.ServletRegistration' (OnClassCondition)
      - Default DispatcherServlet did not find dispatcher servlet beans (DispatcherServletAutoConfiguration.DefaultDispatcherServletCondition)

   DispatcherServletAutoConfiguration.DispatcherServletRegistrationConfiguration matched:
      - @ConditionalOnClass found required class 'jakarta.servlet.ServletRegistration' (OnClassCondition)
      - DispatcherServlet Registration did not find servlet registration bean (DispatcherServletAutoConfiguration.DispatcherServletRegistrationCondition)

   DispatcherServletAutoConfiguration.DispatcherServletRegistrationConfiguration#dispatcherServletRegistration matched:
      - @ConditionalOnBean (names: dispatcherServlet types: org.springframework.web.servlet.DispatcherServlet; SearchStrategy: all) found bean 'dispatcherServlet' (OnBeanCondition)

   ErrorMvcAutoConfiguration matched:
      - @ConditionalOnClass found required classes 'jakarta.servlet.Servlet', 'org.springframework.web.servlet.DispatcherServlet' (OnClassCondition)
      - found 'session' scope (OnWebApplicationCondition)

   ErrorMvcAutoConfiguration#basicErrorController matched:
      - @ConditionalOnMissingBean (types: org.springframework.boot.webmvc.error.ErrorController; SearchStrategy: current) did not find any beans (OnBeanCondition)

   ErrorMvcAutoConfiguration#errorAttributes matched:
      - @ConditionalOnMissingBean (types: org.springframework.boot.webmvc.error.ErrorAttributes; SearchStrategy: current) did not find any beans (OnBeanCondition)

   ErrorMvcAutoConfiguration.DefaultErrorViewResolverConfiguration#conventionErrorViewResolver matched:
      - @ConditionalOnBean (types: org.springframework.web.servlet.DispatcherServlet; SearchStrategy: all) found bean 'dispatcherServlet'; @ConditionalOnMissingBean (types: org.springframework.boot.webmvc.autoconfigure.error.ErrorViewResolver; SearchStrategy: all) did not find any beans (OnBeanCondition)

   ErrorMvcAutoConfiguration.WhitelabelErrorViewConfiguration matched:
      - @ConditionalOnBooleanProperty (spring.web.error.whitelabel.enabled=true) matched (OnPropertyCondition)
      - ErrorTemplate Missing did not find error template view (ErrorMvcAutoConfiguration.ErrorTemplateMissingCondition)

   ErrorMvcAutoConfiguration.WhitelabelErrorViewConfiguration#beanNameViewResolver matched:
      - @ConditionalOnMissingBean (types: org.springframework.web.servlet.view.BeanNameViewResolver; SearchStrategy: all) did not find any beans (OnBeanCondition)

   ErrorMvcAutoConfiguration.WhitelabelErrorViewConfiguration#defaultErrorView matched:
      - @ConditionalOnMissingBean (names: error; SearchStrategy: all) did not find any beans (OnBeanCondition)

   HibernateJpaAutoConfiguration matched:
      - @ConditionalOnClass found required classes 'org.springframework.orm.jpa.LocalContainerEntityManagerFactoryBean', 'jakarta.persistence.EntityManager', 'org.hibernate.engine.spi.SessionImplementor' (OnClassCondition)

   HibernateJpaConfiguration matched:
      - @ConditionalOnSingleCandidate (types: javax.sql.DataSource; SearchStrategy: all) found a single bean 'dataSource' (OnBeanCondition)

   HttpEncodingAutoConfiguration matched:
      - @ConditionalOnClass found required class 'org.springframework.web.filter.CharacterEncodingFilter' (OnClassCondition)
      - found 'session' scope (OnWebApplicationCondition)
      - @ConditionalOnBooleanProperty (spring.servlet.encoding.enabled=true) matched (OnPropertyCondition)

   HttpEncodingAutoConfiguration#characterEncodingFilter matched:
      - @ConditionalOnMissingBean (types: org.springframework.web.filter.CharacterEncodingFilter; SearchStrategy: all) did not find any beans (OnBeanCondition)

   HttpMessageConvertersAutoConfiguration matched:
      - @ConditionalOnClass found required class 'org.springframework.http.converter.HttpMessageConverter' (OnClassCondition)
      - NoneNestedConditions 0 matched 1 did not; NestedCondition on HttpMessageConvertersAutoConfiguration.NotReactiveWebApplicationCondition.ReactiveWebApplication did not find reactive web application classes (HttpMessageConvertersAutoConfiguration.NotReactiveWebApplicationCondition)

   HttpMessageConvertersAutoConfiguration.StringHttpMessageConverterConfiguration#stringHttpMessageConvertersCustomizer matched:
      - @ConditionalOnMissingBean (types: org.springframework.http.converter.StringHttpMessageConverter; SearchStrategy: all) did not find any beans (OnBeanCondition)

   JacksonAutoConfiguration matched:
      - @ConditionalOnClass found required class 'tools.jackson.databind.json.JsonMapper' (OnClassCondition)

   JacksonAutoConfiguration#jacksonJsonMapper matched:
      - @ConditionalOnMissingBean (types: tools.jackson.databind.json.JsonMapper; SearchStrategy: all) did not find any beans (OnBeanCondition)

   JacksonAutoConfiguration#jsonMapperBuilder matched:
      - @ConditionalOnMissingBean (types: tools.jackson.databind.json.JsonMapper$Builder; SearchStrategy: all) did not find any beans (OnBeanCondition)

   JacksonAutoConfiguration.JsonProblemDetailsConfiguration matched:
      - @ConditionalOnClass found required class 'org.springframework.http.ProblemDetail' (OnClassCondition)

   JacksonHttpMessageConvertersConfiguration.JacksonJsonHttpMessageConverterConfiguration matched:
      - @ConditionalOnClass found required class 'tools.jackson.databind.json.JsonMapper' (OnClassCondition)
      - @ConditionalOnProperty (spring.http.converters.preferred-json-mapper=jackson) matched (OnPropertyCondition)
      - @ConditionalOnBean (types: tools.jackson.databind.json.JsonMapper; SearchStrategy: all) found bean 'jacksonJsonMapper' (OnBeanCondition)

   JacksonHttpMessageConvertersConfiguration.JacksonJsonHttpMessageConverterConfiguration#jacksonJsonHttpMessageConvertersCustomizer matched:
      - @ConditionalOnMissingBean (types: org.springframework.http.converter.json.JacksonJsonHttpMessageConverter ignored: org.springframework.hateoas.server.mvc.TypeConstrainedJacksonJsonHttpMessageConverter,org.springframework.data.rest.webmvc.alps.AlpsJacksonJsonHttpMessageConverter; SearchStrategy: all) did not find any beans (OnBeanCondition)

   JdbcClientAutoConfiguration matched:
      - @ConditionalOnSingleCandidate (types: org.springframework.jdbc.core.namedparam.NamedParameterJdbcTemplate; SearchStrategy: all) found a single bean 'namedParameterJdbcTemplate'; @ConditionalOnMissingBean (types: org.springframework.jdbc.core.simple.JdbcClient; SearchStrategy: all) did not find any beans (OnBeanCondition)

   JdbcTemplateAutoConfiguration matched:
      - @ConditionalOnClass found required classes 'javax.sql.DataSource', 'org.springframework.jdbc.core.JdbcTemplate' (OnClassCondition)
      - @ConditionalOnSingleCandidate (types: javax.sql.DataSource; SearchStrategy: all) found a single bean 'dataSource' (OnBeanCondition)

   JdbcTemplateConfiguration matched:
      - @ConditionalOnMissingBean (types: org.springframework.jdbc.core.JdbcOperations; SearchStrategy: all) did not find any beans (OnBeanCondition)

   JmxAutoConfiguration matched:
      - @ConditionalOnClass found required class 'org.springframework.jmx.export.MBeanExporter' (OnClassCondition)
      - @ConditionalOnBooleanProperty (spring.jmx.enabled=true) matched (OnPropertyCondition)

   JmxAutoConfiguration#mbeanExporter matched:
      - @ConditionalOnMissingBean (types: org.springframework.jmx.export.MBeanExporter; SearchStrategy: current) did not find any beans (OnBeanCondition)

   JmxAutoConfiguration#mbeanServer matched:
      - @ConditionalOnMissingBean (types: javax.management.MBeanServer; SearchStrategy: all) did not find any beans (OnBeanCondition)

   JmxAutoConfiguration#objectNamingStrategy matched:
      - @ConditionalOnMissingBean (types: org.springframework.jmx.export.naming.ObjectNamingStrategy; SearchStrategy: current) did not find any beans (OnBeanCondition)

   JpaBaseConfiguration#entityManagerFactory matched:
      - @ConditionalOnMissingBean (types: org.springframework.orm.jpa.LocalContainerEntityManagerFactoryBean,jakarta.persistence.EntityManagerFactory; SearchStrategy: all) did not find any beans (OnBeanCondition)

   JpaBaseConfiguration#entityManagerFactoryBuilder matched:
      - @ConditionalOnMissingBean (types: org.springframework.boot.jpa.EntityManagerFactoryBuilder; SearchStrategy: all) did not find any beans (OnBeanCondition)

   JpaBaseConfiguration#jpaVendorAdapter matched:
      - @ConditionalOnMissingBean (types: org.springframework.orm.jpa.JpaVendorAdapter; SearchStrategy: all) did not find any beans (OnBeanCondition)

   JpaBaseConfiguration#transactionManager matched:
      - @ConditionalOnMissingBean (types: org.springframework.transaction.TransactionManager; SearchStrategy: all) did not find any beans (OnBeanCondition)

   JpaBaseConfiguration.JpaWebConfiguration matched:
      - @ConditionalOnClass found required class 'org.springframework.web.servlet.config.annotation.WebMvcConfigurer' (OnClassCondition)
      - found 'session' scope (OnWebApplicationCondition)
      - @ConditionalOnBooleanProperty (spring.jpa.open-in-view=true) matched (OnPropertyCondition)
      - @ConditionalOnMissingBean (types: org.springframework.orm.jpa.support.OpenEntityManagerInViewInterceptor,org.springframework.orm.jpa.support.OpenEntityManagerInViewFilter; SearchStrategy: all) did not find any beans (OnBeanCondition)

   JpaBaseConfiguration.PersistenceManagedTypesConfiguration matched:
      - @ConditionalOnMissingBean (types: org.springframework.orm.jpa.LocalContainerEntityManagerFactoryBean,jakarta.persistence.EntityManagerFactory; SearchStrategy: all) did not find any beans (OnBeanCondition)

   JpaBaseConfiguration.PersistenceManagedTypesConfiguration#persistenceManagedTypes matched:
      - @ConditionalOnMissingBean (types: org.springframework.orm.jpa.persistenceunit.PersistenceManagedTypes; SearchStrategy: all) did not find any beans (OnBeanCondition)

   JtaAutoConfiguration matched:
      - @ConditionalOnClass found required class 'jakarta.transaction.Transaction' (OnClassCondition)
      - @ConditionalOnBooleanProperty (spring.jta.enabled=true) matched (OnPropertyCondition)

   LifecycleAutoConfiguration#defaultLifecycleProcessor matched:
      - @ConditionalOnMissingBean (names: lifecycleProcessor; SearchStrategy: current) did not find any beans (OnBeanCondition)

   LocalDevToolsAutoConfiguration matched:
      - Initialized Restarter Condition available and initialized (OnInitializedRestarterCondition)

   LocalDevToolsAutoConfiguration.RestartConfiguration matched:
      - @ConditionalOnBooleanProperty (spring.devtools.restart.enabled=true) matched (OnPropertyCondition)

   LocalDevToolsAutoConfiguration.RestartConfiguration#classPathFileSystemWatcher matched:
      - @ConditionalOnMissingBean (types: org.springframework.boot.devtools.classpath.ClassPathFileSystemWatcher; SearchStrategy: all) did not find any beans (OnBeanCondition)

   LocalDevToolsAutoConfiguration.RestartConfiguration#classPathRestartStrategy matched:
      - @ConditionalOnMissingBean (types: org.springframework.boot.devtools.classpath.ClassPathRestartStrategy; SearchStrategy: all) did not find any beans (OnBeanCondition)

   LocalDevToolsAutoConfiguration.RestartConfiguration#conditionEvaluationDeltaLoggingListener matched:
      - @ConditionalOnBooleanProperty (spring.devtools.restart.log-condition-evaluation-delta=true) matched (OnPropertyCondition)

   MailSenderAutoConfiguration matched:
      - @ConditionalOnClass found required classes 'jakarta.mail.internet.MimeMessage', 'jakarta.activation.MimeType', 'org.springframework.mail.MailSender' (OnClassCondition)
      - AnyNestedCondition 1 matched 1 did not; NestedCondition on MailSenderAutoConfiguration.MailSenderCondition.JndiNameProperty @ConditionalOnProperty (spring.mail.jndi-name) did not find property 'spring.mail.jndi-name'; NestedCondition on MailSenderAutoConfiguration.MailSenderCondition.HostProperty @ConditionalOnProperty (spring.mail.host) matched (MailSenderAutoConfiguration.MailSenderCondition)
      - @ConditionalOnMissingBean (types: org.springframework.mail.MailSender; SearchStrategy: all) did not find any beans (OnBeanCondition)

   MailSenderPropertiesConfiguration matched:
      - @ConditionalOnProperty (spring.mail.host) matched (OnPropertyCondition)

   MailSenderPropertiesConfiguration#mailSender matched:
      - @ConditionalOnMissingBean (types: org.springframework.mail.javamail.JavaMailSender; SearchStrategy: all) did not find any beans (OnBeanCondition)

   MultipartAutoConfiguration matched:
      - @ConditionalOnClass found required classes 'jakarta.servlet.Servlet', 'org.springframework.web.multipart.support.StandardServletMultipartResolver', 'jakarta.servlet.MultipartConfigElement' (OnClassCondition)
      - found 'session' scope (OnWebApplicationCondition)
      - @ConditionalOnBooleanProperty (spring.servlet.multipart.enabled=true) matched (OnPropertyCondition)

   MultipartAutoConfiguration#multipartConfigElement matched:
      - @ConditionalOnMissingBean (types: jakarta.servlet.MultipartConfigElement; SearchStrategy: all) did not find any beans (OnBeanCondition)

   MultipartAutoConfiguration#multipartResolver matched:
      - @ConditionalOnMissingBean (types: org.springframework.web.multipart.MultipartResolver; SearchStrategy: all) did not find any beans (OnBeanCondition)

   MustacheAutoConfiguration matched:
      - @ConditionalOnClass found required class 'com.samskivert.mustache.Mustache' (OnClassCondition)

   MustacheAutoConfiguration#mustacheCompiler matched:
      - @ConditionalOnMissingBean (types: com.samskivert.mustache.Mustache$Compiler; SearchStrategy: all) did not find any beans (OnBeanCondition)

   MustacheAutoConfiguration#mustacheTemplateLoader matched:
      - @ConditionalOnMissingBean (types: com.samskivert.mustache.Mustache$TemplateLoader; SearchStrategy: all) did not find any beans (OnBeanCondition)

   MustacheServletWebConfiguration matched:
      - @ConditionalOnClass found required class 'org.springframework.boot.mustache.servlet.view.MustacheViewResolver' (OnClassCondition)
      - found 'session' scope (OnWebApplicationCondition)

   MustacheServletWebConfiguration#mustacheViewResolver matched:
      - @ConditionalOnMissingBean (types: org.springframework.boot.mustache.servlet.view.MustacheViewResolver; SearchStrategy: all) did not find any beans (OnBeanCondition)

   NamedParameterJdbcTemplateConfiguration matched:
      - @ConditionalOnSingleCandidate (types: org.springframework.jdbc.core.JdbcTemplate; SearchStrategy: all) found a single bean 'jdbcTemplate'; @ConditionalOnMissingBean (types: org.springframework.jdbc.core.namedparam.NamedParameterJdbcOperations; SearchStrategy: all) did not find any beans (OnBeanCondition)

   PersistenceExceptionTranslationAutoConfiguration matched:
      - @ConditionalOnClass found required class 'org.springframework.dao.annotation.PersistenceExceptionTranslationPostProcessor' (OnClassCondition)

   PersistenceExceptionTranslationAutoConfiguration#persistenceExceptionTranslationPostProcessor matched:
      - @ConditionalOnBooleanProperty (spring.persistence.exceptiontranslation.enabled=true) matched (OnPropertyCondition)
      - @ConditionalOnMissingBean (types: org.springframework.dao.annotation.PersistenceExceptionTranslationPostProcessor; SearchStrategy: all) did not find any beans (OnBeanCondition)

   PropertyPlaceholderAutoConfiguration#propertySourcesPlaceholderConfigurer matched:
      - @ConditionalOnMissingBean (types: org.springframework.context.support.PropertySourcesPlaceholderConfigurer; SearchStrategy: current) did not find any beans (OnBeanCondition)

   SpringApplicationAdminJmxAutoConfiguration matched:
      - @ConditionalOnBooleanProperty (spring.application.admin.enabled=true) matched (OnPropertyCondition)

   SpringApplicationAdminJmxAutoConfiguration#springApplicationAdminRegistrar matched:
      - @ConditionalOnMissingBean (types: org.springframework.boot.admin.SpringApplicationAdminMXBeanRegistrar; SearchStrategy: all) did not find any beans (OnBeanCondition)

   SslAutoConfiguration#sslBundleRegistry matched:
      - @ConditionalOnMissingBean (types: org.springframework.boot.ssl.SslBundleRegistry,org.springframework.boot.ssl.SslBundles; SearchStrategy: all) did not find any beans (OnBeanCondition)

   TaskExecutionAutoConfiguration matched:
      - @ConditionalOnClass found required class 'org.springframework.scheduling.concurrent.ThreadPoolTaskExecutor' (OnClassCondition)

   TaskExecutorConfigurations.AsyncConfigurerConfiguration matched:
      - @ConditionalOnMissingBean (types: org.springframework.scheduling.annotation.AsyncConfigurer; SearchStrategy: all) did not find any beans (OnBeanCondition)

   TaskExecutorConfigurations.SimpleAsyncTaskExecutorBuilderConfiguration#simpleAsyncTaskExecutorBuilder matched:
      - @ConditionalOnMissingBean (types: org.springframework.boot.task.SimpleAsyncTaskExecutorBuilder; SearchStrategy: all) did not find any beans (OnBeanCondition)
      - @ConditionalOnThreading found PLATFORM (OnThreadingCondition)

   TaskExecutorConfigurations.TaskExecutorConfiguration matched:
      - AnyNestedCondition 1 matched 1 did not; NestedCondition on TaskExecutorConfigurations.OnExecutorCondition.ModelCondition @ConditionalOnProperty (spring.task.execution.mode=force) did not find property 'spring.task.execution.mode'; NestedCondition on TaskExecutorConfigurations.OnExecutorCondition.ExecutorBeanCondition @ConditionalOnMissingBean (types: java.util.concurrent.Executor; SearchStrategy: all) did not find any beans (TaskExecutorConfigurations.OnExecutorCondition)

   TaskExecutorConfigurations.TaskExecutorConfiguration#applicationTaskExecutor matched:
      - @ConditionalOnThreading found PLATFORM (OnThreadingCondition)

   TaskExecutorConfigurations.ThreadPoolTaskExecutorBuilderConfiguration#threadPoolTaskExecutorBuilder matched:
      - @ConditionalOnMissingBean (types: org.springframework.boot.task.ThreadPoolTaskExecutorBuilder; SearchStrategy: all) did not find any beans (OnBeanCondition)

   TaskSchedulingAutoConfiguration matched:
      - @ConditionalOnClass found required class 'org.springframework.scheduling.concurrent.ThreadPoolTaskScheduler' (OnClassCondition)

   TaskSchedulingConfigurations.SimpleAsyncTaskSchedulerBuilderConfiguration#simpleAsyncTaskSchedulerBuilder matched:
      - @ConditionalOnMissingBean (types: org.springframework.boot.task.SimpleAsyncTaskSchedulerBuilder; SearchStrategy: all) did not find any beans (OnBeanCondition)
      - @ConditionalOnThreading found PLATFORM (OnThreadingCondition)

   TaskSchedulingConfigurations.ThreadPoolTaskSchedulerBuilderConfiguration#threadPoolTaskSchedulerBuilder matched:
      - @ConditionalOnMissingBean (types: org.springframework.boot.task.ThreadPoolTaskSchedulerBuilder; SearchStrategy: all) did not find any beans (OnBeanCondition)

   TomcatServletWebServerAutoConfiguration matched:
      - @ConditionalOnClass found required classes 'jakarta.servlet.ServletRequest', 'org.apache.catalina.startup.Tomcat', 'org.apache.coyote.UpgradeProtocol', 'org.springframework.boot.tomcat.servlet.TomcatServletWebServerFactory' (OnClassCondition)
      - found 'session' scope (OnWebApplicationCondition)

   TomcatServletWebServerAutoConfiguration#tomcatServletWebServerFactory matched:
      - @ConditionalOnMissingBean (types: org.springframework.boot.web.server.servlet.ServletWebServerFactory; SearchStrategy: current) did not find any beans (OnBeanCondition)

   TomcatWebServerConfiguration matched:
      - @ConditionalOnWarDeployment the application is not deployed as a WAR file. (OnWarDeploymentCondition)

   TomcatWebServerConfiguration.TomcatWebSocketConfiguration matched:
      - @ConditionalOnClass found required class 'org.apache.tomcat.websocket.server.WsSci' (OnClassCondition)

   TransactionAutoConfiguration matched:
      - @ConditionalOnClass found required class 'org.springframework.transaction.PlatformTransactionManager' (OnClassCondition)

   TransactionAutoConfiguration.EnableTransactionManagementConfiguration matched:
      - @ConditionalOnBean (types: org.springframework.transaction.TransactionManager; SearchStrategy: all) found bean 'transactionManager'; @ConditionalOnMissingBean (types: org.springframework.transaction.annotation.AbstractTransactionManagementConfiguration; SearchStrategy: all) did not find any beans (OnBeanCondition)

   TransactionAutoConfiguration.EnableTransactionManagementConfiguration.CglibAutoProxyConfiguration matched:
      - @ConditionalOnBooleanProperty (spring.aop.proxy-target-class=true) matched (OnPropertyCondition)

   TransactionAutoConfiguration.TransactionTemplateConfiguration matched:
      - @ConditionalOnSingleCandidate (types: org.springframework.transaction.PlatformTransactionManager; SearchStrategy: all) found a single bean 'transactionManager' (OnBeanCondition)

   TransactionAutoConfiguration.TransactionTemplateConfiguration#transactionTemplate matched:
      - @ConditionalOnMissingBean (types: org.springframework.transaction.support.TransactionOperations; SearchStrategy: all) did not find any beans (OnBeanCondition)

   TransactionManagerCustomizationAutoConfiguration matched:
      - @ConditionalOnClass found required class 'org.springframework.transaction.PlatformTransactionManager' (OnClassCondition)

   TransactionManagerCustomizationAutoConfiguration#platformTransactionManagerCustomizers matched:
      - @ConditionalOnMissingBean (types: org.springframework.boot.transaction.autoconfigure.TransactionManagerCustomizers; SearchStrategy: all) did not find any beans (OnBeanCondition)

   WebMvcAutoConfiguration matched:
      - @ConditionalOnClass found required classes 'jakarta.servlet.Servlet', 'org.springframework.web.servlet.DispatcherServlet', 'org.springframework.web.servlet.config.annotation.WebMvcConfigurer' (OnClassCondition)
      - found 'session' scope (OnWebApplicationCondition)
      - @ConditionalOnMissingBean (types: org.springframework.web.servlet.config.annotation.WebMvcConfigurationSupport; SearchStrategy: all) did not find any beans (OnBeanCondition)

   WebMvcAutoConfiguration#formContentFilter matched:
      - @ConditionalOnBooleanProperty (spring.mvc.formcontent.filter.enabled=true) matched (OnPropertyCondition)
      - @ConditionalOnMissingBean (types: org.springframework.web.filter.FormContentFilter; SearchStrategy: all) did not find any beans (OnBeanCondition)

   WebMvcAutoConfiguration.EnableWebMvcConfiguration#flashMapManager matched:
      - @ConditionalOnMissingBean (names: flashMapManager; SearchStrategy: all) did not find any beans (OnBeanCondition)

   WebMvcAutoConfiguration.EnableWebMvcConfiguration#localeResolver matched:
      - @ConditionalOnMissingBean (names: localeResolver; SearchStrategy: all) did not find any beans (OnBeanCondition)

   WebMvcAutoConfiguration.EnableWebMvcConfiguration#viewNameTranslator matched:
      - @ConditionalOnMissingBean (names: viewNameTranslator; SearchStrategy: all) did not find any beans (OnBeanCondition)

   WebMvcAutoConfiguration.WebMvcAutoConfigurationAdapter#defaultViewResolver matched:
      - @ConditionalOnMissingBean (types: org.springframework.web.servlet.view.InternalResourceViewResolver; SearchStrategy: all) did not find any beans (OnBeanCondition)

   WebMvcAutoConfiguration.WebMvcAutoConfigurationAdapter#requestContextFilter matched:
      - @ConditionalOnMissingBean (types: org.springframework.web.context.request.RequestContextListener,org.springframework.web.filter.RequestContextFilter; SearchStrategy: all) did not find any beans (OnBeanCondition)

   WebMvcAutoConfiguration.WebMvcAutoConfigurationAdapter#viewResolver matched:
      - @ConditionalOnBean (types: org.springframework.web.servlet.ViewResolver; SearchStrategy: all) found beans 'defaultViewResolver', 'beanNameViewResolver', 'mvcViewResolver'; @ConditionalOnMissingBean (names: viewResolver types: org.springframework.web.servlet.view.ContentNegotiatingViewResolver; SearchStrategy: all) did not find any beans (OnBeanCondition)


Negative matches:
-----------------

   AopAutoConfiguration.AspectJAutoProxyingConfiguration.JdkDynamicAutoProxyConfiguration:
      Did not match:
         - @ConditionalOnBooleanProperty (spring.aop.proxy-target-class=false) did not find property 'spring.aop.proxy-target-class' (OnPropertyCondition)

   AopAutoConfiguration.ClassProxyingConfiguration:
      Did not match:
         - @ConditionalOnMissingClass found unwanted class 'org.aspectj.weaver.Advice' (OnClassCondition)

   DataJpaRepositoriesAutoConfiguration#entityManagerFactoryBootstrapExecutorCustomizer:
      Did not match:
         - AnyNestedCondition 0 matched 2 did not; NestedCondition on DataJpaRepositoriesAutoConfiguration.BootstrapExecutorCondition.LazyBootstrapMode @ConditionalOnProperty (spring.data.jpa.repositories.bootstrap-mode=lazy) did not find property 'spring.data.jpa.repositories.bootstrap-mode'; NestedCondition on DataJpaRepositoriesAutoConfiguration.BootstrapExecutorCondition.DeferredBootstrapMode @ConditionalOnProperty (spring.data.jpa.repositories.bootstrap-mode=deferred) did not find property 'spring.data.jpa.repositories.bootstrap-mode' (DataJpaRepositoriesAutoConfiguration.BootstrapExecutorCondition)

   DataRepositoryMetricsAutoConfiguration:
      Did not match:
         - @ConditionalOnBean did not find required type 'io.micrometer.core.instrument.MeterRegistry' (OnBeanCondition)

   DataSourceAutoConfiguration.EmbeddedDatabaseConfiguration:
      Did not match:
         - EmbeddedDataSource spring.datasource.url is set (DataSourceAutoConfiguration.EmbeddedDatabaseCondition)

   DataSourceCheckpointRestoreConfiguration:
      Did not match:
         - @ConditionalOnClass did not find required class 'org.crac.Resource' (OnClassCondition)

   DataSourceConfiguration.Dbcp2:
      Did not match:
         - @ConditionalOnClass did not find required class 'org.apache.commons.dbcp2.BasicDataSource' (OnClassCondition)

   DataSourceConfiguration.Generic:
      Did not match:
         - @ConditionalOnProperty (spring.datasource.type) did not find property 'spring.datasource.type' (OnPropertyCondition)

   DataSourceConfiguration.OracleUcp:
      Did not match:
         - @ConditionalOnClass did not find required classes 'oracle.ucp.jdbc.PoolDataSourceImpl', 'oracle.jdbc.OracleConnection' (OnClassCondition)

   DataSourceConfiguration.Tomcat:
      Did not match:
         - @ConditionalOnClass did not find required class 'org.apache.tomcat.jdbc.pool.DataSource' (OnClassCondition)

   DataSourceHealthContributorAutoConfiguration:
      Did not match:
         - @ConditionalOnClass did not find required class 'org.springframework.boot.health.autoconfigure.contributor.ConditionalOnEnabledHealthIndicator' (OnClassCondition)

   DataSourceJmxConfiguration.TomcatDataSourceJmxConfiguration:
      Did not match:
         - @ConditionalOnClass did not find required class 'org.apache.tomcat.jdbc.pool.DataSourceProxy' (OnClassCondition)

   DataSourcePoolMetadataProvidersConfiguration.CommonsDbcp2PoolDataSourceMetadataProviderConfiguration:
      Did not match:
         - @ConditionalOnClass did not find required class 'org.apache.commons.dbcp2.BasicDataSource' (OnClassCondition)

   DataSourcePoolMetadataProvidersConfiguration.OracleUcpPoolDataSourceMetadataProviderConfiguration:
      Did not match:
         - @ConditionalOnClass did not find required classes 'oracle.ucp.jdbc.PoolDataSource', 'oracle.jdbc.OracleConnection' (OnClassCondition)

   DataSourcePoolMetadataProvidersConfiguration.TomcatDataSourcePoolMetadataProviderConfiguration:
      Did not match:
         - @ConditionalOnClass did not find required class 'org.apache.tomcat.jdbc.pool.DataSource' (OnClassCondition)

   DataSourcePoolMetricsAutoConfiguration:
      Did not match:
         - @ConditionalOnClass did not find required class 'io.micrometer.core.instrument.MeterRegistry' (OnClassCondition)

   DataSourceTransactionManagerAutoConfiguration.JdbcTransactionManagerConfiguration#transactionManager:
      Did not match:
         - @ConditionalOnMissingBean (types: org.springframework.transaction.TransactionManager; SearchStrategy: all) found beans of type 'org.springframework.transaction.TransactionManager' transactionManager (OnBeanCondition)

   DevToolsR2dbcAutoConfiguration:
      Did not match:
         - @ConditionalOnClass did not find required class 'io.r2dbc.spi.ConnectionFactory' (OnClassCondition)

   DispatcherServletAutoConfiguration.DispatcherServletConfiguration#multipartResolver:
      Did not match:
         - @ConditionalOnBean (types: org.springframework.web.multipart.MultipartResolver; SearchStrategy: all) did not find any beans of type org.springframework.web.multipart.MultipartResolver (OnBeanCondition)

   GsonHttpMessageConvertersConfiguration:
      Did not match:
         - @ConditionalOnClass did not find required class 'com.google.gson.Gson' (OnClassCondition)

   HibernateMetricsAutoConfiguration:
      Did not match:
         - @ConditionalOnClass did not find required class 'io.micrometer.core.instrument.MeterRegistry' (OnClassCondition)

   Jackson2HttpMessageConvertersConfiguration.MappingJackson2HttpMessageConverterConfiguration:
      Did not match:
         - @ConditionalOnClass did not find required class 'com.fasterxml.jackson.databind.ObjectMapper' (OnClassCondition)

   Jackson2HttpMessageConvertersConfiguration.MappingJackson2XmlHttpMessageConverterConfiguration:
      Did not match:
         - @ConditionalOnClass did not find required class 'com.fasterxml.jackson.dataformat.xml.XmlMapper' (OnClassCondition)

   JacksonAutoConfiguration.CborConfiguration:
      Did not match:
         - @ConditionalOnClass did not find required class 'tools.jackson.dataformat.cbor.CBORMapper' (OnClassCondition)

   JacksonAutoConfiguration.XmlConfiguration:
      Did not match:
         - @ConditionalOnClass did not find required class 'tools.jackson.dataformat.xml.XmlMapper' (OnClassCondition)

   JacksonHttpMessageConvertersConfiguration.JacksonXmlHttpMessageConverterConfiguration:
      Did not match:
         - @ConditionalOnClass did not find required class 'tools.jackson.dataformat.xml.XmlMapper' (OnClassCondition)

   JndiDataSourceAutoConfiguration:
      Did not match:
         - @ConditionalOnProperty (spring.datasource.jndi-name) did not find property 'spring.datasource.jndi-name' (OnPropertyCondition)
      Matched:
         - @ConditionalOnClass found required classes 'javax.sql.DataSource', 'org.springframework.jdbc.datasource.embedded.EmbeddedDatabaseType' (OnClassCondition)

   JndiJtaConfiguration:
      Did not match:
         - @ConditionalOnJndi JNDI environment is not available (OnJndiCondition)
      Matched:
         - @ConditionalOnClass found required class 'org.springframework.transaction.jta.JtaTransactionManager' (OnClassCondition)

   JsonbHttpMessageConvertersConfiguration:
      Did not match:
         - @ConditionalOnClass did not find required class 'jakarta.json.bind.Jsonb' (OnClassCondition)

   KotlinSerializationHttpMessageConvertersConfiguration:
      Did not match:
         - @ConditionalOnClass did not find required classes 'kotlinx.serialization.Serializable', 'kotlinx.serialization.json.Json' (OnClassCondition)

   LocalDevToolsAutoConfiguration.LiveReloadConfiguration:
      Did not match:
         - @ConditionalOnBooleanProperty (spring.devtools.livereload.enabled=true) did not find property 'spring.devtools.livereload.enabled' (OnPropertyCondition)

   MailHealthContributorAutoConfiguration:
      Did not match:
         - @ConditionalOnClass did not find required class 'org.springframework.boot.health.autoconfigure.contributor.ConditionalOnEnabledHealthIndicator' (OnClassCondition)

   MailSenderJndiConfiguration:
      Did not match:
         - @ConditionalOnProperty (spring.mail.jndi-name) did not find property 'spring.mail.jndi-name' (OnPropertyCondition)
      Matched:
         - @ConditionalOnClass found required class 'jakarta.mail.Session' (OnClassCondition)

   MailSenderValidatorAutoConfiguration:
      Did not match:
         - @ConditionalOnBooleanProperty (spring.mail.test-connection=true) did not find property 'spring.mail.test-connection' (OnPropertyCondition)

   MessageSourceAutoConfiguration:
      Did not match:
         - ResourceBundle did not find bundle with basename messages (MessageSourceAutoConfiguration.ResourceBundleCondition)

   MustacheReactiveWebConfiguration:
      Did not match:
         - did not find reactive web application classes (OnWebApplicationCondition)

   ProjectInfoAutoConfiguration#buildProperties:
      Did not match:
         - @ConditionalOnResource did not find resource '${spring.info.build.location:classpath:META-INF/build-info.properties}' (OnResourceCondition)

   ProjectInfoAutoConfiguration#gitProperties:
      Did not match:
         - GitResource did not find git info at classpath:git.properties (ProjectInfoAutoConfiguration.GitResourceAvailableCondition)

   RemoteDevToolsAutoConfiguration:
      Did not match:
         - @ConditionalOnProperty (spring.devtools.remote.secret) did not find property 'spring.devtools.remote.secret' (OnPropertyCondition)
      Matched:
         - @ConditionalOnClass found required classes 'jakarta.servlet.Filter', 'org.springframework.http.server.ServerHttpRequest', 'org.springframework.boot.web.server.autoconfigure.ServerProperties' (OnClassCondition)

   ServletHttpExchangesAutoConfiguration:
      Did not match:
         - @ConditionalOnBean did not find required type 'org.springframework.boot.actuate.web.exchanges.HttpExchangeRepository' (OnBeanCondition)

   ServletManagementContextAutoConfiguration:
      Did not match:
         - @ConditionalOnClass did not find required class 'org.springframework.boot.actuate.autoconfigure.endpoint.web.WebEndpointProperties' (OnClassCondition)

   ServletMappingsAutoConfiguration:
      Did not match:
         - @ConditionalOnClass did not find required class 'org.springframework.boot.actuate.autoconfigure.endpoint.condition.ConditionalOnAvailableEndpoint' (OnClassCondition)

   ServletWebServerConfiguration#forwardedHeaderFilter:
      Did not match:
         - @ConditionalOnProperty (server.forward-headers-strategy=framework) did not find property 'server.forward-headers-strategy' (OnPropertyCondition)

   TaskExecutorConfigurations.AsyncConfigurerWrapperConfiguration:
      Did not match:
         - @ConditionalOnBean (types: org.springframework.scheduling.annotation.AsyncConfigurer; SearchStrategy: all) did not find any beans of type org.springframework.scheduling.annotation.AsyncConfigurer (OnBeanCondition)

   TaskExecutorConfigurations.SimpleAsyncTaskExecutorBuilderConfiguration#simpleAsyncTaskExecutorBuilderVirtualThreads:
      Did not match:
         - @ConditionalOnMissingBean (types: org.springframework.boot.task.SimpleAsyncTaskExecutorBuilder; SearchStrategy: all) found beans of type 'org.springframework.boot.task.SimpleAsyncTaskExecutorBuilder' simpleAsyncTaskExecutorBuilder (OnBeanCondition)

   TaskExecutorConfigurations.TaskExecutorConfiguration#applicationTaskExecutorVirtualThreads:
      Did not match:
         - @ConditionalOnThreading did not find VIRTUAL (OnThreadingCondition)

   TaskSchedulingAutoConfiguration#scheduledBeanLazyInitializationExcludeFilter:
      Did not match:
         - @ConditionalOnBean (names: org.springframework.scheduling.config.internalScheduledAnnotationProcessor; SearchStrategy: all) did not find any beans named org.springframework.scheduling.config.internalScheduledAnnotationProcessor (OnBeanCondition)

   TaskSchedulingConfigurations.SimpleAsyncTaskSchedulerBuilderConfiguration#simpleAsyncTaskSchedulerBuilderVirtualThreads:
      Did not match:
         - @ConditionalOnMissingBean (types: org.springframework.boot.task.SimpleAsyncTaskSchedulerBuilder; SearchStrategy: all) found beans of type 'org.springframework.boot.task.SimpleAsyncTaskSchedulerBuilder' simpleAsyncTaskSchedulerBuilder (OnBeanCondition)

   TaskSchedulingConfigurations.TaskSchedulerConfiguration:
      Did not match:
         - @ConditionalOnBean (names: org.springframework.scheduling.config.internalScheduledAnnotationProcessor; SearchStrategy: all) did not find any beans named org.springframework.scheduling.config.internalScheduledAnnotationProcessor (OnBeanCondition)

   TomcatMetricsAutoConfiguration:
      Did not match:
         - @ConditionalOnClass did not find required class 'io.micrometer.core.instrument.binder.tomcat.TomcatMetrics' (OnClassCondition)

   TomcatReactiveManagementContextAutoConfiguration:
      Did not match:
         - @ConditionalOnClass did not find required class 'org.springframework.boot.actuate.autoconfigure.web.server.ManagementContextFactory' (OnClassCondition)

   TomcatReactiveWebServerAutoConfiguration:
      Did not match:
         - @ConditionalOnWebApplication did not find reactive web application classes (OnWebApplicationCondition)

   TomcatServletManagementContextAutoConfiguration:
      Did not match:
         - @ConditionalOnClass did not find required class 'org.springframework.boot.actuate.autoconfigure.web.server.ManagementContextFactory' (OnClassCondition)

   TomcatServletWebServerAutoConfiguration#tomcatForwardedHeaderFilterCustomizer:
      Did not match:
         - @ConditionalOnProperty (server.forward-headers-strategy=framework) did not find property 'server.forward-headers-strategy' (OnPropertyCondition)

   TomcatWebServerConfiguration#tomcatVirtualThreadsProtocolHandlerCustomizer:
      Did not match:
         - @ConditionalOnThreading did not find VIRTUAL (OnThreadingCondition)

   TransactionAutoConfiguration#transactionalOperator:
      Did not match:
         - @ConditionalOnSingleCandidate (types: org.springframework.transaction.ReactiveTransactionManager; SearchStrategy: all) did not find any beans (OnBeanCondition)

   TransactionAutoConfiguration.AspectJTransactionManagementConfiguration:
      Did not match:
         - @ConditionalOnBean (types: org.springframework.transaction.aspectj.AbstractTransactionAspect; SearchStrategy: all) did not find any beans of type org.springframework.transaction.aspectj.AbstractTransactionAspect (OnBeanCondition)

   TransactionAutoConfiguration.EnableTransactionManagementConfiguration.JdkDynamicAutoProxyConfiguration:
      Did not match:
         - @ConditionalOnBooleanProperty (spring.aop.proxy-target-class=false) did not find property 'spring.aop.proxy-target-class' (OnPropertyCondition)

   WebMvcAutoConfiguration#hiddenHttpMethodFilter:
      Did not match:
         - @ConditionalOnBooleanProperty (spring.mvc.hiddenmethod.filter.enabled=true) did not find property 'spring.mvc.hiddenmethod.filter.enabled' (OnPropertyCondition)

   WebMvcAutoConfiguration.ProblemDetailsErrorHandlingConfiguration:
      Did not match:
         - @ConditionalOnBooleanProperty (spring.mvc.problemdetails.enabled=true) did not find property 'spring.mvc.problemdetails.enabled' (OnPropertyCondition)

   WebMvcAutoConfiguration.ResourceChainCustomizerConfiguration:
      Did not match:
         - @ConditionalOnEnabledResourceChain did not find class org.webjars.WebJarVersionLocator (OnEnabledResourceChainCondition)

   WebMvcAutoConfiguration.WebMvcAutoConfigurationAdapter#beanNameViewResolver:
      Did not match:
         - @ConditionalOnMissingBean (types: org.springframework.web.servlet.view.BeanNameViewResolver; SearchStrategy: all) found beans of type 'org.springframework.web.servlet.view.BeanNameViewResolver' beanNameViewResolver (OnBeanCondition)

   WebMvcHealthEndpointExtensionAutoConfiguration:
      Did not match:
         - @ConditionalOnClass did not find required class 'org.springframework.boot.health.actuate.endpoint.HealthEndpoint' (OnClassCondition)

   WebMvcMappingsAutoConfiguration:
      Did not match:
         - @ConditionalOnClass did not find required class 'org.springframework.boot.actuate.autoconfigure.endpoint.condition.ConditionalOnAvailableEndpoint' (OnClassCondition)

   WebMvcObservationAutoConfiguration:
      Did not match:
         - @ConditionalOnClass did not find required class 'org.springframework.boot.micrometer.observation.autoconfigure.ObservationProperties' (OnClassCondition)

   XADataSourceAutoConfiguration:
      Did not match:
         - @ConditionalOnBean (types: org.springframework.boot.jdbc.XADataSourceWrapper; SearchStrategy: all) did not find any beans of type org.springframework.boot.jdbc.XADataSourceWrapper (OnBeanCondition)
      Matched:
         - @ConditionalOnClass found required classes 'javax.sql.DataSource', 'jakarta.transaction.TransactionManager', 'org.springframework.jdbc.datasource.embedded.EmbeddedDatabaseType' (OnClassCondition)


Exclusions:
-----------

    None


Unconditional classes:
----------------------

    org.springframework.boot.autoconfigure.context.ConfigurationPropertiesAutoConfiguration

    org.springframework.boot.autoconfigure.ssl.SslAutoConfiguration

    org.springframework.boot.autoconfigure.context.LifecycleAutoConfiguration

    org.springframework.boot.autoconfigure.context.PropertyPlaceholderAutoConfiguration

    org.springframework.boot.autoconfigure.availability.ApplicationAvailabilityAutoConfiguration

    org.springframework.boot.autoconfigure.info.ProjectInfoAutoConfiguration



INFO  20260526 20:53:13.466[restartedMain] [LoginCookieApplication:60] - Started LoginCookieApplication in 11.795 seconds (process running for 13.917)
DEBUG 20260526 20:53:13.468[restartedMain] [ApplicationAvailabilityBean:78] - Application availability state LivenessState changed to CORRECT
DEBUG 20260526 20:53:13.472[restartedMain] [Restarter:69] - Creating new Restarter for thread Thread[#1,main,5,main]
DEBUG 20260526 20:53:13.472[restartedMain] [Restarter:69] - Immediately restarting application
DEBUG 20260526 20:53:13.473[restartedMain] [Restarter:69] - Starting application com.mjc813.login_cookie.LoginCookieApplication with URLs [file:/C:/develop/KDTgit/codingtest/new-develop/login_cookie/build/classes/java/main/, file:/C:/develop/KDTgit/codingtest/new-develop/login_cookie/build/resources/main/]
DEBUG 20260526 20:53:13.474[restartedMain] [ApplicationAvailabilityBean:78] - Application availability state ReadinessState changed to ACCEPTING_TRAFFIC
INFO  20260526 20:53:35.265[http-nio-8181-exec-2] [[/]:168] - Initializing Spring DispatcherServlet 'dispatcherServlet'
INFO  20260526 20:53:35.266[http-nio-8181-exec-2] [DispatcherServlet:523] - Initializing Servlet 'dispatcherServlet'
DEBUG 20260526 20:53:35.268[http-nio-8181-exec-2] [DispatcherServlet:464] - Detected StandardServletMultipartResolver
DEBUG 20260526 20:53:35.268[http-nio-8181-exec-2] [DispatcherServlet:488] - Detected AcceptHeaderLocaleResolver
DEBUG 20260526 20:53:35.270[http-nio-8181-exec-2] [DispatcherServlet:638] - Detected org.springframework.web.servlet.view.DefaultRequestToViewNameTranslator@712464f9
DEBUG 20260526 20:53:35.270[http-nio-8181-exec-2] [DispatcherServlet:702] - Detected org.springframework.web.servlet.support.SessionFlashMapManager@748d14ea
DEBUG 20260526 20:53:35.271[http-nio-8181-exec-2] [DispatcherServlet:540] - enableLoggingRequestDetails='false': request parameters and headers will be masked to prevent unsafe logging of potentially sensitive data
INFO  20260526 20:53:35.273[http-nio-8181-exec-2] [DispatcherServlet:545] - Completed initialization in 7 ms
DEBUG 20260526 20:53:35.299[http-nio-8181-exec-2] [DispatcherServlet:118] - POST "/api/v1/music", parameters={}
DEBUG 20260526 20:53:35.343[http-nio-8181-exec-2] [RequestMappingHandlerMapping:573] - Mapped to com.mjc813.login_cookie.models.music.MusicRestController#insert(MusicDto)
DEBUG 20260526 20:53:35.346[http-nio-8181-exec-2] [OpenEntityManagerInViewInterceptor:86] - Opening JPA EntityManager in OpenEntityManagerInViewInterceptor
DEBUG 20260526 20:53:35.347[http-nio-8181-exec-2] [core:151] - HHH006588: Opening session [tenant=null]
DEBUG 20260526 20:53:35.675[http-nio-8181-exec-2] [RequestResponseBodyMethodProcessor:118] - Read "application/json;charset=UTF-8" to [MusicDto(id=null, title=불타오르네, artist=BTS, playtime=04:02)]
DEBUG 20260526 20:53:35.715[http-nio-8181-exec-2] [JpaTransactionManager:365] - Found thread-bound EntityManager [SessionImpl(1817790093<open>)] for JPA transaction
DEBUG 20260526 20:53:35.715[http-nio-8181-exec-2] [JpaTransactionManager:402] - Creating new transaction with name [org.springframework.data.jpa.repository.support.SimpleJpaRepository.save]: PROPAGATION_REQUIRED,ISOLATION_DEFAULT
DEBUG 20260526 20:53:35.727[http-nio-8181-exec-2] [core:74] - HHH006583: Beginning transaction
DEBUG 20260526 20:53:35.742[http-nio-8181-exec-2] [JpaTransactionManager:430] - Exposing JPA transaction as JDBC [org.springframework.orm.jpa.vendor.HibernateJpaDialect$HibernateConnectionHandle@39158241]
DEBUG 20260526 20:53:35.909[http-nio-8181-exec-2] [SQL:126] - 
    insert 
    into
        music
        (artist, playtime, title) 
    values
        (?, ?, ?)
DEBUG 20260526 20:53:36.050[http-nio-8181-exec-2] [JpaTransactionManager:789] - Initiating transaction commit
DEBUG 20260526 20:53:36.052[http-nio-8181-exec-2] [JpaTransactionManager:548] - Committing JPA transaction on EntityManager [SessionImpl(1817790093<open>)]
DEBUG 20260526 20:53:36.052[http-nio-8181-exec-2] [core:87] - HHH006584: Committing transaction
DEBUG 20260526 20:53:36.072[http-nio-8181-exec-2] [event:98] - HHH90060071: Flushed: 0 insertions, 0 updates, 0 deletions to 1 objects
DEBUG 20260526 20:53:36.074[http-nio-8181-exec-2] [event:104] - HHH90060072: Flushed: 0 (re)creations, 0 updates, 0 removals to 0 collections
DEBUG 20260526 20:53:36.077[http-nio-8181-exec-2] [core:102] - Listing entities:
DEBUG 20260526 20:53:36.077[http-nio-8181-exec-2] [core:111] - com.mjc813.login_cookie.models.music.MusicEntity{artist=BTS, id=1, playtime=04:02, title=불타오르네}
DEBUG 20260526 20:53:36.109[http-nio-8181-exec-2] [JpaTransactionManager:645] - Not closing pre-bound JPA EntityManager after transaction
DEBUG 20260526 20:53:36.146[http-nio-8181-exec-2] [HttpEntityMethodProcessor:306] - Using 'application/json', given [*/*] and supported [application/json, application/*+json]
DEBUG 20260526 20:53:36.148[http-nio-8181-exec-2] [HttpEntityMethodProcessor:118] - Writing [com.mjc813.login_cookie.common.ComResponseDto@308199af]
DEBUG 20260526 20:53:36.279[http-nio-8181-exec-2] [OpenEntityManagerInViewInterceptor:111] - Closing JPA EntityManager in OpenEntityManagerInViewInterceptor
DEBUG 20260526 20:53:36.280[http-nio-8181-exec-2] [metrics:277] - HHH000401: Logging session metrics:
	4049000 ns acquiring 1 JDBC connections
	0 ns releasing 0 JDBC connections
	7581800 ns preparing 1 JDBC statements
	31877400 ns executing 1 JDBC statements
	0 ns executing 0 JDBC batches
	0 ns performing 0 second-level cache puts
	0 ns performing 0 second-level cache hits
	0 ns performing 0 second-level cache misses
	29636400 ns executing 1 flushes (flushing a total of 1 entities and 0 collections)
	0 ns executing 0 pre-partial-flushes
	0 ns executing 0 partial-flushes (flushing a total of 0 entities and 0 collections)

DEBUG 20260526 20:53:36.281[http-nio-8181-exec-2] [DispatcherServlet:1122] - Completed 201 CREATED
DEBUG 20260526 20:53:38.719[HikariPool-1:housekeeper] [HikariPool:422] - HikariPool-1 - Pool stats (total=10/10, idle=10/10, active=0, waiting=0)
DEBUG 20260526 20:53:38.722[HikariPool-1:housekeeper] [HikariPool:536] - HikariPool-1 - Fill pool skipped, pool has sufficient level or currently being filled.
DEBUG 20260526 20:54:08.736[HikariPool-1:housekeeper] [HikariPool:422] - HikariPool-1 - Pool stats (total=10/10, idle=10/10, active=0, waiting=0)
DEBUG 20260526 20:54:08.736[HikariPool-1:housekeeper] [HikariPool:536] - HikariPool-1 - Fill pool skipped, pool has sufficient level or currently being filled.
DEBUG 20260526 20:54:28.649[http-nio-8181-exec-3] [DispatcherServlet:118] - POST "/api/v1/music", parameters={}
DEBUG 20260526 20:54:28.651[http-nio-8181-exec-3] [RequestMappingHandlerMapping:573] - Mapped to com.mjc813.login_cookie.models.music.MusicRestController#insert(MusicDto)
DEBUG 20260526 20:54:28.651[http-nio-8181-exec-3] [OpenEntityManagerInViewInterceptor:86] - Opening JPA EntityManager in OpenEntityManagerInViewInterceptor
DEBUG 20260526 20:54:28.652[http-nio-8181-exec-3] [core:151] - HHH006588: Opening session [tenant=null]
DEBUG 20260526 20:54:28.665[http-nio-8181-exec-3] [RequestResponseBodyMethodProcessor:118] - Read "application/json;charset=UTF-8" to [MusicDto(id=null, title=BUTTER, artist=BTS, playtime=03:22)]
DEBUG 20260526 20:54:28.669[http-nio-8181-exec-3] [JpaTransactionManager:365] - Found thread-bound EntityManager [SessionImpl(1334966650<open>)] for JPA transaction
DEBUG 20260526 20:54:28.670[http-nio-8181-exec-3] [JpaTransactionManager:402] - Creating new transaction with name [org.springframework.data.jpa.repository.support.SimpleJpaRepository.save]: PROPAGATION_REQUIRED,ISOLATION_DEFAULT
DEBUG 20260526 20:54:28.671[http-nio-8181-exec-3] [core:74] - HHH006583: Beginning transaction
DEBUG 20260526 20:54:28.684[http-nio-8181-exec-3] [JpaTransactionManager:430] - Exposing JPA transaction as JDBC [org.springframework.orm.jpa.vendor.HibernateJpaDialect$HibernateConnectionHandle@41561ef8]
DEBUG 20260526 20:54:28.699[http-nio-8181-exec-3] [SQL:126] - 
    insert 
    into
        music
        (artist, playtime, title) 
    values
        (?, ?, ?)
DEBUG 20260526 20:54:28.711[http-nio-8181-exec-3] [JpaTransactionManager:789] - Initiating transaction commit
DEBUG 20260526 20:54:28.711[http-nio-8181-exec-3] [JpaTransactionManager:548] - Committing JPA transaction on EntityManager [SessionImpl(1334966650<open>)]
DEBUG 20260526 20:54:28.711[http-nio-8181-exec-3] [core:87] - HHH006584: Committing transaction
DEBUG 20260526 20:54:28.712[http-nio-8181-exec-3] [event:98] - HHH90060071: Flushed: 0 insertions, 0 updates, 0 deletions to 1 objects
DEBUG 20260526 20:54:28.713[http-nio-8181-exec-3] [event:104] - HHH90060072: Flushed: 0 (re)creations, 0 updates, 0 removals to 0 collections
DEBUG 20260526 20:54:28.713[http-nio-8181-exec-3] [core:102] - Listing entities:
DEBUG 20260526 20:54:28.714[http-nio-8181-exec-3] [core:111] - com.mjc813.login_cookie.models.music.MusicEntity{artist=BTS, id=2, playtime=03:22, title=BUTTER}
DEBUG 20260526 20:54:28.734[http-nio-8181-exec-3] [JpaTransactionManager:645] - Not closing pre-bound JPA EntityManager after transaction
DEBUG 20260526 20:54:28.737[http-nio-8181-exec-3] [HttpEntityMethodProcessor:306] - Using 'application/json', given [*/*] and supported [application/json, application/*+json]
DEBUG 20260526 20:54:28.737[http-nio-8181-exec-3] [HttpEntityMethodProcessor:118] - Writing [com.mjc813.login_cookie.common.ComResponseDto@312110b5]
DEBUG 20260526 20:54:28.743[http-nio-8181-exec-3] [OpenEntityManagerInViewInterceptor:111] - Closing JPA EntityManager in OpenEntityManagerInViewInterceptor
DEBUG 20260526 20:54:28.744[http-nio-8181-exec-3] [metrics:277] - HHH000401: Logging session metrics:
	7676100 ns acquiring 1 JDBC connections
	0 ns releasing 0 JDBC connections
	1083600 ns preparing 1 JDBC statements
	6354800 ns executing 1 JDBC statements
	0 ns executing 0 JDBC batches
	0 ns performing 0 second-level cache puts
	0 ns performing 0 second-level cache hits
	0 ns performing 0 second-level cache misses
	2899400 ns executing 1 flushes (flushing a total of 1 entities and 0 collections)
	0 ns executing 0 pre-partial-flushes
	0 ns executing 0 partial-flushes (flushing a total of 0 entities and 0 collections)

DEBUG 20260526 20:54:28.744[http-nio-8181-exec-3] [DispatcherServlet:1122] - Completed 201 CREATED
DEBUG 20260526 20:54:35.776[http-nio-8181-exec-4] [DispatcherServlet:118] - GET "/api/v1/music/all", parameters={}
DEBUG 20260526 20:54:35.778[http-nio-8181-exec-4] [RequestMappingHandlerMapping:573] - Mapped to com.mjc813.login_cookie.models.music.MusicRestController#findAll(HttpServletRequest)
DEBUG 20260526 20:54:35.778[http-nio-8181-exec-4] [OpenEntityManagerInViewInterceptor:86] - Opening JPA EntityManager in OpenEntityManagerInViewInterceptor
DEBUG 20260526 20:54:35.779[http-nio-8181-exec-4] [core:151] - HHH006588: Opening session [tenant=null]
DEBUG 20260526 20:54:35.803[http-nio-8181-exec-4] [HttpEntityMethodProcessor:306] - Using 'application/json', given [*/*] and supported [application/json, application/*+json]
DEBUG 20260526 20:54:35.805[http-nio-8181-exec-4] [HttpEntityMethodProcessor:118] - Writing [com.mjc813.login_cookie.common.ComResponseDto@5213ba1]
DEBUG 20260526 20:54:35.809[http-nio-8181-exec-4] [OpenEntityManagerInViewInterceptor:111] - Closing JPA EntityManager in OpenEntityManagerInViewInterceptor
DEBUG 20260526 20:54:35.810[http-nio-8181-exec-4] [metrics:277] - HHH000401: Logging session metrics:
	0 ns acquiring 0 JDBC connections
	0 ns releasing 0 JDBC connections
	0 ns preparing 0 JDBC statements
	0 ns executing 0 JDBC statements
	0 ns executing 0 JDBC batches
	0 ns performing 0 second-level cache puts
	0 ns performing 0 second-level cache hits
	0 ns performing 0 second-level cache misses
	0 ns executing 0 flushes (flushing a total of 0 entities and 0 collections)
	0 ns executing 0 pre-partial-flushes
	0 ns executing 0 partial-flushes (flushing a total of 0 entities and 0 collections)

DEBUG 20260526 20:54:35.811[http-nio-8181-exec-4] [DispatcherServlet:1122] - Completed 500 INTERNAL_SERVER_ERROR
DEBUG 20260526 20:54:38.742[HikariPool-1:housekeeper] [HikariPool:422] - HikariPool-1 - Pool stats (total=10/10, idle=10/10, active=0, waiting=0)
DEBUG 20260526 20:54:38.743[HikariPool-1:housekeeper] [HikariPool:536] - HikariPool-1 - Fill pool skipped, pool has sufficient level or currently being filled.
DEBUG 20260526 20:54:45.386[HikariPool-1:housekeeper] [HikariPool:888] - HikariPool-1 - keepalive: connection com.mysql.cj.jdbc.ConnectionImpl@7f67bdc6 is alive
DEBUG 20260526 20:54:49.075[HikariPool-1:housekeeper] [HikariPool:888] - HikariPool-1 - keepalive: connection com.mysql.cj.jdbc.ConnectionImpl@21d8b41c is alive
DEBUG 20260526 20:54:50.679[HikariPool-1:housekeeper] [HikariPool:888] - HikariPool-1 - keepalive: connection com.mysql.cj.jdbc.ConnectionImpl@f88d2c3 is alive
DEBUG 20260526 20:54:53.321[HikariPool-1:housekeeper] [HikariPool:888] - HikariPool-1 - keepalive: connection com.mysql.cj.jdbc.ConnectionImpl@60f3a848 is alive
DEBUG 20260526 20:54:56.137[http-nio-8181-exec-6] [DispatcherServlet:118] - POST "/api/v1/auth/signup", parameters={}
DEBUG 20260526 20:54:56.138[http-nio-8181-exec-6] [RequestMappingHandlerMapping:573] - Mapped to com.mjc813.login_cookie.biz.CookieSignRestController#signUp(SignUpDto)
DEBUG 20260526 20:54:56.139[http-nio-8181-exec-6] [OpenEntityManagerInViewInterceptor:86] - Opening JPA EntityManager in OpenEntityManagerInViewInterceptor
DEBUG 20260526 20:54:56.139[http-nio-8181-exec-6] [core:151] - HHH006588: Opening session [tenant=null]
DEBUG 20260526 20:54:56.214[http-nio-8181-exec-6] [RequestResponseBodyMethodProcessor:118] - Read "application/json;charset=UTF-8" to [SignUpDto(id=null, signId=abcdefg, password=123456, email=sincerus@hanmail.net, role=null, isValidEm (truncated)...]
DEBUG 20260526 20:54:56.232[http-nio-8181-exec-6] [JpaTransactionManager:365] - Found thread-bound EntityManager [SessionImpl(268516585<open>)] for JPA transaction
DEBUG 20260526 20:54:56.233[http-nio-8181-exec-6] [JpaTransactionManager:402] - Creating new transaction with name [org.springframework.data.jpa.repository.support.SimpleJpaRepository.save]: PROPAGATION_REQUIRED,ISOLATION_DEFAULT
DEBUG 20260526 20:54:56.234[http-nio-8181-exec-6] [core:74] - HHH006583: Beginning transaction
DEBUG 20260526 20:54:56.240[http-nio-8181-exec-6] [JpaTransactionManager:430] - Exposing JPA transaction as JDBC [org.springframework.orm.jpa.vendor.HibernateJpaDialect$HibernateConnectionHandle@15585d33]
DEBUG 20260526 20:54:56.250[http-nio-8181-exec-6] [SQL:126] - 
    insert 
    into
        member
        (create_dt, delete_dt, email, is_valid_email, password, role, sign_id, update_dt, valid_text) 
    values
        (?, ?, ?, ?, ?, ?, ?, ?, ?)
DEBUG 20260526 20:54:56.299[http-nio-8181-exec-6] [JpaTransactionManager:789] - Initiating transaction commit
DEBUG 20260526 20:54:56.300[http-nio-8181-exec-6] [JpaTransactionManager:548] - Committing JPA transaction on EntityManager [SessionImpl(268516585<open>)]
DEBUG 20260526 20:54:56.300[http-nio-8181-exec-6] [core:87] - HHH006584: Committing transaction
DEBUG 20260526 20:54:56.300[http-nio-8181-exec-6] [event:98] - HHH90060071: Flushed: 0 insertions, 0 updates, 0 deletions to 1 objects
DEBUG 20260526 20:54:56.301[http-nio-8181-exec-6] [event:104] - HHH90060072: Flushed: 0 (re)creations, 0 updates, 0 removals to 0 collections
DEBUG 20260526 20:54:56.301[http-nio-8181-exec-6] [core:102] - Listing entities:
DEBUG 20260526 20:54:56.302[http-nio-8181-exec-6] [core:111] - com.mjc813.login_cookie.models.member.MemberEntity{deleteDt=null, password=123456, role=GUEST, validText=DCCF72mOLS3U, id=1, updateDt=null, createDt=2026-05-26T20:54:56.216976600, signId=abcdefg, email=sincerus@hanmail.net, isValidEmail=false}
DEBUG 20260526 20:54:56.326[http-nio-8181-exec-6] [JpaTransactionManager:645] - Not closing pre-bound JPA EntityManager after transaction
DEBUG 20260526 20:54:56.391[HikariPool-1:housekeeper] [HikariPool:888] - HikariPool-1 - keepalive: connection com.mysql.cj.jdbc.ConnectionImpl@76c74f70 is alive
DEBUG 20260526 20:54:58.829[http-nio-8181-exec-6] [HttpEntityMethodProcessor:306] - Using 'application/json', given [*/*] and supported [application/json, application/*+json]
DEBUG 20260526 20:54:58.829[http-nio-8181-exec-6] [HttpEntityMethodProcessor:118] - Writing [com.mjc813.login_cookie.common.ComResponseDto@2e8d33a5]
DEBUG 20260526 20:54:58.835[http-nio-8181-exec-6] [OpenEntityManagerInViewInterceptor:111] - Closing JPA EntityManager in OpenEntityManagerInViewInterceptor
DEBUG 20260526 20:54:58.836[http-nio-8181-exec-6] [metrics:277] - HHH000401: Logging session metrics:
	3701800 ns acquiring 1 JDBC connections
	0 ns releasing 0 JDBC connections
	599800 ns preparing 1 JDBC statements
	38890300 ns executing 1 JDBC statements
	0 ns executing 0 JDBC batches
	0 ns performing 0 second-level cache puts
	0 ns performing 0 second-level cache hits
	0 ns performing 0 second-level cache misses
	2467200 ns executing 1 flushes (flushing a total of 1 entities and 0 collections)
	0 ns executing 0 pre-partial-flushes
	0 ns executing 0 partial-flushes (flushing a total of 0 entities and 0 collections)

DEBUG 20260526 20:54:58.836[http-nio-8181-exec-6] [DispatcherServlet:1122] - Completed 201 CREATED
DEBUG 20260526 20:55:01.062[HikariPool-1:housekeeper] [HikariPool:888] - HikariPool-1 - keepalive: connection com.mysql.cj.jdbc.ConnectionImpl@7fdf6708 is alive
DEBUG 20260526 20:55:03.025[HikariPool-1:housekeeper] [HikariPool:888] - HikariPool-1 - keepalive: connection com.mysql.cj.jdbc.ConnectionImpl@741e2b2e is alive
DEBUG 20260526 20:55:03.912[HikariPool-1:housekeeper] [HikariPool:888] - HikariPool-1 - keepalive: connection com.mysql.cj.jdbc.ConnectionImpl@568c1003 is alive
DEBUG 20260526 20:55:04.216[http-nio-8181-exec-7] [DispatcherServlet:118] - GET "/api/v1/music/all", parameters={}
DEBUG 20260526 20:55:04.217[http-nio-8181-exec-7] [RequestMappingHandlerMapping:573] - Mapped to com.mjc813.login_cookie.models.music.MusicRestController#findAll(HttpServletRequest)
DEBUG 20260526 20:55:04.218[http-nio-8181-exec-7] [OpenEntityManagerInViewInterceptor:86] - Opening JPA EntityManager in OpenEntityManagerInViewInterceptor
DEBUG 20260526 20:55:04.218[http-nio-8181-exec-7] [core:151] - HHH006588: Opening session [tenant=null]
DEBUG 20260526 20:55:04.220[http-nio-8181-exec-7] [HttpEntityMethodProcessor:306] - Using 'application/json', given [*/*] and supported [application/json, application/*+json]
DEBUG 20260526 20:55:04.220[http-nio-8181-exec-7] [HttpEntityMethodProcessor:118] - Writing [com.mjc813.login_cookie.common.ComResponseDto@23dfe763]
DEBUG 20260526 20:55:04.222[http-nio-8181-exec-7] [OpenEntityManagerInViewInterceptor:111] - Closing JPA EntityManager in OpenEntityManagerInViewInterceptor
DEBUG 20260526 20:55:04.224[http-nio-8181-exec-7] [metrics:277] - HHH000401: Logging session metrics:
	0 ns acquiring 0 JDBC connections
	0 ns releasing 0 JDBC connections
	0 ns preparing 0 JDBC statements
	0 ns executing 0 JDBC statements
	0 ns executing 0 JDBC batches
	0 ns performing 0 second-level cache puts
	0 ns performing 0 second-level cache hits
	0 ns performing 0 second-level cache misses
	0 ns executing 0 flushes (flushing a total of 0 entities and 0 collections)
	0 ns executing 0 pre-partial-flushes
	0 ns executing 0 partial-flushes (flushing a total of 0 entities and 0 collections)

DEBUG 20260526 20:55:04.225[http-nio-8181-exec-7] [DispatcherServlet:1122] - Completed 500 INTERNAL_SERVER_ERROR
DEBUG 20260526 20:55:07.828[HikariPool-1:housekeeper] [HikariPool:888] - HikariPool-1 - keepalive: connection com.mysql.cj.jdbc.ConnectionImpl@7d301cd is alive
DEBUG 20260526 20:55:08.755[HikariPool-1:housekeeper] [HikariPool:422] - HikariPool-1 - Pool stats (total=10/10, idle=10/10, active=0, waiting=0)
DEBUG 20260526 20:55:08.755[HikariPool-1:housekeeper] [HikariPool:536] - HikariPool-1 - Fill pool skipped, pool has sufficient level or currently being filled.
DEBUG 20260526 20:55:38.771[HikariPool-1:housekeeper] [HikariPool:422] - HikariPool-1 - Pool stats (total=10/10, idle=10/10, active=0, waiting=0)
DEBUG 20260526 20:55:38.771[HikariPool-1:housekeeper] [HikariPool:536] - HikariPool-1 - Fill pool skipped, pool has sufficient level or currently being filled.
DEBUG 20260526 20:55:56.869[http-nio-8181-exec-9] [DispatcherServlet:118] - GET "/api/v1/music/all", parameters={}
DEBUG 20260526 20:55:56.870[http-nio-8181-exec-9] [RequestMappingHandlerMapping:573] - Mapped to com.mjc813.login_cookie.models.music.MusicRestController#findAll(HttpServletRequest)
DEBUG 20260526 20:55:56.870[http-nio-8181-exec-9] [OpenEntityManagerInViewInterceptor:86] - Opening JPA EntityManager in OpenEntityManagerInViewInterceptor
DEBUG 20260526 20:55:56.871[http-nio-8181-exec-9] [core:151] - HHH006588: Opening session [tenant=null]
DEBUG 20260526 20:55:56.873[http-nio-8181-exec-9] [HttpEntityMethodProcessor:306] - Using 'application/json', given [*/*] and supported [application/json, application/*+json]
DEBUG 20260526 20:55:56.873[http-nio-8181-exec-9] [HttpEntityMethodProcessor:118] - Writing [com.mjc813.login_cookie.common.ComResponseDto@50449c78]
DEBUG 20260526 20:55:56.878[http-nio-8181-exec-9] [OpenEntityManagerInViewInterceptor:111] - Closing JPA EntityManager in OpenEntityManagerInViewInterceptor
DEBUG 20260526 20:55:56.880[http-nio-8181-exec-9] [metrics:277] - HHH000401: Logging session metrics:
	0 ns acquiring 0 JDBC connections
	0 ns releasing 0 JDBC connections
	0 ns preparing 0 JDBC statements
	0 ns executing 0 JDBC statements
	0 ns executing 0 JDBC batches
	0 ns performing 0 second-level cache puts
	0 ns performing 0 second-level cache hits
	0 ns performing 0 second-level cache misses
	0 ns executing 0 flushes (flushing a total of 0 entities and 0 collections)
	0 ns executing 0 pre-partial-flushes
	0 ns executing 0 partial-flushes (flushing a total of 0 entities and 0 collections)

DEBUG 20260526 20:55:56.881[http-nio-8181-exec-9] [DispatcherServlet:1122] - Completed 500 INTERNAL_SERVER_ERROR
DEBUG 20260526 20:56:05.152[http-nio-8181-exec-1] [DispatcherServlet:118] - POST "/api/v1/auth/signup", parameters={}
DEBUG 20260526 20:56:05.153[http-nio-8181-exec-1] [RequestMappingHandlerMapping:573] - Mapped to com.mjc813.login_cookie.biz.CookieSignRestController#signUp(SignUpDto)
DEBUG 20260526 20:56:05.153[http-nio-8181-exec-1] [OpenEntityManagerInViewInterceptor:86] - Opening JPA EntityManager in OpenEntityManagerInViewInterceptor
DEBUG 20260526 20:56:05.153[http-nio-8181-exec-1] [core:151] - HHH006588: Opening session [tenant=null]
DEBUG 20260526 20:56:05.155[http-nio-8181-exec-1] [RequestResponseBodyMethodProcessor:118] - Read "application/json;charset=UTF-8" to [SignUpDto(id=null, signId=abcdefg, password=123456, email=sincerus@hanmail.net, role=null, isValidEm (truncated)...]
DEBUG 20260526 20:56:05.156[http-nio-8181-exec-1] [JpaTransactionManager:365] - Found thread-bound EntityManager [SessionImpl(1087980483<open>)] for JPA transaction
DEBUG 20260526 20:56:05.156[http-nio-8181-exec-1] [JpaTransactionManager:402] - Creating new transaction with name [org.springframework.data.jpa.repository.support.SimpleJpaRepository.save]: PROPAGATION_REQUIRED,ISOLATION_DEFAULT
DEBUG 20260526 20:56:05.156[http-nio-8181-exec-1] [core:74] - HHH006583: Beginning transaction
DEBUG 20260526 20:56:05.163[http-nio-8181-exec-1] [JpaTransactionManager:430] - Exposing JPA transaction as JDBC [org.springframework.orm.jpa.vendor.HibernateJpaDialect$HibernateConnectionHandle@d16ce96]
DEBUG 20260526 20:56:05.172[http-nio-8181-exec-1] [SQL:126] - 
    insert 
    into
        member
        (create_dt, delete_dt, email, is_valid_email, password, role, sign_id, update_dt, valid_text) 
    values
        (?, ?, ?, ?, ?, ?, ?, ?, ?)
WARN  20260526 20:56:05.321[http-nio-8181-exec-1] [error:143] - HHH000247: ErrorCode: 1062, SQLState: 23000
WARN  20260526 20:56:05.322[http-nio-8181-exec-1] [error:144] - Duplicate entry 'sincerus@hanmail.net' for key 'member.UKmbmcqelty0fbrvxp1q58dn57t'
DEBUG 20260526 20:56:05.322[http-nio-8181-exec-1] [error:150] - could not execute statement [insert into member (create_dt,delete_dt,email,is_valid_email,password,role,sign_id,update_dt,valid_text) values (?,?,?,?,?,?,?,?,?)]
java.sql.SQLIntegrityConstraintViolationException: Duplicate entry 'sincerus@hanmail.net' for key 'member.UKmbmcqelty0fbrvxp1q58dn57t'
	at com.mysql.cj.jdbc.exceptions.SQLError.createSQLException(SQLError.java:109)
	at com.mysql.cj.jdbc.exceptions.SQLExceptionsMapping.translateException(SQLExceptionsMapping.java:114)
	at com.mysql.cj.jdbc.ClientPreparedStatement.executeInternal(ClientPreparedStatement.java:988)
	at com.mysql.cj.jdbc.ClientPreparedStatement.executeUpdateInternal(ClientPreparedStatement.java:1166)
	at com.mysql.cj.jdbc.ClientPreparedStatement.executeUpdateInternal(ClientPreparedStatement.java:1101)
	at com.mysql.cj.jdbc.ClientPreparedStatement.executeLargeUpdate(ClientPreparedStatement.java:1448)
	at com.mysql.cj.jdbc.ClientPreparedStatement.executeUpdate(ClientPreparedStatement.java:1084)
	at com.zaxxer.hikari.pool.ProxyPreparedStatement.executeUpdate(ProxyPreparedStatement.java:61)
	at com.zaxxer.hikari.pool.HikariProxyPreparedStatement.executeUpdate(HikariProxyPreparedStatement.java)
	at org.hibernate.engine.jdbc.internal.ResultSetReturnImpl.executeUpdate(ResultSetReturnImpl.java:181)
	at org.hibernate.id.insert.GetGeneratedKeysDelegate.performMutation(GetGeneratedKeysDelegate.java:103)
	at org.hibernate.engine.jdbc.mutation.internal.MutationExecutorSingleNonBatched.performNonBatchedOperations(MutationExecutorSingleNonBatched.java:45)
	at org.hibernate.engine.jdbc.mutation.internal.AbstractMutationExecutor.execute(AbstractMutationExecutor.java:66)
	at org.hibernate.engine.jdbc.mutation.internal.AbstractMutationExecutor.execute(AbstractMutationExecutor.java:55)
	at org.hibernate.persister.entity.mutation.InsertCoordinatorStandard.doStaticInserts(InsertCoordinatorStandard.java:180)
	at org.hibernate.persister.entity.mutation.InsertCoordinatorStandard.coordinateInsert(InsertCoordinatorStandard.java:120)
	at org.hibernate.persister.entity.mutation.InsertCoordinatorStandard.insert(InsertCoordinatorStandard.java:84)
	at org.hibernate.action.internal.EntityIdentityInsertAction.execute(EntityIdentityInsertAction.java:85)
	at org.hibernate.engine.spi.ActionQueue.execute(ActionQueue.java:667)
	at org.hibernate.engine.spi.ActionQueue.addResolvedEntityInsertAction(ActionQueue.java:291)
	at org.hibernate.engine.spi.ActionQueue.addInsertAction(ActionQueue.java:270)
	at org.hibernate.engine.spi.ActionQueue.addAction(ActionQueue.java:322)
	at org.hibernate.event.internal.AbstractSaveEventListener.addInsertAction(AbstractSaveEventListener.java:371)
	at org.hibernate.event.internal.AbstractSaveEventListener.performSaveOrReplicate(AbstractSaveEventListener.java:285)
	at org.hibernate.event.internal.AbstractSaveEventListener.performSave(AbstractSaveEventListener.java:215)
	at org.hibernate.event.internal.AbstractSaveEventListener.saveWithGeneratedId(AbstractSaveEventListener.java:133)
	at org.hibernate.event.internal.DefaultPersistEventListener.entityIsTransient(DefaultPersistEventListener.java:144)
	at org.hibernate.event.internal.DefaultPersistEventListener.persist(DefaultPersistEventListener.java:90)
	at org.hibernate.event.internal.DefaultPersistEventListener.onPersist(DefaultPersistEventListener.java:74)
	at org.hibernate.event.internal.DefaultPersistEventListener.onPersist(DefaultPersistEventListener.java:50)
	at org.hibernate.event.service.internal.EventListenerGroupImpl.fireEventOnEachListener(EventListenerGroupImpl.java:138)
	at org.hibernate.internal.SessionImpl.firePersist(SessionImpl.java:692)
	at org.hibernate.internal.SessionImpl.persist(SessionImpl.java:675)
	at java.base/jdk.internal.reflect.DirectMethodHandleAccessor.invoke(DirectMethodHandleAccessor.java:103)
	at java.base/java.lang.reflect.Method.invoke(Method.java:580)
	at org.springframework.orm.jpa.ExtendedEntityManagerCreator$ExtendedEntityManagerInvocationHandler.invoke(ExtendedEntityManagerCreator.java:362)
	at jdk.proxy4/jdk.proxy4.$Proxy124.persist(Unknown Source)
	at java.base/jdk.internal.reflect.DirectMethodHandleAccessor.invoke(DirectMethodHandleAccessor.java:103)
	at java.base/java.lang.reflect.Method.invoke(Method.java:580)
	at org.springframework.orm.jpa.SharedEntityManagerCreator$SharedEntityHandlerInvocationHandler.invokeMethod(SharedEntityManagerCreator.java:240)
	at org.springframework.orm.jpa.SharedEntityManagerCreator$SharedEntityManagerInvocationHandler.invoke(SharedEntityManagerCreator.java:386)
	at jdk.proxy4/jdk.proxy4.$Proxy124.persist(Unknown Source)
	at org.springframework.data.jpa.repository.support.SimpleJpaRepository.save(SimpleJpaRepository.java:664)
	at java.base/jdk.internal.reflect.DirectMethodHandleAccessor.invoke(DirectMethodHandleAccessor.java:103)
	at java.base/java.lang.reflect.Method.invoke(Method.java:580)
	at org.springframework.aop.support.AopUtils.invokeJoinpointUsingReflection(AopUtils.java:359)
	at org.springframework.data.repository.core.support.RepositoryMethodInvoker$RepositoryFragmentMethodInvoker.lambda$new$0(RepositoryMethodInvoker.java:278)
	at org.springframework.data.repository.core.support.RepositoryMethodInvoker.doInvoke(RepositoryMethodInvoker.java:169)
	at org.springframework.data.repository.core.support.RepositoryMethodInvoker.invoke(RepositoryMethodInvoker.java:158)
	at org.springframework.data.repository.core.support.RepositoryComposition$RepositoryFragments.invoke(RepositoryComposition.java:545)
	at org.springframework.data.repository.core.support.RepositoryComposition.invoke(RepositoryComposition.java:290)
	at org.springframework.data.repository.core.support.RepositoryFactorySupport$ImplementationMethodExecutionInterceptor.invoke(RepositoryFactorySupport.java:690)
	at org.springframework.aop.framework.ReflectiveMethodInvocation.proceed(ReflectiveMethodInvocation.java:179)
	at org.springframework.data.repository.core.support.QueryExecutorMethodInterceptor.doInvoke(QueryExecutorMethodInterceptor.java:171)
	at org.springframework.data.repository.core.support.QueryExecutorMethodInterceptor.invoke(QueryExecutorMethodInterceptor.java:146)
	at org.springframework.aop.framework.ReflectiveMethodInvocation.proceed(ReflectiveMethodInvocation.java:179)
	at org.springframework.data.projection.DefaultMethodInvokingMethodInterceptor.invoke(DefaultMethodInvokingMethodInterceptor.java:69)
	at org.springframework.aop.framework.ReflectiveMethodInvocation.proceed(ReflectiveMethodInvocation.java:179)
	at org.springframework.transaction.interceptor.TransactionInterceptor$1.proceedWithInvocation(TransactionInterceptor.java:133)
	at org.springframework.transaction.interceptor.TransactionAspectSupport.invokeWithinTransaction(TransactionAspectSupport.java:371)
	at org.springframework.transaction.interceptor.TransactionInterceptor.invoke(TransactionInterceptor.java:130)
	at org.springframework.aop.framework.ReflectiveMethodInvocation.proceed(ReflectiveMethodInvocation.java:179)
	at org.springframework.dao.support.PersistenceExceptionTranslationInterceptor.invoke(PersistenceExceptionTranslationInterceptor.java:135)
	at org.springframework.aop.framework.ReflectiveMethodInvocation.proceed(ReflectiveMethodInvocation.java:179)
	at org.springframework.data.jpa.repository.support.CrudMethodMetadataPostProcessor$CrudMethodMetadataPopulatingMethodInterceptor.invoke(CrudMethodMetadataPostProcessor.java:166)
	at org.springframework.aop.framework.ReflectiveMethodInvocation.proceed(ReflectiveMethodInvocation.java:179)
	at org.springframework.aop.framework.JdkDynamicAopProxy.invoke(JdkDynamicAopProxy.java:222)
	at jdk.proxy4/jdk.proxy4.$Proxy129.save(Unknown Source)
	at com.mjc813.login_cookie.models.member.MemberService.insert(MemberService.java:30)
	at com.mjc813.login_cookie.biz.CookieSignRestController.signUp(CookieSignRestController.java:35)
	at java.base/jdk.internal.reflect.DirectMethodHandleAccessor.invoke(DirectMethodHandleAccessor.java:103)
	at java.base/java.lang.reflect.Method.invoke(Method.java:580)
	at org.springframework.web.method.support.InvocableHandlerMethod.doInvoke(InvocableHandlerMethod.java:252)
	at org.springframework.web.method.support.InvocableHandlerMethod.invokeForRequest(InvocableHandlerMethod.java:184)
	at org.springframework.web.servlet.mvc.method.annotation.ServletInvocableHandlerMethod.invokeAndHandle(ServletInvocableHandlerMethod.java:117)
	at org.springframework.web.servlet.mvc.method.annotation.RequestMappingHandlerAdapter.invokeHandlerMethod(RequestMappingHandlerAdapter.java:934)
	at org.springframework.web.servlet.mvc.method.annotation.RequestMappingHandlerAdapter.handleInternal(RequestMappingHandlerAdapter.java:853)
	at org.springframework.web.servlet.mvc.method.AbstractHandlerMethodAdapter.handle(AbstractHandlerMethodAdapter.java:86)
	at org.springframework.web.servlet.DispatcherServlet.doDispatch(DispatcherServlet.java:963)
	at org.springframework.web.servlet.DispatcherServlet.doService(DispatcherServlet.java:866)
	at org.springframework.web.servlet.FrameworkServlet.processRequest(FrameworkServlet.java:1000)
	at org.springframework.web.servlet.FrameworkServlet.doPost(FrameworkServlet.java:903)
	at jakarta.servlet.http.HttpServlet.service(HttpServlet.java:649)
	at org.springframework.web.servlet.FrameworkServlet.service(FrameworkServlet.java:874)
	at jakarta.servlet.http.HttpServlet.service(HttpServlet.java:710)
	at org.apache.catalina.core.ApplicationFilterChain.doFilter(ApplicationFilterChain.java:128)
	at org.apache.tomcat.websocket.server.WsFilter.doFilter(WsFilter.java:53)
	at org.apache.catalina.core.ApplicationFilterChain.doFilter(ApplicationFilterChain.java:107)
	at org.springframework.web.filter.RequestContextFilter.doFilterInternal(RequestContextFilter.java:100)
	at org.springframework.web.filter.OncePerRequestFilter.doFilter(OncePerRequestFilter.java:116)
	at org.apache.catalina.core.ApplicationFilterChain.doFilter(ApplicationFilterChain.java:107)
	at org.springframework.web.filter.FormContentFilter.doFilterInternal(FormContentFilter.java:93)
	at org.springframework.web.filter.OncePerRequestFilter.doFilter(OncePerRequestFilter.java:116)
	at org.apache.catalina.core.ApplicationFilterChain.doFilter(ApplicationFilterChain.java:107)
	at org.springframework.web.filter.CharacterEncodingFilter.doFilterInternal(CharacterEncodingFilter.java:199)
	at org.springframework.web.filter.OncePerRequestFilter.doFilter(OncePerRequestFilter.java:116)
	at org.apache.catalina.core.ApplicationFilterChain.doFilter(ApplicationFilterChain.java:107)
	at org.apache.catalina.core.StandardWrapperValve.invoke(StandardWrapperValve.java:165)
	at org.apache.catalina.core.StandardContextValve.invoke(StandardContextValve.java:77)
	at org.apache.catalina.authenticator.AuthenticatorBase.invoke(AuthenticatorBase.java:492)
	at org.apache.catalina.core.StandardHostValve.invoke(StandardHostValve.java:113)
	at org.apache.catalina.valves.ErrorReportValve.invoke(ErrorReportValve.java:83)
	at org.apache.catalina.core.StandardEngineValve.invoke(StandardEngineValve.java:72)
	at org.apache.catalina.connector.CoyoteAdapter.service(CoyoteAdapter.java:341)
	at org.apache.coyote.http11.Http11Processor.service(Http11Processor.java:397)
	at org.apache.coyote.AbstractProcessorLight.process(AbstractProcessorLight.java:63)
	at org.apache.coyote.AbstractProtocol$ConnectionHandler.process(AbstractProtocol.java:903)
	at org.apache.tomcat.util.net.NioEndpoint$SocketProcessor.doRun(NioEndpoint.java:1801)
	at org.apache.tomcat.util.net.SocketProcessorBase.run(SocketProcessorBase.java:52)
	at org.apache.tomcat.util.threads.ThreadPoolExecutor.runWorker(ThreadPoolExecutor.java:946)
	at org.apache.tomcat.util.threads.ThreadPoolExecutor$Worker.run(ThreadPoolExecutor.java:480)
	at org.apache.tomcat.util.threads.TaskThread$WrappingRunnable.run(TaskThread.java:57)
	at java.base/java.lang.Thread.run(Thread.java:1583)
DEBUG 20260526 20:56:05.354[http-nio-8181-exec-1] [JpaTransactionManager:892] - Initiating transaction rollback
DEBUG 20260526 20:56:05.356[http-nio-8181-exec-1] [JpaTransactionManager:574] - Rolling back JPA transaction on EntityManager [SessionImpl(1087980483<open>)]
DEBUG 20260526 20:56:05.356[http-nio-8181-exec-1] [core:122] - HHH006585: Rolling back transaction
DEBUG 20260526 20:56:05.375[http-nio-8181-exec-1] [JpaTransactionManager:645] - Not closing pre-bound JPA EntityManager after transaction
DEBUG 20260526 20:56:05.389[http-nio-8181-exec-1] [ExceptionHandlerExceptionResolver:448] - Using @ExceptionHandler com.mjc813.login_cookie.common.CommonExceptionHandler#exceptionHandler(Exception)
DEBUG 20260526 20:56:05.392[http-nio-8181-exec-1] [HttpEntityMethodProcessor:306] - Using 'application/json', given [*/*] and supported [application/json, application/*+json]
DEBUG 20260526 20:56:05.393[http-nio-8181-exec-1] [HttpEntityMethodProcessor:118] - Writing [com.mjc813.login_cookie.common.ComResponseDto@6f1fce26]
WARN  20260526 20:56:05.397[http-nio-8181-exec-1] [ExceptionHandlerExceptionResolver:248] - Resolved [org.springframework.dao.DataIntegrityViolationException: could not execute statement [Duplicate entry 'sincerus@hanmail.net' for key 'member.UKmbmcqelty0fbrvxp1q58dn57t'] [insert into member (create_dt,delete_dt,email,is_valid_email,password,role,sign_id,update_dt,valid_text) values (?,?,?,?,?,?,?,?,?)]; SQL [insert into member (create_dt,delete_dt,email,is_valid_email,password,role,sign_id,update_dt,valid_text) values (?,?,?,?,?,?,?,?,?)]; constraint [member.UKmbmcqelty0fbrvxp1q58dn57t]]
DEBUG 20260526 20:56:05.398[http-nio-8181-exec-1] [OpenEntityManagerInViewInterceptor:111] - Closing JPA EntityManager in OpenEntityManagerInViewInterceptor
DEBUG 20260526 20:56:05.398[http-nio-8181-exec-1] [metrics:277] - HHH000401: Logging session metrics:
	3043300 ns acquiring 1 JDBC connections
	0 ns releasing 0 JDBC connections
	623800 ns preparing 1 JDBC statements
	160531800 ns executing 1 JDBC statements
	0 ns executing 0 JDBC batches
	0 ns performing 0 second-level cache puts
	0 ns performing 0 second-level cache hits
	0 ns performing 0 second-level cache misses
	0 ns executing 0 flushes (flushing a total of 0 entities and 0 collections)
	0 ns executing 0 pre-partial-flushes
	0 ns executing 0 partial-flushes (flushing a total of 0 entities and 0 collections)

DEBUG 20260526 20:56:05.399[http-nio-8181-exec-1] [DispatcherServlet:1122] - Completed 500 INTERNAL_SERVER_ERROR
DEBUG 20260526 20:56:08.779[HikariPool-1:housekeeper] [HikariPool:422] - HikariPool-1 - Pool stats (total=10/10, idle=10/10, active=0, waiting=0)
DEBUG 20260526 20:56:08.780[HikariPool-1:housekeeper] [HikariPool:536] - HikariPool-1 - Fill pool skipped, pool has sufficient level or currently being filled.
DEBUG 20260526 20:56:21.718[HikariPool-1:housekeeper] [HikariPool:888] - HikariPool-1 - keepalive: connection com.mysql.cj.jdbc.ConnectionImpl@7f67bdc6 is alive
DEBUG 20260526 20:56:28.874[HikariPool-1:housekeeper] [HikariPool:888] - HikariPool-1 - keepalive: connection com.mysql.cj.jdbc.ConnectionImpl@21d8b41c is alive
DEBUG 20260526 20:56:32.224[HikariPool-1:housekeeper] [HikariPool:888] - HikariPool-1 - keepalive: connection com.mysql.cj.jdbc.ConnectionImpl@f88d2c3 is alive
DEBUG 20260526 20:56:37.912[HikariPool-1:housekeeper] [HikariPool:888] - HikariPool-1 - keepalive: connection com.mysql.cj.jdbc.ConnectionImpl@60f3a848 is alive
DEBUG 20260526 20:56:38.781[HikariPool-1:housekeeper] [HikariPool:422] - HikariPool-1 - Pool stats (total=10/10, idle=10/10, active=0, waiting=0)
DEBUG 20260526 20:56:38.786[HikariPool-1:housekeeper] [HikariPool:536] - HikariPool-1 - Fill pool skipped, pool has sufficient level or currently being filled.
DEBUG 20260526 20:56:43.351[HikariPool-1:housekeeper] [HikariPool:888] - HikariPool-1 - keepalive: connection com.mysql.cj.jdbc.ConnectionImpl@76c74f70 is alive
DEBUG 20260526 20:56:47.537[HikariPool-1:housekeeper] [HikariPool:888] - HikariPool-1 - keepalive: connection com.mysql.cj.jdbc.ConnectionImpl@66468996 is alive
DEBUG 20260526 20:56:53.292[HikariPool-1:housekeeper] [HikariPool:888] - HikariPool-1 - keepalive: connection com.mysql.cj.jdbc.ConnectionImpl@7fdf6708 is alive
DEBUG 20260526 20:56:56.693[HikariPool-1:housekeeper] [HikariPool:888] - HikariPool-1 - keepalive: connection com.mysql.cj.jdbc.ConnectionImpl@741e2b2e is alive
DEBUG 20260526 20:56:58.786[HikariPool-1:housekeeper] [HikariPool:888] - HikariPool-1 - keepalive: connection com.mysql.cj.jdbc.ConnectionImpl@568c1003 is alive
DEBUG 20260526 20:57:06.453[HikariPool-1:housekeeper] [HikariPool:888] - HikariPool-1 - keepalive: connection com.mysql.cj.jdbc.ConnectionImpl@7d301cd is alive
DEBUG 20260526 20:57:08.795[HikariPool-1:housekeeper] [HikariPool:422] - HikariPool-1 - Pool stats (total=10/10, idle=10/10, active=0, waiting=0)
DEBUG 20260526 20:57:08.795[HikariPool-1:housekeeper] [HikariPool:536] - HikariPool-1 - Fill pool skipped, pool has sufficient level or currently being filled.
DEBUG 20260526 20:57:38.800[HikariPool-1:housekeeper] [HikariPool:422] - HikariPool-1 - Pool stats (total=10/10, idle=10/10, active=0, waiting=0)
DEBUG 20260526 20:57:38.800[HikariPool-1:housekeeper] [HikariPool:536] - HikariPool-1 - Fill pool skipped, pool has sufficient level or currently being filled.
DEBUG 20260526 20:57:58.059[HikariPool-1:housekeeper] [HikariPool:888] - HikariPool-1 - keepalive: connection com.mysql.cj.jdbc.ConnectionImpl@7f67bdc6 is alive
DEBUG 20260526 20:58:08.676[HikariPool-1:housekeeper] [HikariPool:888] - HikariPool-1 - keepalive: connection com.mysql.cj.jdbc.ConnectionImpl@21d8b41c is alive
DEBUG 20260526 20:58:08.810[HikariPool-1:housekeeper] [HikariPool:422] - HikariPool-1 - Pool stats (total=10/10, idle=10/10, active=0, waiting=0)
DEBUG 20260526 20:58:08.810[HikariPool-1:housekeeper] [HikariPool:536] - HikariPool-1 - Fill pool skipped, pool has sufficient level or currently being filled.
DEBUG 20260526 20:58:13.766[HikariPool-1:housekeeper] [HikariPool:888] - HikariPool-1 - keepalive: connection com.mysql.cj.jdbc.ConnectionImpl@f88d2c3 is alive
DEBUG 20260526 20:58:22.502[HikariPool-1:housekeeper] [HikariPool:888] - HikariPool-1 - keepalive: connection com.mysql.cj.jdbc.ConnectionImpl@60f3a848 is alive
DEBUG 20260526 20:58:30.313[HikariPool-1:housekeeper] [HikariPool:888] - HikariPool-1 - keepalive: connection com.mysql.cj.jdbc.ConnectionImpl@76c74f70 is alive
DEBUG 20260526 20:58:37.018[HikariPool-1:housekeeper] [HikariPool:888] - HikariPool-1 - keepalive: connection com.mysql.cj.jdbc.ConnectionImpl@66468996 is alive
DEBUG 20260526 20:58:38.825[HikariPool-1:housekeeper] [HikariPool:422] - HikariPool-1 - Pool stats (total=10/10, idle=10/10, active=0, waiting=0)
DEBUG 20260526 20:58:38.825[HikariPool-1:housekeeper] [HikariPool:536] - HikariPool-1 - Fill pool skipped, pool has sufficient level or currently being filled.
DEBUG 20260526 20:58:45.533[HikariPool-1:housekeeper] [HikariPool:888] - HikariPool-1 - keepalive: connection com.mysql.cj.jdbc.ConnectionImpl@7fdf6708 is alive
DEBUG 20260526 20:58:50.362[HikariPool-1:housekeeper] [HikariPool:888] - HikariPool-1 - keepalive: connection com.mysql.cj.jdbc.ConnectionImpl@741e2b2e is alive
DEBUG 20260526 20:58:53.655[HikariPool-1:housekeeper] [HikariPool:888] - HikariPool-1 - keepalive: connection com.mysql.cj.jdbc.ConnectionImpl@568c1003 is alive
DEBUG 20260526 20:59:02.578[http-nio-8181-exec-2] [DispatcherServlet:118] - GET "/signup", parameters={}
DEBUG 20260526 20:59:02.586[http-nio-8181-exec-2] [RequestMappingHandlerMapping:573] - Mapped to com.mjc813.login_cookie.biz.MenuController#signupPage()
DEBUG 20260526 20:59:02.590[http-nio-8181-exec-2] [OpenEntityManagerInViewInterceptor:86] - Opening JPA EntityManager in OpenEntityManagerInViewInterceptor
DEBUG 20260526 20:59:02.595[http-nio-8181-exec-2] [core:151] - HHH006588: Opening session [tenant=null]
DEBUG 20260526 20:59:02.775[http-nio-8181-exec-2] [ContentNegotiatingViewResolver:346] - Selected 'text/html' given [text/html, application/xhtml+xml, image/avif, image/webp, image/apng, application/xml;q=0.9, */*;q=0.8, application/signed-exchange;v=b3;q=0.7]
DEBUG 20260526 20:59:02.777[http-nio-8181-exec-2] [MustacheView:300] - View name [info/signup], model {}
DEBUG 20260526 20:59:02.783[http-nio-8181-exec-2] [MustacheView:178] - Rendering [classpath:/templates/info/signup.html]
DEBUG 20260526 20:59:02.806[http-nio-8181-exec-2] [OpenEntityManagerInViewInterceptor:111] - Closing JPA EntityManager in OpenEntityManagerInViewInterceptor
DEBUG 20260526 20:59:02.807[http-nio-8181-exec-2] [metrics:277] - HHH000401: Logging session metrics:
	0 ns acquiring 0 JDBC connections
	0 ns releasing 0 JDBC connections
	0 ns preparing 0 JDBC statements
	0 ns executing 0 JDBC statements
	0 ns executing 0 JDBC batches
	0 ns performing 0 second-level cache puts
	0 ns performing 0 second-level cache hits
	0 ns performing 0 second-level cache misses
	0 ns executing 0 flushes (flushing a total of 0 entities and 0 collections)
	0 ns executing 0 pre-partial-flushes
	0 ns executing 0 partial-flushes (flushing a total of 0 entities and 0 collections)

DEBUG 20260526 20:59:02.808[http-nio-8181-exec-2] [DispatcherServlet:1122] - Completed 200 OK
DEBUG 20260526 20:59:02.876[http-nio-8181-exec-3] [DispatcherServlet:118] - GET "/js/jquery.min.js", parameters={}
DEBUG 20260526 20:59:02.903[http-nio-8181-exec-3] [SimpleUrlHandlerMapping:573] - Mapped to ResourceHttpRequestHandler [classpath [META-INF/resources/], classpath [resources/], classpath [static/], classpath [public/], ServletContext [/]]
DEBUG 20260526 20:59:02.908[http-nio-8181-exec-3] [OpenEntityManagerInViewInterceptor:86] - Opening JPA EntityManager in OpenEntityManagerInViewInterceptor
DEBUG 20260526 20:59:02.908[http-nio-8181-exec-3] [core:151] - HHH006588: Opening session [tenant=null]
DEBUG 20260526 20:59:02.927[http-nio-8181-exec-3] [OpenEntityManagerInViewInterceptor:111] - Closing JPA EntityManager in OpenEntityManagerInViewInterceptor
DEBUG 20260526 20:59:02.928[http-nio-8181-exec-3] [metrics:277] - HHH000401: Logging session metrics:
	0 ns acquiring 0 JDBC connections
	0 ns releasing 0 JDBC connections
	0 ns preparing 0 JDBC statements
	0 ns executing 0 JDBC statements
	0 ns executing 0 JDBC batches
	0 ns performing 0 second-level cache puts
	0 ns performing 0 second-level cache hits
	0 ns performing 0 second-level cache misses
	0 ns executing 0 flushes (flushing a total of 0 entities and 0 collections)
	0 ns executing 0 pre-partial-flushes
	0 ns executing 0 partial-flushes (flushing a total of 0 entities and 0 collections)

DEBUG 20260526 20:59:02.929[http-nio-8181-exec-3] [DispatcherServlet:1122] - Completed 200 OK
DEBUG 20260526 20:59:03.046[http-nio-8181-exec-4] [DispatcherServlet:118] - GET "/favicon.ico", parameters={}
DEBUG 20260526 20:59:03.048[http-nio-8181-exec-4] [SimpleUrlHandlerMapping:573] - Mapped to ResourceHttpRequestHandler [classpath [META-INF/resources/], classpath [resources/], classpath [static/], classpath [public/], ServletContext [/]]
DEBUG 20260526 20:59:03.049[http-nio-8181-exec-4] [OpenEntityManagerInViewInterceptor:86] - Opening JPA EntityManager in OpenEntityManagerInViewInterceptor
DEBUG 20260526 20:59:03.049[http-nio-8181-exec-4] [core:151] - HHH006588: Opening session [tenant=null]
DEBUG 20260526 20:59:03.057[http-nio-8181-exec-4] [ResourceHttpRequestHandler:598] - Resource not found for path [favicon.ico]
DEBUG 20260526 20:59:03.067[http-nio-8181-exec-4] [ExceptionHandlerExceptionResolver:448] - Using @ExceptionHandler com.mjc813.login_cookie.common.CommonExceptionHandler#exceptionHandler(Exception)
DEBUG 20260526 20:59:03.069[http-nio-8181-exec-4] [HttpEntityMethodProcessor:306] - Using 'application/json;q=0.8', given [image/avif, image/webp, image/apng, image/svg+xml, image/*, */*;q=0.8] and supported [application/json, application/*+json]
DEBUG 20260526 20:59:03.070[http-nio-8181-exec-4] [HttpEntityMethodProcessor:118] - Writing [com.mjc813.login_cookie.common.ComResponseDto@4eab1764]
WARN  20260526 20:59:03.091[http-nio-8181-exec-4] [ExceptionHandlerExceptionResolver:248] - Resolved [org.springframework.web.servlet.resource.NoResourceFoundException: No static resource favicon.ico for request '/favicon.ico'.]
DEBUG 20260526 20:59:03.092[http-nio-8181-exec-4] [OpenEntityManagerInViewInterceptor:111] - Closing JPA EntityManager in OpenEntityManagerInViewInterceptor
DEBUG 20260526 20:59:03.093[http-nio-8181-exec-4] [metrics:277] - HHH000401: Logging session metrics:
	0 ns acquiring 0 JDBC connections
	0 ns releasing 0 JDBC connections
	0 ns preparing 0 JDBC statements
	0 ns executing 0 JDBC statements
	0 ns executing 0 JDBC batches
	0 ns performing 0 second-level cache puts
	0 ns performing 0 second-level cache hits
	0 ns performing 0 second-level cache misses
	0 ns executing 0 flushes (flushing a total of 0 entities and 0 collections)
	0 ns executing 0 pre-partial-flushes
	0 ns executing 0 partial-flushes (flushing a total of 0 entities and 0 collections)

DEBUG 20260526 20:59:03.096[http-nio-8181-exec-4] [DispatcherServlet:1122] - Completed 500 INTERNAL_SERVER_ERROR
DEBUG 20260526 20:59:05.091[HikariPool-1:housekeeper] [HikariPool:888] - HikariPool-1 - keepalive: connection com.mysql.cj.jdbc.ConnectionImpl@7d301cd is alive
DEBUG 20260526 20:59:08.832[HikariPool-1:housekeeper] [HikariPool:422] - HikariPool-1 - Pool stats (total=10/10, idle=10/10, active=0, waiting=0)
DEBUG 20260526 20:59:08.832[HikariPool-1:housekeeper] [HikariPool:536] - HikariPool-1 - Fill pool skipped, pool has sufficient level or currently being filled.
DEBUG 20260526 20:59:29.207[http-nio-8181-exec-5] [DispatcherServlet:118] - POST "/api/v1/auth/signup", parameters={}
DEBUG 20260526 20:59:29.208[http-nio-8181-exec-5] [RequestMappingHandlerMapping:573] - Mapped to com.mjc813.login_cookie.biz.CookieSignRestController#signUp(SignUpDto)
DEBUG 20260526 20:59:29.208[http-nio-8181-exec-5] [OpenEntityManagerInViewInterceptor:86] - Opening JPA EntityManager in OpenEntityManagerInViewInterceptor
DEBUG 20260526 20:59:29.209[http-nio-8181-exec-5] [core:151] - HHH006588: Opening session [tenant=null]
DEBUG 20260526 20:59:29.212[http-nio-8181-exec-5] [RequestResponseBodyMethodProcessor:118] - Read "application/json;charset=UTF-8" to [SignUpDto(id=null, signId=test1, password=qwer1234, email=smd030830@gmail.com, role=null, isValidEma (truncated)...]
DEBUG 20260526 20:59:29.215[http-nio-8181-exec-5] [JpaTransactionManager:365] - Found thread-bound EntityManager [SessionImpl(58547704<open>)] for JPA transaction
DEBUG 20260526 20:59:29.216[http-nio-8181-exec-5] [JpaTransactionManager:402] - Creating new transaction with name [org.springframework.data.jpa.repository.support.SimpleJpaRepository.save]: PROPAGATION_REQUIRED,ISOLATION_DEFAULT
DEBUG 20260526 20:59:29.217[http-nio-8181-exec-5] [core:74] - HHH006583: Beginning transaction
DEBUG 20260526 20:59:29.231[http-nio-8181-exec-5] [JpaTransactionManager:430] - Exposing JPA transaction as JDBC [org.springframework.orm.jpa.vendor.HibernateJpaDialect$HibernateConnectionHandle@467fc3f3]
DEBUG 20260526 20:59:29.254[http-nio-8181-exec-5] [SQL:126] - 
    insert 
    into
        member
        (create_dt, delete_dt, email, is_valid_email, password, role, sign_id, update_dt, valid_text) 
    values
        (?, ?, ?, ?, ?, ?, ?, ?, ?)
DEBUG 20260526 20:59:29.308[http-nio-8181-exec-5] [JpaTransactionManager:789] - Initiating transaction commit
DEBUG 20260526 20:59:29.308[http-nio-8181-exec-5] [JpaTransactionManager:548] - Committing JPA transaction on EntityManager [SessionImpl(58547704<open>)]
DEBUG 20260526 20:59:29.308[http-nio-8181-exec-5] [core:87] - HHH006584: Committing transaction
DEBUG 20260526 20:59:29.310[http-nio-8181-exec-5] [event:98] - HHH90060071: Flushed: 0 insertions, 0 updates, 0 deletions to 1 objects
DEBUG 20260526 20:59:29.311[http-nio-8181-exec-5] [event:104] - HHH90060072: Flushed: 0 (re)creations, 0 updates, 0 removals to 0 collections
DEBUG 20260526 20:59:29.311[http-nio-8181-exec-5] [core:102] - Listing entities:
DEBUG 20260526 20:59:29.316[http-nio-8181-exec-5] [core:111] - com.mjc813.login_cookie.models.member.MemberEntity{deleteDt=null, password=qwer1234, role=GUEST, validText=REalI4!8LGOd, id=3, updateDt=null, createDt=2026-05-26T20:59:29.214633200, signId=test1, email=smd030830@gmail.com, isValidEmail=false}
DEBUG 20260526 20:59:29.346[http-nio-8181-exec-5] [JpaTransactionManager:645] - Not closing pre-bound JPA EntityManager after transaction
DEBUG 20260526 20:59:31.421[http-nio-8181-exec-5] [HttpEntityMethodProcessor:306] - Using 'application/json', given [application/json, text/javascript, */*;q=0.01] and supported [application/json, application/*+json]
DEBUG 20260526 20:59:31.421[http-nio-8181-exec-5] [HttpEntityMethodProcessor:118] - Writing [com.mjc813.login_cookie.common.ComResponseDto@6b1c7c7d]
DEBUG 20260526 20:59:31.422[http-nio-8181-exec-5] [OpenEntityManagerInViewInterceptor:111] - Closing JPA EntityManager in OpenEntityManagerInViewInterceptor
DEBUG 20260526 20:59:31.423[http-nio-8181-exec-5] [metrics:277] - HHH000401: Logging session metrics:
	2969000 ns acquiring 1 JDBC connections
	0 ns releasing 0 JDBC connections
	2054400 ns preparing 1 JDBC statements
	23437100 ns executing 1 JDBC statements
	0 ns executing 0 JDBC batches
	0 ns performing 0 second-level cache puts
	0 ns performing 0 second-level cache hits
	0 ns performing 0 second-level cache misses
	8148600 ns executing 1 flushes (flushing a total of 1 entities and 0 collections)
	0 ns executing 0 pre-partial-flushes
	0 ns executing 0 partial-flushes (flushing a total of 0 entities and 0 collections)

DEBUG 20260526 20:59:31.423[http-nio-8181-exec-5] [DispatcherServlet:1122] - Completed 201 CREATED
DEBUG 20260526 20:59:33.457[http-nio-8181-exec-6] [DispatcherServlet:118] - GET "/", parameters={}
DEBUG 20260526 20:59:33.457[http-nio-8181-exec-6] [RequestMappingHandlerMapping:573] - Mapped to com.mjc813.login_cookie.biz.MenuController#index(HttpServletRequest, Model)
DEBUG 20260526 20:59:33.457[http-nio-8181-exec-6] [OpenEntityManagerInViewInterceptor:86] - Opening JPA EntityManager in OpenEntityManagerInViewInterceptor
DEBUG 20260526 20:59:33.457[http-nio-8181-exec-6] [core:151] - HHH006588: Opening session [tenant=null]
DEBUG 20260526 20:59:33.487[http-nio-8181-exec-6] [ContentNegotiatingViewResolver:346] - Selected 'text/html' given [text/html, application/xhtml+xml, image/avif, image/webp, image/apng, application/xml;q=0.9, */*;q=0.8, application/signed-exchange;v=b3;q=0.7]
DEBUG 20260526 20:59:33.487[http-nio-8181-exec-6] [MustacheView:300] - View name [home], model {}
DEBUG 20260526 20:59:33.487[http-nio-8181-exec-6] [MustacheView:178] - Rendering [classpath:/templates/home.html]
DEBUG 20260526 20:59:33.506[http-nio-8181-exec-6] [OpenEntityManagerInViewInterceptor:111] - Closing JPA EntityManager in OpenEntityManagerInViewInterceptor
DEBUG 20260526 20:59:33.507[http-nio-8181-exec-6] [metrics:277] - HHH000401: Logging session metrics:
	0 ns acquiring 0 JDBC connections
	0 ns releasing 0 JDBC connections
	0 ns preparing 0 JDBC statements
	0 ns executing 0 JDBC statements
	0 ns executing 0 JDBC batches
	0 ns performing 0 second-level cache puts
	0 ns performing 0 second-level cache hits
	0 ns performing 0 second-level cache misses
	0 ns executing 0 flushes (flushing a total of 0 entities and 0 collections)
	0 ns executing 0 pre-partial-flushes
	0 ns executing 0 partial-flushes (flushing a total of 0 entities and 0 collections)

DEBUG 20260526 20:59:33.507[http-nio-8181-exec-6] [DispatcherServlet:1122] - Completed 200 OK
DEBUG 20260526 20:59:33.620[http-nio-8181-exec-7] [DispatcherServlet:118] - GET "/favicon.ico", parameters={}
DEBUG 20260526 20:59:33.623[http-nio-8181-exec-7] [SimpleUrlHandlerMapping:573] - Mapped to ResourceHttpRequestHandler [classpath [META-INF/resources/], classpath [resources/], classpath [static/], classpath [public/], ServletContext [/]]
DEBUG 20260526 20:59:33.624[http-nio-8181-exec-7] [OpenEntityManagerInViewInterceptor:86] - Opening JPA EntityManager in OpenEntityManagerInViewInterceptor
DEBUG 20260526 20:59:33.624[http-nio-8181-exec-7] [core:151] - HHH006588: Opening session [tenant=null]
DEBUG 20260526 20:59:33.645[http-nio-8181-exec-7] [ResourceHttpRequestHandler:598] - Resource not found for path [favicon.ico]
DEBUG 20260526 20:59:33.655[http-nio-8181-exec-7] [ExceptionHandlerExceptionResolver:448] - Using @ExceptionHandler com.mjc813.login_cookie.common.CommonExceptionHandler#exceptionHandler(Exception)
DEBUG 20260526 20:59:33.656[http-nio-8181-exec-7] [HttpEntityMethodProcessor:306] - Using 'application/json;q=0.8', given [image/avif, image/webp, image/apng, image/svg+xml, image/*, */*;q=0.8] and supported [application/json, application/*+json]
DEBUG 20260526 20:59:33.657[http-nio-8181-exec-7] [HttpEntityMethodProcessor:118] - Writing [com.mjc813.login_cookie.common.ComResponseDto@7144376f]
WARN  20260526 20:59:33.658[http-nio-8181-exec-7] [ExceptionHandlerExceptionResolver:248] - Resolved [org.springframework.web.servlet.resource.NoResourceFoundException: No static resource favicon.ico for request '/favicon.ico'.]
DEBUG 20260526 20:59:33.658[http-nio-8181-exec-7] [OpenEntityManagerInViewInterceptor:111] - Closing JPA EntityManager in OpenEntityManagerInViewInterceptor
DEBUG 20260526 20:59:33.658[http-nio-8181-exec-7] [metrics:277] - HHH000401: Logging session metrics:
	0 ns acquiring 0 JDBC connections
	0 ns releasing 0 JDBC connections
	0 ns preparing 0 JDBC statements
	0 ns executing 0 JDBC statements
	0 ns executing 0 JDBC batches
	0 ns performing 0 second-level cache puts
	0 ns performing 0 second-level cache hits
	0 ns performing 0 second-level cache misses
	0 ns executing 0 flushes (flushing a total of 0 entities and 0 collections)
	0 ns executing 0 pre-partial-flushes
	0 ns executing 0 partial-flushes (flushing a total of 0 entities and 0 collections)

DEBUG 20260526 20:59:33.658[http-nio-8181-exec-7] [DispatcherServlet:1122] - Completed 500 INTERNAL_SERVER_ERROR
DEBUG 20260526 20:59:34.396[HikariPool-1:housekeeper] [HikariPool:888] - HikariPool-1 - keepalive: connection com.mysql.cj.jdbc.ConnectionImpl@7f67bdc6 is alive
DEBUG 20260526 20:59:38.833[HikariPool-1:housekeeper] [HikariPool:422] - HikariPool-1 - Pool stats (total=10/10, idle=10/10, active=0, waiting=0)
DEBUG 20260526 20:59:38.834[HikariPool-1:housekeeper] [HikariPool:536] - HikariPool-1 - Fill pool skipped, pool has sufficient level or currently being filled.
DEBUG 20260526 20:59:42.514[http-nio-8181-exec-8] [DispatcherServlet:118] - GET "/signin", parameters={}
DEBUG 20260526 20:59:42.514[http-nio-8181-exec-8] [RequestMappingHandlerMapping:573] - Mapped to com.mjc813.login_cookie.biz.MenuController#signinPage()
DEBUG 20260526 20:59:42.516[http-nio-8181-exec-8] [OpenEntityManagerInViewInterceptor:86] - Opening JPA EntityManager in OpenEntityManagerInViewInterceptor
DEBUG 20260526 20:59:42.516[http-nio-8181-exec-8] [core:151] - HHH006588: Opening session [tenant=null]
DEBUG 20260526 20:59:42.531[http-nio-8181-exec-8] [ContentNegotiatingViewResolver:346] - Selected 'text/html' given [text/html, application/xhtml+xml, image/avif, image/webp, image/apng, application/xml;q=0.9, */*;q=0.8, application/signed-exchange;v=b3;q=0.7]
DEBUG 20260526 20:59:42.531[http-nio-8181-exec-8] [MustacheView:300] - View name [info/signin], model {}
DEBUG 20260526 20:59:42.531[http-nio-8181-exec-8] [MustacheView:178] - Rendering [classpath:/templates/info/signin.html]
DEBUG 20260526 20:59:42.534[http-nio-8181-exec-8] [OpenEntityManagerInViewInterceptor:111] - Closing JPA EntityManager in OpenEntityManagerInViewInterceptor
DEBUG 20260526 20:59:42.534[http-nio-8181-exec-8] [metrics:277] - HHH000401: Logging session metrics:
	0 ns acquiring 0 JDBC connections
	0 ns releasing 0 JDBC connections
	0 ns preparing 0 JDBC statements
	0 ns executing 0 JDBC statements
	0 ns executing 0 JDBC batches
	0 ns performing 0 second-level cache puts
	0 ns performing 0 second-level cache hits
	0 ns performing 0 second-level cache misses
	0 ns executing 0 flushes (flushing a total of 0 entities and 0 collections)
	0 ns executing 0 pre-partial-flushes
	0 ns executing 0 partial-flushes (flushing a total of 0 entities and 0 collections)

DEBUG 20260526 20:59:42.535[http-nio-8181-exec-8] [DispatcherServlet:1122] - Completed 200 OK
DEBUG 20260526 20:59:42.561[http-nio-8181-exec-9] [DispatcherServlet:118] - GET "/js/jquery.min.js", parameters={}
DEBUG 20260526 20:59:42.562[http-nio-8181-exec-9] [SimpleUrlHandlerMapping:573] - Mapped to ResourceHttpRequestHandler [classpath [META-INF/resources/], classpath [resources/], classpath [static/], classpath [public/], ServletContext [/]]
DEBUG 20260526 20:59:42.562[http-nio-8181-exec-9] [OpenEntityManagerInViewInterceptor:86] - Opening JPA EntityManager in OpenEntityManagerInViewInterceptor
DEBUG 20260526 20:59:42.562[http-nio-8181-exec-9] [core:151] - HHH006588: Opening session [tenant=null]
DEBUG 20260526 20:59:42.571[http-nio-8181-exec-9] [OpenEntityManagerInViewInterceptor:111] - Closing JPA EntityManager in OpenEntityManagerInViewInterceptor
DEBUG 20260526 20:59:42.571[http-nio-8181-exec-9] [metrics:277] - HHH000401: Logging session metrics:
	0 ns acquiring 0 JDBC connections
	0 ns releasing 0 JDBC connections
	0 ns preparing 0 JDBC statements
	0 ns executing 0 JDBC statements
	0 ns executing 0 JDBC batches
	0 ns performing 0 second-level cache puts
	0 ns performing 0 second-level cache hits
	0 ns performing 0 second-level cache misses
	0 ns executing 0 flushes (flushing a total of 0 entities and 0 collections)
	0 ns executing 0 pre-partial-flushes
	0 ns executing 0 partial-flushes (flushing a total of 0 entities and 0 collections)

DEBUG 20260526 20:59:42.572[http-nio-8181-exec-9] [DispatcherServlet:1122] - Completed 200 OK
DEBUG 20260526 20:59:42.600[http-nio-8181-exec-10] [DispatcherServlet:118] - GET "/favicon.ico", parameters={}
DEBUG 20260526 20:59:42.603[http-nio-8181-exec-10] [SimpleUrlHandlerMapping:573] - Mapped to ResourceHttpRequestHandler [classpath [META-INF/resources/], classpath [resources/], classpath [static/], classpath [public/], ServletContext [/]]
DEBUG 20260526 20:59:42.604[http-nio-8181-exec-10] [OpenEntityManagerInViewInterceptor:86] - Opening JPA EntityManager in OpenEntityManagerInViewInterceptor
DEBUG 20260526 20:59:42.604[http-nio-8181-exec-10] [core:151] - HHH006588: Opening session [tenant=null]
DEBUG 20260526 20:59:42.609[http-nio-8181-exec-10] [ResourceHttpRequestHandler:598] - Resource not found for path [favicon.ico]
DEBUG 20260526 20:59:42.610[http-nio-8181-exec-10] [ExceptionHandlerExceptionResolver:448] - Using @ExceptionHandler com.mjc813.login_cookie.common.CommonExceptionHandler#exceptionHandler(Exception)
DEBUG 20260526 20:59:42.612[http-nio-8181-exec-10] [HttpEntityMethodProcessor:306] - Using 'application/json;q=0.8', given [image/avif, image/webp, image/apng, image/svg+xml, image/*, */*;q=0.8] and supported [application/json, application/*+json]
DEBUG 20260526 20:59:42.612[http-nio-8181-exec-10] [HttpEntityMethodProcessor:118] - Writing [com.mjc813.login_cookie.common.ComResponseDto@548d0426]
WARN  20260526 20:59:42.613[http-nio-8181-exec-10] [ExceptionHandlerExceptionResolver:248] - Resolved [org.springframework.web.servlet.resource.NoResourceFoundException: No static resource favicon.ico for request '/favicon.ico'.]
DEBUG 20260526 20:59:42.613[http-nio-8181-exec-10] [OpenEntityManagerInViewInterceptor:111] - Closing JPA EntityManager in OpenEntityManagerInViewInterceptor
DEBUG 20260526 20:59:42.614[http-nio-8181-exec-10] [metrics:277] - HHH000401: Logging session metrics:
	0 ns acquiring 0 JDBC connections
	0 ns releasing 0 JDBC connections
	0 ns preparing 0 JDBC statements
	0 ns executing 0 JDBC statements
	0 ns executing 0 JDBC batches
	0 ns performing 0 second-level cache puts
	0 ns performing 0 second-level cache hits
	0 ns performing 0 second-level cache misses
	0 ns executing 0 flushes (flushing a total of 0 entities and 0 collections)
	0 ns executing 0 pre-partial-flushes
	0 ns executing 0 partial-flushes (flushing a total of 0 entities and 0 collections)

DEBUG 20260526 20:59:42.614[http-nio-8181-exec-10] [DispatcherServlet:1122] - Completed 500 INTERNAL_SERVER_ERROR
DEBUG 20260526 20:59:48.487[HikariPool-1:housekeeper] [HikariPool:888] - HikariPool-1 - keepalive: connection com.mysql.cj.jdbc.ConnectionImpl@21d8b41c is alive
DEBUG 20260526 20:59:50.021[http-nio-8181-exec-1] [DispatcherServlet:118] - POST "/api/v1/auth/signin", parameters={}
DEBUG 20260526 20:59:50.022[http-nio-8181-exec-1] [RequestMappingHandlerMapping:573] - Mapped to com.mjc813.login_cookie.biz.CookieSignRestController#signin(SignInDto, HttpServletResponse)
DEBUG 20260526 20:59:50.023[http-nio-8181-exec-1] [OpenEntityManagerInViewInterceptor:86] - Opening JPA EntityManager in OpenEntityManagerInViewInterceptor
DEBUG 20260526 20:59:50.023[http-nio-8181-exec-1] [core:151] - HHH006588: Opening session [tenant=null]
DEBUG 20260526 20:59:50.088[http-nio-8181-exec-1] [RequestResponseBodyMethodProcessor:118] - Read "application/json;charset=UTF-8" to [SignInDto(id=null, signId=test1, password=qwer1234, email=null, role=null, isValidEmail=null, validT (truncated)...]
DEBUG 20260526 20:59:50.330[http-nio-8181-exec-1] [PartTreeJpaQuery:235] - QueryPreparer: Derived query for query method [public abstract java.util.Optional com.mjc813.login_cookie.models.member.MemberJpaRepository.findBySignId(java.lang.String)]: 'SELECT m FROM member m WHERE m.signId = :signId'
DEBUG 20260526 20:59:51.286[http-nio-8181-exec-1] [SQL:126] - 
    select
        me1_0.id,
        me1_0.create_dt,
        me1_0.delete_dt,
        me1_0.email,
        me1_0.is_valid_email,
        me1_0.password,
        me1_0.role,
        me1_0.sign_id,
        me1_0.update_dt,
        me1_0.valid_text 
    from
        member me1_0 
    where
        me1_0.sign_id=?
DEBUG 20260526 20:59:51.357[http-nio-8181-exec-1] [ExceptionHandlerExceptionResolver:448] - Using @ExceptionHandler com.mjc813.login_cookie.common.CommonExceptionHandler#exceptionHandler(LoginException)
DEBUG 20260526 20:59:51.357[http-nio-8181-exec-1] [HttpEntityMethodProcessor:306] - Using 'application/json', given [application/json, text/javascript, */*;q=0.01] and supported [application/json, application/*+json]
DEBUG 20260526 20:59:51.358[http-nio-8181-exec-1] [HttpEntityMethodProcessor:118] - Writing [com.mjc813.login_cookie.common.ComResponseDto@59756442]
WARN  20260526 20:59:51.358[http-nio-8181-exec-1] [ExceptionHandlerExceptionResolver:248] - Resolved [com.mjc813.login_cookie.common.LoginException: not valid email]
DEBUG 20260526 20:59:51.359[http-nio-8181-exec-1] [OpenEntityManagerInViewInterceptor:111] - Closing JPA EntityManager in OpenEntityManagerInViewInterceptor
DEBUG 20260526 20:59:51.359[http-nio-8181-exec-1] [metrics:277] - HHH000401: Logging session metrics:
	2172000 ns acquiring 1 JDBC connections
	0 ns releasing 0 JDBC connections
	916900 ns preparing 1 JDBC statements
	12047200 ns executing 1 JDBC statements
	0 ns executing 0 JDBC batches
	0 ns performing 0 second-level cache puts
	0 ns performing 0 second-level cache hits
	0 ns performing 0 second-level cache misses
	0 ns executing 0 flushes (flushing a total of 0 entities and 0 collections)
	0 ns executing 0 pre-partial-flushes
	0 ns executing 0 partial-flushes (flushing a total of 0 entities and 0 collections)

DEBUG 20260526 20:59:51.359[http-nio-8181-exec-1] [DispatcherServlet:1122] - Completed 500 INTERNAL_SERVER_ERROR
DEBUG 20260526 20:59:55.317[HikariPool-1:housekeeper] [HikariPool:888] - HikariPool-1 - keepalive: connection com.mysql.cj.jdbc.ConnectionImpl@f88d2c3 is alive
DEBUG 20260526 20:59:55.401[http-nio-8181-exec-2] [DispatcherServlet:118] - GET "/favicon.ico", parameters={}
DEBUG 20260526 20:59:55.403[http-nio-8181-exec-2] [SimpleUrlHandlerMapping:573] - Mapped to ResourceHttpRequestHandler [classpath [META-INF/resources/], classpath [resources/], classpath [static/], classpath [public/], ServletContext [/]]
DEBUG 20260526 20:59:55.404[http-nio-8181-exec-2] [OpenEntityManagerInViewInterceptor:86] - Opening JPA EntityManager in OpenEntityManagerInViewInterceptor
DEBUG 20260526 20:59:55.406[http-nio-8181-exec-2] [core:151] - HHH006588: Opening session [tenant=null]
DEBUG 20260526 20:59:55.411[http-nio-8181-exec-2] [ResourceHttpRequestHandler:598] - Resource not found for path [favicon.ico]
DEBUG 20260526 20:59:55.411[http-nio-8181-exec-2] [ExceptionHandlerExceptionResolver:448] - Using @ExceptionHandler com.mjc813.login_cookie.common.CommonExceptionHandler#exceptionHandler(Exception)
DEBUG 20260526 20:59:55.414[http-nio-8181-exec-2] [HttpEntityMethodProcessor:306] - Using 'application/json;q=0.8', given [image/avif, image/webp, image/apng, image/svg+xml, image/*, */*;q=0.8] and supported [application/json, application/*+json]
DEBUG 20260526 20:59:55.415[http-nio-8181-exec-2] [HttpEntityMethodProcessor:118] - Writing [com.mjc813.login_cookie.common.ComResponseDto@62ca1254]
WARN  20260526 20:59:55.418[http-nio-8181-exec-2] [ExceptionHandlerExceptionResolver:248] - Resolved [org.springframework.web.servlet.resource.NoResourceFoundException: No static resource favicon.ico for request '/favicon.ico'.]
DEBUG 20260526 20:59:55.418[http-nio-8181-exec-2] [OpenEntityManagerInViewInterceptor:111] - Closing JPA EntityManager in OpenEntityManagerInViewInterceptor
DEBUG 20260526 20:59:55.418[http-nio-8181-exec-2] [metrics:277] - HHH000401: Logging session metrics:
	0 ns acquiring 0 JDBC connections
	0 ns releasing 0 JDBC connections
	0 ns preparing 0 JDBC statements
	0 ns executing 0 JDBC statements
	0 ns executing 0 JDBC batches
	0 ns performing 0 second-level cache puts
	0 ns performing 0 second-level cache hits
	0 ns performing 0 second-level cache misses
	0 ns executing 0 flushes (flushing a total of 0 entities and 0 collections)
	0 ns executing 0 pre-partial-flushes
	0 ns executing 0 partial-flushes (flushing a total of 0 entities and 0 collections)

DEBUG 20260526 20:59:55.418[http-nio-8181-exec-2] [DispatcherServlet:1122] - Completed 500 INTERNAL_SERVER_ERROR
DEBUG 20260526 20:59:57.068[http-nio-8181-exec-3] [DispatcherServlet:118] - GET "/signup", parameters={}
DEBUG 20260526 20:59:57.069[http-nio-8181-exec-3] [RequestMappingHandlerMapping:573] - Mapped to com.mjc813.login_cookie.biz.MenuController#signupPage()
DEBUG 20260526 20:59:57.069[http-nio-8181-exec-3] [OpenEntityManagerInViewInterceptor:86] - Opening JPA EntityManager in OpenEntityManagerInViewInterceptor
DEBUG 20260526 20:59:57.069[http-nio-8181-exec-3] [core:151] - HHH006588: Opening session [tenant=null]
DEBUG 20260526 20:59:57.072[http-nio-8181-exec-3] [ContentNegotiatingViewResolver:346] - Selected 'text/html' given [text/html, application/xhtml+xml, image/avif, image/webp, image/apng, application/xml;q=0.9, */*;q=0.8, application/signed-exchange;v=b3;q=0.7]
DEBUG 20260526 20:59:57.072[http-nio-8181-exec-3] [MustacheView:300] - View name [info/signup], model {}
DEBUG 20260526 20:59:57.073[http-nio-8181-exec-3] [MustacheView:178] - Rendering [classpath:/templates/info/signup.html]
DEBUG 20260526 20:59:57.075[http-nio-8181-exec-3] [OpenEntityManagerInViewInterceptor:111] - Closing JPA EntityManager in OpenEntityManagerInViewInterceptor
DEBUG 20260526 20:59:57.075[http-nio-8181-exec-3] [metrics:277] - HHH000401: Logging session metrics:
	0 ns acquiring 0 JDBC connections
	0 ns releasing 0 JDBC connections
	0 ns preparing 0 JDBC statements
	0 ns executing 0 JDBC statements
	0 ns executing 0 JDBC batches
	0 ns performing 0 second-level cache puts
	0 ns performing 0 second-level cache hits
	0 ns performing 0 second-level cache misses
	0 ns executing 0 flushes (flushing a total of 0 entities and 0 collections)
	0 ns executing 0 pre-partial-flushes
	0 ns executing 0 partial-flushes (flushing a total of 0 entities and 0 collections)

DEBUG 20260526 20:59:57.075[http-nio-8181-exec-3] [DispatcherServlet:1122] - Completed 200 OK
DEBUG 20260526 20:59:57.097[http-nio-8181-exec-4] [DispatcherServlet:118] - GET "/js/jquery.min.js", parameters={}
DEBUG 20260526 20:59:57.098[http-nio-8181-exec-4] [SimpleUrlHandlerMapping:573] - Mapped to ResourceHttpRequestHandler [classpath [META-INF/resources/], classpath [resources/], classpath [static/], classpath [public/], ServletContext [/]]
DEBUG 20260526 20:59:57.098[http-nio-8181-exec-4] [OpenEntityManagerInViewInterceptor:86] - Opening JPA EntityManager in OpenEntityManagerInViewInterceptor
DEBUG 20260526 20:59:57.099[http-nio-8181-exec-4] [core:151] - HHH006588: Opening session [tenant=null]
DEBUG 20260526 20:59:57.105[http-nio-8181-exec-4] [OpenEntityManagerInViewInterceptor:111] - Closing JPA EntityManager in OpenEntityManagerInViewInterceptor
DEBUG 20260526 20:59:57.106[http-nio-8181-exec-4] [metrics:277] - HHH000401: Logging session metrics:
	0 ns acquiring 0 JDBC connections
	0 ns releasing 0 JDBC connections
	0 ns preparing 0 JDBC statements
	0 ns executing 0 JDBC statements
	0 ns executing 0 JDBC batches
	0 ns performing 0 second-level cache puts
	0 ns performing 0 second-level cache hits
	0 ns performing 0 second-level cache misses
	0 ns executing 0 flushes (flushing a total of 0 entities and 0 collections)
	0 ns executing 0 pre-partial-flushes
	0 ns executing 0 partial-flushes (flushing a total of 0 entities and 0 collections)

DEBUG 20260526 20:59:57.106[http-nio-8181-exec-4] [DispatcherServlet:1122] - Completed 200 OK
DEBUG 20260526 20:59:57.127[http-nio-8181-exec-5] [DispatcherServlet:118] - GET "/favicon.ico", parameters={}
DEBUG 20260526 20:59:57.129[http-nio-8181-exec-5] [SimpleUrlHandlerMapping:573] - Mapped to ResourceHttpRequestHandler [classpath [META-INF/resources/], classpath [resources/], classpath [static/], classpath [public/], ServletContext [/]]
DEBUG 20260526 20:59:57.129[http-nio-8181-exec-5] [OpenEntityManagerInViewInterceptor:86] - Opening JPA EntityManager in OpenEntityManagerInViewInterceptor
DEBUG 20260526 20:59:57.129[http-nio-8181-exec-5] [core:151] - HHH006588: Opening session [tenant=null]
DEBUG 20260526 20:59:57.134[http-nio-8181-exec-5] [ResourceHttpRequestHandler:598] - Resource not found for path [favicon.ico]
DEBUG 20260526 20:59:57.135[http-nio-8181-exec-5] [ExceptionHandlerExceptionResolver:448] - Using @ExceptionHandler com.mjc813.login_cookie.common.CommonExceptionHandler#exceptionHandler(Exception)
DEBUG 20260526 20:59:57.137[http-nio-8181-exec-5] [HttpEntityMethodProcessor:306] - Using 'application/json;q=0.8', given [image/avif, image/webp, image/apng, image/svg+xml, image/*, */*;q=0.8] and supported [application/json, application/*+json]
DEBUG 20260526 20:59:57.137[http-nio-8181-exec-5] [HttpEntityMethodProcessor:118] - Writing [com.mjc813.login_cookie.common.ComResponseDto@48b38c0f]
WARN  20260526 20:59:57.138[http-nio-8181-exec-5] [ExceptionHandlerExceptionResolver:248] - Resolved [org.springframework.web.servlet.resource.NoResourceFoundException: No static resource favicon.ico for request '/favicon.ico'.]
DEBUG 20260526 20:59:57.138[http-nio-8181-exec-5] [OpenEntityManagerInViewInterceptor:111] - Closing JPA EntityManager in OpenEntityManagerInViewInterceptor
DEBUG 20260526 20:59:57.139[http-nio-8181-exec-5] [metrics:277] - HHH000401: Logging session metrics:
	0 ns acquiring 0 JDBC connections
	0 ns releasing 0 JDBC connections
	0 ns preparing 0 JDBC statements
	0 ns executing 0 JDBC statements
	0 ns executing 0 JDBC batches
	0 ns performing 0 second-level cache puts
	0 ns performing 0 second-level cache hits
	0 ns performing 0 second-level cache misses
	0 ns executing 0 flushes (flushing a total of 0 entities and 0 collections)
	0 ns executing 0 pre-partial-flushes
	0 ns executing 0 partial-flushes (flushing a total of 0 entities and 0 collections)

DEBUG 20260526 20:59:57.139[http-nio-8181-exec-5] [DispatcherServlet:1122] - Completed 500 INTERNAL_SERVER_ERROR
DEBUG 20260526 21:00:07.088[HikariPool-1:housekeeper] [HikariPool:888] - HikariPool-1 - keepalive: connection com.mysql.cj.jdbc.ConnectionImpl@60f3a848 is alive
DEBUG 20260526 21:00:08.850[HikariPool-1:housekeeper] [HikariPool:422] - HikariPool-1 - Pool stats (total=10/10, idle=10/10, active=0, waiting=0)
DEBUG 20260526 21:00:08.852[HikariPool-1:housekeeper] [HikariPool:536] - HikariPool-1 - Fill pool skipped, pool has sufficient level or currently being filled.
DEBUG 20260526 21:00:09.434[http-nio-8181-exec-6] [DispatcherServlet:118] - POST "/api/v1/auth/signup", parameters={}
DEBUG 20260526 21:00:09.434[http-nio-8181-exec-6] [RequestMappingHandlerMapping:573] - Mapped to com.mjc813.login_cookie.biz.CookieSignRestController#signUp(SignUpDto)
DEBUG 20260526 21:00:09.435[http-nio-8181-exec-6] [OpenEntityManagerInViewInterceptor:86] - Opening JPA EntityManager in OpenEntityManagerInViewInterceptor
DEBUG 20260526 21:00:09.435[http-nio-8181-exec-6] [core:151] - HHH006588: Opening session [tenant=null]
DEBUG 20260526 21:00:09.436[http-nio-8181-exec-6] [RequestResponseBodyMethodProcessor:118] - Read "application/json;charset=UTF-8" to [SignUpDto(id=null, signId=test1, password=qwer1234, email=smd030830@gmail.com, role=null, isValidEma (truncated)...]
DEBUG 20260526 21:00:09.437[http-nio-8181-exec-6] [JpaTransactionManager:365] - Found thread-bound EntityManager [SessionImpl(2025657834<open>)] for JPA transaction
DEBUG 20260526 21:00:09.437[http-nio-8181-exec-6] [JpaTransactionManager:402] - Creating new transaction with name [org.springframework.data.jpa.repository.support.SimpleJpaRepository.save]: PROPAGATION_REQUIRED,ISOLATION_DEFAULT
DEBUG 20260526 21:00:09.437[http-nio-8181-exec-6] [core:74] - HHH006583: Beginning transaction
DEBUG 20260526 21:00:09.442[http-nio-8181-exec-6] [JpaTransactionManager:430] - Exposing JPA transaction as JDBC [org.springframework.orm.jpa.vendor.HibernateJpaDialect$HibernateConnectionHandle@7952607]
DEBUG 20260526 21:00:09.448[http-nio-8181-exec-6] [SQL:126] - 
    insert 
    into
        member
        (create_dt, delete_dt, email, is_valid_email, password, role, sign_id, update_dt, valid_text) 
    values
        (?, ?, ?, ?, ?, ?, ?, ?, ?)
WARN  20260526 21:00:09.458[http-nio-8181-exec-6] [error:143] - HHH000247: ErrorCode: 1062, SQLState: 23000
WARN  20260526 21:00:09.458[http-nio-8181-exec-6] [error:144] - Duplicate entry 'smd030830@gmail.com' for key 'member.UKmbmcqelty0fbrvxp1q58dn57t'
DEBUG 20260526 21:00:09.458[http-nio-8181-exec-6] [error:150] - could not execute statement [insert into member (create_dt,delete_dt,email,is_valid_email,password,role,sign_id,update_dt,valid_text) values (?,?,?,?,?,?,?,?,?)]
java.sql.SQLIntegrityConstraintViolationException: Duplicate entry 'smd030830@gmail.com' for key 'member.UKmbmcqelty0fbrvxp1q58dn57t'
	at com.mysql.cj.jdbc.exceptions.SQLError.createSQLException(SQLError.java:109)
	at com.mysql.cj.jdbc.exceptions.SQLExceptionsMapping.translateException(SQLExceptionsMapping.java:114)
	at com.mysql.cj.jdbc.ClientPreparedStatement.executeInternal(ClientPreparedStatement.java:988)
	at com.mysql.cj.jdbc.ClientPreparedStatement.executeUpdateInternal(ClientPreparedStatement.java:1166)
	at com.mysql.cj.jdbc.ClientPreparedStatement.executeUpdateInternal(ClientPreparedStatement.java:1101)
	at com.mysql.cj.jdbc.ClientPreparedStatement.executeLargeUpdate(ClientPreparedStatement.java:1448)
	at com.mysql.cj.jdbc.ClientPreparedStatement.executeUpdate(ClientPreparedStatement.java:1084)
	at com.zaxxer.hikari.pool.ProxyPreparedStatement.executeUpdate(ProxyPreparedStatement.java:61)
	at com.zaxxer.hikari.pool.HikariProxyPreparedStatement.executeUpdate(HikariProxyPreparedStatement.java)
	at org.hibernate.engine.jdbc.internal.ResultSetReturnImpl.executeUpdate(ResultSetReturnImpl.java:181)
	at org.hibernate.id.insert.GetGeneratedKeysDelegate.performMutation(GetGeneratedKeysDelegate.java:103)
	at org.hibernate.engine.jdbc.mutation.internal.MutationExecutorSingleNonBatched.performNonBatchedOperations(MutationExecutorSingleNonBatched.java:45)
	at org.hibernate.engine.jdbc.mutation.internal.AbstractMutationExecutor.execute(AbstractMutationExecutor.java:66)
	at org.hibernate.engine.jdbc.mutation.internal.AbstractMutationExecutor.execute(AbstractMutationExecutor.java:55)
	at org.hibernate.persister.entity.mutation.InsertCoordinatorStandard.doStaticInserts(InsertCoordinatorStandard.java:180)
	at org.hibernate.persister.entity.mutation.InsertCoordinatorStandard.coordinateInsert(InsertCoordinatorStandard.java:120)
	at org.hibernate.persister.entity.mutation.InsertCoordinatorStandard.insert(InsertCoordinatorStandard.java:84)
	at org.hibernate.action.internal.EntityIdentityInsertAction.execute(EntityIdentityInsertAction.java:85)
	at org.hibernate.engine.spi.ActionQueue.execute(ActionQueue.java:667)
	at org.hibernate.engine.spi.ActionQueue.addResolvedEntityInsertAction(ActionQueue.java:291)
	at org.hibernate.engine.spi.ActionQueue.addInsertAction(ActionQueue.java:270)
	at org.hibernate.engine.spi.ActionQueue.addAction(ActionQueue.java:322)
	at org.hibernate.event.internal.AbstractSaveEventListener.addInsertAction(AbstractSaveEventListener.java:371)
	at org.hibernate.event.internal.AbstractSaveEventListener.performSaveOrReplicate(AbstractSaveEventListener.java:285)
	at org.hibernate.event.internal.AbstractSaveEventListener.performSave(AbstractSaveEventListener.java:215)
	at org.hibernate.event.internal.AbstractSaveEventListener.saveWithGeneratedId(AbstractSaveEventListener.java:133)
	at org.hibernate.event.internal.DefaultPersistEventListener.entityIsTransient(DefaultPersistEventListener.java:144)
	at org.hibernate.event.internal.DefaultPersistEventListener.persist(DefaultPersistEventListener.java:90)
	at org.hibernate.event.internal.DefaultPersistEventListener.onPersist(DefaultPersistEventListener.java:74)
	at org.hibernate.event.internal.DefaultPersistEventListener.onPersist(DefaultPersistEventListener.java:50)
	at org.hibernate.event.service.internal.EventListenerGroupImpl.fireEventOnEachListener(EventListenerGroupImpl.java:138)
	at org.hibernate.internal.SessionImpl.firePersist(SessionImpl.java:692)
	at org.hibernate.internal.SessionImpl.persist(SessionImpl.java:675)
	at java.base/jdk.internal.reflect.DirectMethodHandleAccessor.invoke(DirectMethodHandleAccessor.java:103)
	at java.base/java.lang.reflect.Method.invoke(Method.java:580)
	at org.springframework.orm.jpa.ExtendedEntityManagerCreator$ExtendedEntityManagerInvocationHandler.invoke(ExtendedEntityManagerCreator.java:362)
	at jdk.proxy4/jdk.proxy4.$Proxy124.persist(Unknown Source)
	at java.base/jdk.internal.reflect.DirectMethodHandleAccessor.invoke(DirectMethodHandleAccessor.java:103)
	at java.base/java.lang.reflect.Method.invoke(Method.java:580)
	at org.springframework.orm.jpa.SharedEntityManagerCreator$SharedEntityHandlerInvocationHandler.invokeMethod(SharedEntityManagerCreator.java:240)
	at org.springframework.orm.jpa.SharedEntityManagerCreator$SharedEntityManagerInvocationHandler.invoke(SharedEntityManagerCreator.java:386)
	at jdk.proxy4/jdk.proxy4.$Proxy124.persist(Unknown Source)
	at org.springframework.data.jpa.repository.support.SimpleJpaRepository.save(SimpleJpaRepository.java:664)
	at java.base/jdk.internal.reflect.DirectMethodHandleAccessor.invoke(DirectMethodHandleAccessor.java:103)
	at java.base/java.lang.reflect.Method.invoke(Method.java:580)
	at org.springframework.aop.support.AopUtils.invokeJoinpointUsingReflection(AopUtils.java:359)
	at org.springframework.data.repository.core.support.RepositoryMethodInvoker$RepositoryFragmentMethodInvoker.lambda$new$0(RepositoryMethodInvoker.java:278)
	at org.springframework.data.repository.core.support.RepositoryMethodInvoker.doInvoke(RepositoryMethodInvoker.java:169)
	at org.springframework.data.repository.core.support.RepositoryMethodInvoker.invoke(RepositoryMethodInvoker.java:158)
	at org.springframework.data.repository.core.support.RepositoryComposition$RepositoryFragments.invoke(RepositoryComposition.java:545)
	at org.springframework.data.repository.core.support.RepositoryComposition.invoke(RepositoryComposition.java:290)
	at org.springframework.data.repository.core.support.RepositoryFactorySupport$ImplementationMethodExecutionInterceptor.invoke(RepositoryFactorySupport.java:690)
	at org.springframework.aop.framework.ReflectiveMethodInvocation.proceed(ReflectiveMethodInvocation.java:179)
	at org.springframework.data.repository.core.support.QueryExecutorMethodInterceptor.doInvoke(QueryExecutorMethodInterceptor.java:171)
	at org.springframework.data.repository.core.support.QueryExecutorMethodInterceptor.invoke(QueryExecutorMethodInterceptor.java:146)
	at org.springframework.aop.framework.ReflectiveMethodInvocation.proceed(ReflectiveMethodInvocation.java:179)
	at org.springframework.data.projection.DefaultMethodInvokingMethodInterceptor.invoke(DefaultMethodInvokingMethodInterceptor.java:69)
	at org.springframework.aop.framework.ReflectiveMethodInvocation.proceed(ReflectiveMethodInvocation.java:179)
	at org.springframework.transaction.interceptor.TransactionInterceptor$1.proceedWithInvocation(TransactionInterceptor.java:133)
	at org.springframework.transaction.interceptor.TransactionAspectSupport.invokeWithinTransaction(TransactionAspectSupport.java:371)
	at org.springframework.transaction.interceptor.TransactionInterceptor.invoke(TransactionInterceptor.java:130)
	at org.springframework.aop.framework.ReflectiveMethodInvocation.proceed(ReflectiveMethodInvocation.java:179)
	at org.springframework.dao.support.PersistenceExceptionTranslationInterceptor.invoke(PersistenceExceptionTranslationInterceptor.java:135)
	at org.springframework.aop.framework.ReflectiveMethodInvocation.proceed(ReflectiveMethodInvocation.java:179)
	at org.springframework.data.jpa.repository.support.CrudMethodMetadataPostProcessor$CrudMethodMetadataPopulatingMethodInterceptor.invoke(CrudMethodMetadataPostProcessor.java:166)
	at org.springframework.aop.framework.ReflectiveMethodInvocation.proceed(ReflectiveMethodInvocation.java:179)
	at org.springframework.aop.framework.JdkDynamicAopProxy.invoke(JdkDynamicAopProxy.java:222)
	at jdk.proxy4/jdk.proxy4.$Proxy129.save(Unknown Source)
	at com.mjc813.login_cookie.models.member.MemberService.insert(MemberService.java:30)
	at com.mjc813.login_cookie.biz.CookieSignRestController.signUp(CookieSignRestController.java:35)
	at java.base/jdk.internal.reflect.DirectMethodHandleAccessor.invoke(DirectMethodHandleAccessor.java:103)
	at java.base/java.lang.reflect.Method.invoke(Method.java:580)
	at org.springframework.web.method.support.InvocableHandlerMethod.doInvoke(InvocableHandlerMethod.java:252)
	at org.springframework.web.method.support.InvocableHandlerMethod.invokeForRequest(InvocableHandlerMethod.java:184)
	at org.springframework.web.servlet.mvc.method.annotation.ServletInvocableHandlerMethod.invokeAndHandle(ServletInvocableHandlerMethod.java:117)
	at org.springframework.web.servlet.mvc.method.annotation.RequestMappingHandlerAdapter.invokeHandlerMethod(RequestMappingHandlerAdapter.java:934)
	at org.springframework.web.servlet.mvc.method.annotation.RequestMappingHandlerAdapter.handleInternal(RequestMappingHandlerAdapter.java:853)
	at org.springframework.web.servlet.mvc.method.AbstractHandlerMethodAdapter.handle(AbstractHandlerMethodAdapter.java:86)
	at org.springframework.web.servlet.DispatcherServlet.doDispatch(DispatcherServlet.java:963)
	at org.springframework.web.servlet.DispatcherServlet.doService(DispatcherServlet.java:866)
	at org.springframework.web.servlet.FrameworkServlet.processRequest(FrameworkServlet.java:1000)
	at org.springframework.web.servlet.FrameworkServlet.doPost(FrameworkServlet.java:903)
	at jakarta.servlet.http.HttpServlet.service(HttpServlet.java:649)
	at org.springframework.web.servlet.FrameworkServlet.service(FrameworkServlet.java:874)
	at jakarta.servlet.http.HttpServlet.service(HttpServlet.java:710)
	at org.apache.catalina.core.ApplicationFilterChain.doFilter(ApplicationFilterChain.java:128)
	at org.apache.tomcat.websocket.server.WsFilter.doFilter(WsFilter.java:53)
	at org.apache.catalina.core.ApplicationFilterChain.doFilter(ApplicationFilterChain.java:107)
	at org.springframework.web.filter.RequestContextFilter.doFilterInternal(RequestContextFilter.java:100)
	at org.springframework.web.filter.OncePerRequestFilter.doFilter(OncePerRequestFilter.java:116)
	at org.apache.catalina.core.ApplicationFilterChain.doFilter(ApplicationFilterChain.java:107)
	at org.springframework.web.filter.FormContentFilter.doFilterInternal(FormContentFilter.java:93)
	at org.springframework.web.filter.OncePerRequestFilter.doFilter(OncePerRequestFilter.java:116)
	at org.apache.catalina.core.ApplicationFilterChain.doFilter(ApplicationFilterChain.java:107)
	at org.springframework.web.filter.CharacterEncodingFilter.doFilterInternal(CharacterEncodingFilter.java:199)
	at org.springframework.web.filter.OncePerRequestFilter.doFilter(OncePerRequestFilter.java:116)
	at org.apache.catalina.core.ApplicationFilterChain.doFilter(ApplicationFilterChain.java:107)
	at org.apache.catalina.core.StandardWrapperValve.invoke(StandardWrapperValve.java:165)
	at org.apache.catalina.core.StandardContextValve.invoke(StandardContextValve.java:77)
	at org.apache.catalina.authenticator.AuthenticatorBase.invoke(AuthenticatorBase.java:492)
	at org.apache.catalina.core.StandardHostValve.invoke(StandardHostValve.java:113)
	at org.apache.catalina.valves.ErrorReportValve.invoke(ErrorReportValve.java:83)
	at org.apache.catalina.core.StandardEngineValve.invoke(StandardEngineValve.java:72)
	at org.apache.catalina.connector.CoyoteAdapter.service(CoyoteAdapter.java:341)
	at org.apache.coyote.http11.Http11Processor.service(Http11Processor.java:397)
	at org.apache.coyote.AbstractProcessorLight.process(AbstractProcessorLight.java:63)
	at org.apache.coyote.AbstractProtocol$ConnectionHandler.process(AbstractProtocol.java:903)
	at org.apache.tomcat.util.net.NioEndpoint$SocketProcessor.doRun(NioEndpoint.java:1801)
	at org.apache.tomcat.util.net.SocketProcessorBase.run(SocketProcessorBase.java:52)
	at org.apache.tomcat.util.threads.ThreadPoolExecutor.runWorker(ThreadPoolExecutor.java:946)
	at org.apache.tomcat.util.threads.ThreadPoolExecutor$Worker.run(ThreadPoolExecutor.java:480)
	at org.apache.tomcat.util.threads.TaskThread$WrappingRunnable.run(TaskThread.java:57)
	at java.base/java.lang.Thread.run(Thread.java:1583)
DEBUG 20260526 21:00:09.462[http-nio-8181-exec-6] [JpaTransactionManager:892] - Initiating transaction rollback
DEBUG 20260526 21:00:09.462[http-nio-8181-exec-6] [JpaTransactionManager:574] - Rolling back JPA transaction on EntityManager [SessionImpl(2025657834<open>)]
DEBUG 20260526 21:00:09.462[http-nio-8181-exec-6] [core:122] - HHH006585: Rolling back transaction
DEBUG 20260526 21:00:09.472[http-nio-8181-exec-6] [JpaTransactionManager:645] - Not closing pre-bound JPA EntityManager after transaction
DEBUG 20260526 21:00:09.474[http-nio-8181-exec-6] [ExceptionHandlerExceptionResolver:448] - Using @ExceptionHandler com.mjc813.login_cookie.common.CommonExceptionHandler#exceptionHandler(Exception)
DEBUG 20260526 21:00:09.474[http-nio-8181-exec-6] [HttpEntityMethodProcessor:306] - Using 'application/json', given [application/json, text/javascript, */*;q=0.01] and supported [application/json, application/*+json]
DEBUG 20260526 21:00:09.475[http-nio-8181-exec-6] [HttpEntityMethodProcessor:118] - Writing [com.mjc813.login_cookie.common.ComResponseDto@b05f35e]
WARN  20260526 21:00:09.476[http-nio-8181-exec-6] [ExceptionHandlerExceptionResolver:248] - Resolved [org.springframework.dao.DataIntegrityViolationException: could not execute statement [Duplicate entry 'smd030830@gmail.com' for key 'member.UKmbmcqelty0fbrvxp1q58dn57t'] [insert into member (create_dt,delete_dt,email,is_valid_email,password,role,sign_id,update_dt,valid_text) values (?,?,?,?,?,?,?,?,?)]; SQL [insert into member (create_dt,delete_dt,email,is_valid_email,password,role,sign_id,update_dt,valid_text) values (?,?,?,?,?,?,?,?,?)]; constraint [member.UKmbmcqelty0fbrvxp1q58dn57t]]
DEBUG 20260526 21:00:09.476[http-nio-8181-exec-6] [OpenEntityManagerInViewInterceptor:111] - Closing JPA EntityManager in OpenEntityManagerInViewInterceptor
DEBUG 20260526 21:00:09.477[http-nio-8181-exec-6] [metrics:277] - HHH000401: Logging session metrics:
	2222300 ns acquiring 1 JDBC connections
	0 ns releasing 0 JDBC connections
	211000 ns preparing 1 JDBC statements
	12687200 ns executing 1 JDBC statements
	0 ns executing 0 JDBC batches
	0 ns performing 0 second-level cache puts
	0 ns performing 0 second-level cache hits
	0 ns performing 0 second-level cache misses
	0 ns executing 0 flushes (flushing a total of 0 entities and 0 collections)
	0 ns executing 0 pre-partial-flushes
	0 ns executing 0 partial-flushes (flushing a total of 0 entities and 0 collections)

DEBUG 20260526 21:00:09.477[http-nio-8181-exec-6] [DispatcherServlet:1122] - Completed 500 INTERNAL_SERVER_ERROR
DEBUG 20260526 21:00:17.278[HikariPool-1:housekeeper] [HikariPool:888] - HikariPool-1 - keepalive: connection com.mysql.cj.jdbc.ConnectionImpl@76c74f70 is alive
DEBUG 20260526 21:00:26.493[HikariPool-1:housekeeper] [HikariPool:888] - HikariPool-1 - keepalive: connection com.mysql.cj.jdbc.ConnectionImpl@66468996 is alive
DEBUG 20260526 21:00:37.765[HikariPool-1:housekeeper] [HikariPool:888] - HikariPool-1 - keepalive: connection com.mysql.cj.jdbc.ConnectionImpl@7fdf6708 is alive
DEBUG 20260526 21:00:38.854[HikariPool-1:housekeeper] [HikariPool:422] - HikariPool-1 - Pool stats (total=10/10, idle=10/10, active=0, waiting=0)
DEBUG 20260526 21:00:38.854[HikariPool-1:housekeeper] [HikariPool:536] - HikariPool-1 - Fill pool skipped, pool has sufficient level or currently being filled.
DEBUG 20260526 21:00:44.038[HikariPool-1:housekeeper] [HikariPool:888] - HikariPool-1 - keepalive: connection com.mysql.cj.jdbc.ConnectionImpl@741e2b2e is alive
DEBUG 20260526 21:00:48.531[HikariPool-1:housekeeper] [HikariPool:888] - HikariPool-1 - keepalive: connection com.mysql.cj.jdbc.ConnectionImpl@568c1003 is alive
DEBUG 20260526 21:01:03.722[HikariPool-1:housekeeper] [HikariPool:888] - HikariPool-1 - keepalive: connection com.mysql.cj.jdbc.ConnectionImpl@7d301cd is alive
DEBUG 20260526 21:01:08.865[HikariPool-1:housekeeper] [HikariPool:422] - HikariPool-1 - Pool stats (total=10/10, idle=10/10, active=0, waiting=0)
DEBUG 20260526 21:01:08.865[HikariPool-1:housekeeper] [HikariPool:536] - HikariPool-1 - Fill pool skipped, pool has sufficient level or currently being filled.
DEBUG 20260526 21:01:10.725[HikariPool-1:housekeeper] [HikariPool:888] - HikariPool-1 - keepalive: connection com.mysql.cj.jdbc.ConnectionImpl@7f67bdc6 is alive
DEBUG 20260526 21:01:28.298[HikariPool-1:housekeeper] [HikariPool:888] - HikariPool-1 - keepalive: connection com.mysql.cj.jdbc.ConnectionImpl@21d8b41c is alive
DEBUG 20260526 21:01:36.877[HikariPool-1:housekeeper] [HikariPool:888] - HikariPool-1 - keepalive: connection com.mysql.cj.jdbc.ConnectionImpl@f88d2c3 is alive
DEBUG 20260526 21:01:38.114[http-nio-8181-exec-7] [DispatcherServlet:118] - POST "/api/v1/auth/signup", parameters={}
DEBUG 20260526 21:01:38.116[http-nio-8181-exec-7] [RequestMappingHandlerMapping:573] - Mapped to com.mjc813.login_cookie.biz.CookieSignRestController#signUp(SignUpDto)
DEBUG 20260526 21:01:38.117[http-nio-8181-exec-7] [OpenEntityManagerInViewInterceptor:86] - Opening JPA EntityManager in OpenEntityManagerInViewInterceptor
DEBUG 20260526 21:01:38.118[http-nio-8181-exec-7] [core:151] - HHH006588: Opening session [tenant=null]
DEBUG 20260526 21:01:38.124[http-nio-8181-exec-7] [RequestResponseBodyMethodProcessor:118] - Read "application/json;charset=UTF-8" to [SignUpDto(id=null, signId=abcdefg, password=123456, email=smd030830@gmail.com, role=null, isValidEma (truncated)...]
DEBUG 20260526 21:01:38.128[http-nio-8181-exec-7] [JpaTransactionManager:365] - Found thread-bound EntityManager [SessionImpl(1428111303<open>)] for JPA transaction
DEBUG 20260526 21:01:38.128[http-nio-8181-exec-7] [JpaTransactionManager:402] - Creating new transaction with name [org.springframework.data.jpa.repository.support.SimpleJpaRepository.save]: PROPAGATION_REQUIRED,ISOLATION_DEFAULT
DEBUG 20260526 21:01:38.129[http-nio-8181-exec-7] [core:74] - HHH006583: Beginning transaction
DEBUG 20260526 21:01:38.135[http-nio-8181-exec-7] [JpaTransactionManager:430] - Exposing JPA transaction as JDBC [org.springframework.orm.jpa.vendor.HibernateJpaDialect$HibernateConnectionHandle@7d76dc6b]
DEBUG 20260526 21:01:38.153[http-nio-8181-exec-7] [SQL:126] - 
    insert 
    into
        member
        (create_dt, delete_dt, email, is_valid_email, password, role, sign_id, update_dt, valid_text) 
    values
        (?, ?, ?, ?, ?, ?, ?, ?, ?)
WARN  20260526 21:01:38.165[http-nio-8181-exec-7] [error:143] - HHH000247: ErrorCode: 1062, SQLState: 23000
WARN  20260526 21:01:38.166[http-nio-8181-exec-7] [error:144] - Duplicate entry 'smd030830@gmail.com' for key 'member.UKmbmcqelty0fbrvxp1q58dn57t'
DEBUG 20260526 21:01:38.166[http-nio-8181-exec-7] [error:150] - could not execute statement [insert into member (create_dt,delete_dt,email,is_valid_email,password,role,sign_id,update_dt,valid_text) values (?,?,?,?,?,?,?,?,?)]
java.sql.SQLIntegrityConstraintViolationException: Duplicate entry 'smd030830@gmail.com' for key 'member.UKmbmcqelty0fbrvxp1q58dn57t'
	at com.mysql.cj.jdbc.exceptions.SQLError.createSQLException(SQLError.java:109)
	at com.mysql.cj.jdbc.exceptions.SQLExceptionsMapping.translateException(SQLExceptionsMapping.java:114)
	at com.mysql.cj.jdbc.ClientPreparedStatement.executeInternal(ClientPreparedStatement.java:988)
	at com.mysql.cj.jdbc.ClientPreparedStatement.executeUpdateInternal(ClientPreparedStatement.java:1166)
	at com.mysql.cj.jdbc.ClientPreparedStatement.executeUpdateInternal(ClientPreparedStatement.java:1101)
	at com.mysql.cj.jdbc.ClientPreparedStatement.executeLargeUpdate(ClientPreparedStatement.java:1448)
	at com.mysql.cj.jdbc.ClientPreparedStatement.executeUpdate(ClientPreparedStatement.java:1084)
	at com.zaxxer.hikari.pool.ProxyPreparedStatement.executeUpdate(ProxyPreparedStatement.java:61)
	at com.zaxxer.hikari.pool.HikariProxyPreparedStatement.executeUpdate(HikariProxyPreparedStatement.java)
	at org.hibernate.engine.jdbc.internal.ResultSetReturnImpl.executeUpdate(ResultSetReturnImpl.java:181)
	at org.hibernate.id.insert.GetGeneratedKeysDelegate.performMutation(GetGeneratedKeysDelegate.java:103)
	at org.hibernate.engine.jdbc.mutation.internal.MutationExecutorSingleNonBatched.performNonBatchedOperations(MutationExecutorSingleNonBatched.java:45)
	at org.hibernate.engine.jdbc.mutation.internal.AbstractMutationExecutor.execute(AbstractMutationExecutor.java:66)
	at org.hibernate.engine.jdbc.mutation.internal.AbstractMutationExecutor.execute(AbstractMutationExecutor.java:55)
	at org.hibernate.persister.entity.mutation.InsertCoordinatorStandard.doStaticInserts(InsertCoordinatorStandard.java:180)
	at org.hibernate.persister.entity.mutation.InsertCoordinatorStandard.coordinateInsert(InsertCoordinatorStandard.java:120)
	at org.hibernate.persister.entity.mutation.InsertCoordinatorStandard.insert(InsertCoordinatorStandard.java:84)
	at org.hibernate.action.internal.EntityIdentityInsertAction.execute(EntityIdentityInsertAction.java:85)
	at org.hibernate.engine.spi.ActionQueue.execute(ActionQueue.java:667)
	at org.hibernate.engine.spi.ActionQueue.addResolvedEntityInsertAction(ActionQueue.java:291)
	at org.hibernate.engine.spi.ActionQueue.addInsertAction(ActionQueue.java:270)
	at org.hibernate.engine.spi.ActionQueue.addAction(ActionQueue.java:322)
	at org.hibernate.event.internal.AbstractSaveEventListener.addInsertAction(AbstractSaveEventListener.java:371)
	at org.hibernate.event.internal.AbstractSaveEventListener.performSaveOrReplicate(AbstractSaveEventListener.java:285)
	at org.hibernate.event.internal.AbstractSaveEventListener.performSave(AbstractSaveEventListener.java:215)
	at org.hibernate.event.internal.AbstractSaveEventListener.saveWithGeneratedId(AbstractSaveEventListener.java:133)
	at org.hibernate.event.internal.DefaultPersistEventListener.entityIsTransient(DefaultPersistEventListener.java:144)
	at org.hibernate.event.internal.DefaultPersistEventListener.persist(DefaultPersistEventListener.java:90)
	at org.hibernate.event.internal.DefaultPersistEventListener.onPersist(DefaultPersistEventListener.java:74)
	at org.hibernate.event.internal.DefaultPersistEventListener.onPersist(DefaultPersistEventListener.java:50)
	at org.hibernate.event.service.internal.EventListenerGroupImpl.fireEventOnEachListener(EventListenerGroupImpl.java:138)
	at org.hibernate.internal.SessionImpl.firePersist(SessionImpl.java:692)
	at org.hibernate.internal.SessionImpl.persist(SessionImpl.java:675)
	at java.base/jdk.internal.reflect.DirectMethodHandleAccessor.invoke(DirectMethodHandleAccessor.java:103)
	at java.base/java.lang.reflect.Method.invoke(Method.java:580)
	at org.springframework.orm.jpa.ExtendedEntityManagerCreator$ExtendedEntityManagerInvocationHandler.invoke(ExtendedEntityManagerCreator.java:362)
	at jdk.proxy4/jdk.proxy4.$Proxy124.persist(Unknown Source)
	at java.base/jdk.internal.reflect.DirectMethodHandleAccessor.invoke(DirectMethodHandleAccessor.java:103)
	at java.base/java.lang.reflect.Method.invoke(Method.java:580)
	at org.springframework.orm.jpa.SharedEntityManagerCreator$SharedEntityHandlerInvocationHandler.invokeMethod(SharedEntityManagerCreator.java:240)
	at org.springframework.orm.jpa.SharedEntityManagerCreator$SharedEntityManagerInvocationHandler.invoke(SharedEntityManagerCreator.java:386)
	at jdk.proxy4/jdk.proxy4.$Proxy124.persist(Unknown Source)
	at org.springframework.data.jpa.repository.support.SimpleJpaRepository.save(SimpleJpaRepository.java:664)
	at java.base/jdk.internal.reflect.DirectMethodHandleAccessor.invoke(DirectMethodHandleAccessor.java:103)
	at java.base/java.lang.reflect.Method.invoke(Method.java:580)
	at org.springframework.aop.support.AopUtils.invokeJoinpointUsingReflection(AopUtils.java:359)
	at org.springframework.data.repository.core.support.RepositoryMethodInvoker$RepositoryFragmentMethodInvoker.lambda$new$0(RepositoryMethodInvoker.java:278)
	at org.springframework.data.repository.core.support.RepositoryMethodInvoker.doInvoke(RepositoryMethodInvoker.java:169)
	at org.springframework.data.repository.core.support.RepositoryMethodInvoker.invoke(RepositoryMethodInvoker.java:158)
	at org.springframework.data.repository.core.support.RepositoryComposition$RepositoryFragments.invoke(RepositoryComposition.java:545)
	at org.springframework.data.repository.core.support.RepositoryComposition.invoke(RepositoryComposition.java:290)
	at org.springframework.data.repository.core.support.RepositoryFactorySupport$ImplementationMethodExecutionInterceptor.invoke(RepositoryFactorySupport.java:690)
	at org.springframework.aop.framework.ReflectiveMethodInvocation.proceed(ReflectiveMethodInvocation.java:179)
	at org.springframework.data.repository.core.support.QueryExecutorMethodInterceptor.doInvoke(QueryExecutorMethodInterceptor.java:171)
	at org.springframework.data.repository.core.support.QueryExecutorMethodInterceptor.invoke(QueryExecutorMethodInterceptor.java:146)
	at org.springframework.aop.framework.ReflectiveMethodInvocation.proceed(ReflectiveMethodInvocation.java:179)
	at org.springframework.data.projection.DefaultMethodInvokingMethodInterceptor.invoke(DefaultMethodInvokingMethodInterceptor.java:69)
	at org.springframework.aop.framework.ReflectiveMethodInvocation.proceed(ReflectiveMethodInvocation.java:179)
	at org.springframework.transaction.interceptor.TransactionInterceptor$1.proceedWithInvocation(TransactionInterceptor.java:133)
	at org.springframework.transaction.interceptor.TransactionAspectSupport.invokeWithinTransaction(TransactionAspectSupport.java:371)
	at org.springframework.transaction.interceptor.TransactionInterceptor.invoke(TransactionInterceptor.java:130)
	at org.springframework.aop.framework.ReflectiveMethodInvocation.proceed(ReflectiveMethodInvocation.java:179)
	at org.springframework.dao.support.PersistenceExceptionTranslationInterceptor.invoke(PersistenceExceptionTranslationInterceptor.java:135)
	at org.springframework.aop.framework.ReflectiveMethodInvocation.proceed(ReflectiveMethodInvocation.java:179)
	at org.springframework.data.jpa.repository.support.CrudMethodMetadataPostProcessor$CrudMethodMetadataPopulatingMethodInterceptor.invoke(CrudMethodMetadataPostProcessor.java:166)
	at org.springframework.aop.framework.ReflectiveMethodInvocation.proceed(ReflectiveMethodInvocation.java:179)
	at org.springframework.aop.framework.JdkDynamicAopProxy.invoke(JdkDynamicAopProxy.java:222)
	at jdk.proxy4/jdk.proxy4.$Proxy129.save(Unknown Source)
	at com.mjc813.login_cookie.models.member.MemberService.insert(MemberService.java:30)
	at com.mjc813.login_cookie.biz.CookieSignRestController.signUp(CookieSignRestController.java:35)
	at java.base/jdk.internal.reflect.DirectMethodHandleAccessor.invoke(DirectMethodHandleAccessor.java:103)
	at java.base/java.lang.reflect.Method.invoke(Method.java:580)
	at org.springframework.web.method.support.InvocableHandlerMethod.doInvoke(InvocableHandlerMethod.java:252)
	at org.springframework.web.method.support.InvocableHandlerMethod.invokeForRequest(InvocableHandlerMethod.java:184)
	at org.springframework.web.servlet.mvc.method.annotation.ServletInvocableHandlerMethod.invokeAndHandle(ServletInvocableHandlerMethod.java:117)
	at org.springframework.web.servlet.mvc.method.annotation.RequestMappingHandlerAdapter.invokeHandlerMethod(RequestMappingHandlerAdapter.java:934)
	at org.springframework.web.servlet.mvc.method.annotation.RequestMappingHandlerAdapter.handleInternal(RequestMappingHandlerAdapter.java:853)
	at org.springframework.web.servlet.mvc.method.AbstractHandlerMethodAdapter.handle(AbstractHandlerMethodAdapter.java:86)
	at org.springframework.web.servlet.DispatcherServlet.doDispatch(DispatcherServlet.java:963)
	at org.springframework.web.servlet.DispatcherServlet.doService(DispatcherServlet.java:866)
	at org.springframework.web.servlet.FrameworkServlet.processRequest(FrameworkServlet.java:1000)
	at org.springframework.web.servlet.FrameworkServlet.doPost(FrameworkServlet.java:903)
	at jakarta.servlet.http.HttpServlet.service(HttpServlet.java:649)
	at org.springframework.web.servlet.FrameworkServlet.service(FrameworkServlet.java:874)
	at jakarta.servlet.http.HttpServlet.service(HttpServlet.java:710)
	at org.apache.catalina.core.ApplicationFilterChain.doFilter(ApplicationFilterChain.java:128)
	at org.apache.tomcat.websocket.server.WsFilter.doFilter(WsFilter.java:53)
	at org.apache.catalina.core.ApplicationFilterChain.doFilter(ApplicationFilterChain.java:107)
	at org.springframework.web.filter.RequestContextFilter.doFilterInternal(RequestContextFilter.java:100)
	at org.springframework.web.filter.OncePerRequestFilter.doFilter(OncePerRequestFilter.java:116)
	at org.apache.catalina.core.ApplicationFilterChain.doFilter(ApplicationFilterChain.java:107)
	at org.springframework.web.filter.FormContentFilter.doFilterInternal(FormContentFilter.java:93)
	at org.springframework.web.filter.OncePerRequestFilter.doFilter(OncePerRequestFilter.java:116)
	at org.apache.catalina.core.ApplicationFilterChain.doFilter(ApplicationFilterChain.java:107)
	at org.springframework.web.filter.CharacterEncodingFilter.doFilterInternal(CharacterEncodingFilter.java:199)
	at org.springframework.web.filter.OncePerRequestFilter.doFilter(OncePerRequestFilter.java:116)
	at org.apache.catalina.core.ApplicationFilterChain.doFilter(ApplicationFilterChain.java:107)
	at org.apache.catalina.core.StandardWrapperValve.invoke(StandardWrapperValve.java:165)
	at org.apache.catalina.core.StandardContextValve.invoke(StandardContextValve.java:77)
	at org.apache.catalina.authenticator.AuthenticatorBase.invoke(AuthenticatorBase.java:492)
	at org.apache.catalina.core.StandardHostValve.invoke(StandardHostValve.java:113)
	at org.apache.catalina.valves.ErrorReportValve.invoke(ErrorReportValve.java:83)
	at org.apache.catalina.core.StandardEngineValve.invoke(StandardEngineValve.java:72)
	at org.apache.catalina.connector.CoyoteAdapter.service(CoyoteAdapter.java:341)
	at org.apache.coyote.http11.Http11Processor.service(Http11Processor.java:397)
	at org.apache.coyote.AbstractProcessorLight.process(AbstractProcessorLight.java:63)
	at org.apache.coyote.AbstractProtocol$ConnectionHandler.process(AbstractProtocol.java:903)
	at org.apache.tomcat.util.net.NioEndpoint$SocketProcessor.doRun(NioEndpoint.java:1801)
	at org.apache.tomcat.util.net.SocketProcessorBase.run(SocketProcessorBase.java:52)
	at org.apache.tomcat.util.threads.ThreadPoolExecutor.runWorker(ThreadPoolExecutor.java:946)
	at org.apache.tomcat.util.threads.ThreadPoolExecutor$Worker.run(ThreadPoolExecutor.java:480)
	at org.apache.tomcat.util.threads.TaskThread$WrappingRunnable.run(TaskThread.java:57)
	at java.base/java.lang.Thread.run(Thread.java:1583)
DEBUG 20260526 21:01:38.169[http-nio-8181-exec-7] [JpaTransactionManager:892] - Initiating transaction rollback
DEBUG 20260526 21:01:38.170[http-nio-8181-exec-7] [JpaTransactionManager:574] - Rolling back JPA transaction on EntityManager [SessionImpl(1428111303<open>)]
DEBUG 20260526 21:01:38.170[http-nio-8181-exec-7] [core:122] - HHH006585: Rolling back transaction
DEBUG 20260526 21:01:38.199[http-nio-8181-exec-7] [JpaTransactionManager:645] - Not closing pre-bound JPA EntityManager after transaction
DEBUG 20260526 21:01:38.201[http-nio-8181-exec-7] [ExceptionHandlerExceptionResolver:448] - Using @ExceptionHandler com.mjc813.login_cookie.common.CommonExceptionHandler#exceptionHandler(Exception)
DEBUG 20260526 21:01:38.203[http-nio-8181-exec-7] [HttpEntityMethodProcessor:306] - Using 'application/json', given [*/*] and supported [application/json, application/*+json]
DEBUG 20260526 21:01:38.205[http-nio-8181-exec-7] [HttpEntityMethodProcessor:118] - Writing [com.mjc813.login_cookie.common.ComResponseDto@208c91bf]
WARN  20260526 21:01:38.207[http-nio-8181-exec-7] [ExceptionHandlerExceptionResolver:248] - Resolved [org.springframework.dao.DataIntegrityViolationException: could not execute statement [Duplicate entry 'smd030830@gmail.com' for key 'member.UKmbmcqelty0fbrvxp1q58dn57t'] [insert into member (create_dt,delete_dt,email,is_valid_email,password,role,sign_id,update_dt,valid_text) values (?,?,?,?,?,?,?,?,?)]; SQL [insert into member (create_dt,delete_dt,email,is_valid_email,password,role,sign_id,update_dt,valid_text) values (?,?,?,?,?,?,?,?,?)]; constraint [member.UKmbmcqelty0fbrvxp1q58dn57t]]
DEBUG 20260526 21:01:38.208[http-nio-8181-exec-7] [OpenEntityManagerInViewInterceptor:111] - Closing JPA EntityManager in OpenEntityManagerInViewInterceptor
DEBUG 20260526 21:01:38.208[http-nio-8181-exec-7] [metrics:277] - HHH000401: Logging session metrics:
	2647100 ns acquiring 1 JDBC connections
	0 ns releasing 0 JDBC connections
	960200 ns preparing 1 JDBC statements
	13039800 ns executing 1 JDBC statements
	0 ns executing 0 JDBC batches
	0 ns performing 0 second-level cache puts
	0 ns performing 0 second-level cache hits
	0 ns performing 0 second-level cache misses
	0 ns executing 0 flushes (flushing a total of 0 entities and 0 collections)
	0 ns executing 0 pre-partial-flushes
	0 ns executing 0 partial-flushes (flushing a total of 0 entities and 0 collections)

DEBUG 20260526 21:01:38.209[http-nio-8181-exec-7] [DispatcherServlet:1122] - Completed 500 INTERNAL_SERVER_ERROR
DEBUG 20260526 21:01:38.877[HikariPool-1:housekeeper] [HikariPool:422] - HikariPool-1 - Pool stats (total=10/10, idle=10/10, active=0, waiting=0)
DEBUG 20260526 21:01:38.877[HikariPool-1:housekeeper] [HikariPool:536] - HikariPool-1 - Fill pool skipped, pool has sufficient level or currently being filled.
DEBUG 20260526 21:01:48.668[http-nio-8181-exec-8] [DispatcherServlet:118] - POST "/api/v1/auth/signup", parameters={}
DEBUG 20260526 21:01:48.669[http-nio-8181-exec-8] [RequestMappingHandlerMapping:573] - Mapped to com.mjc813.login_cookie.biz.CookieSignRestController#signUp(SignUpDto)
DEBUG 20260526 21:01:48.670[http-nio-8181-exec-8] [OpenEntityManagerInViewInterceptor:86] - Opening JPA EntityManager in OpenEntityManagerInViewInterceptor
DEBUG 20260526 21:01:48.670[http-nio-8181-exec-8] [core:151] - HHH006588: Opening session [tenant=null]
DEBUG 20260526 21:01:48.671[http-nio-8181-exec-8] [RequestResponseBodyMethodProcessor:118] - Read "application/json;charset=UTF-8" to [SignUpDto(id=null, signId=abcdefg, password=123456, email=smd030830@gmail.net, role=null, isValidEma (truncated)...]
DEBUG 20260526 21:01:48.672[http-nio-8181-exec-8] [JpaTransactionManager:365] - Found thread-bound EntityManager [SessionImpl(131677618<open>)] for JPA transaction
DEBUG 20260526 21:01:48.672[http-nio-8181-exec-8] [JpaTransactionManager:402] - Creating new transaction with name [org.springframework.data.jpa.repository.support.SimpleJpaRepository.save]: PROPAGATION_REQUIRED,ISOLATION_DEFAULT
DEBUG 20260526 21:01:48.672[http-nio-8181-exec-8] [core:74] - HHH006583: Beginning transaction
DEBUG 20260526 21:01:48.679[http-nio-8181-exec-8] [JpaTransactionManager:430] - Exposing JPA transaction as JDBC [org.springframework.orm.jpa.vendor.HibernateJpaDialect$HibernateConnectionHandle@42dba32d]
DEBUG 20260526 21:01:48.686[http-nio-8181-exec-8] [SQL:126] - 
    insert 
    into
        member
        (create_dt, delete_dt, email, is_valid_email, password, role, sign_id, update_dt, valid_text) 
    values
        (?, ?, ?, ?, ?, ?, ?, ?, ?)
WARN  20260526 21:01:48.693[http-nio-8181-exec-8] [error:143] - HHH000247: ErrorCode: 1062, SQLState: 23000
WARN  20260526 21:01:48.694[http-nio-8181-exec-8] [error:144] - Duplicate entry 'abcdefg' for key 'member.UKvpt5w1sifnkimn34eh20ukd0'
DEBUG 20260526 21:01:48.694[http-nio-8181-exec-8] [error:150] - could not execute statement [insert into member (create_dt,delete_dt,email,is_valid_email,password,role,sign_id,update_dt,valid_text) values (?,?,?,?,?,?,?,?,?)]
java.sql.SQLIntegrityConstraintViolationException: Duplicate entry 'abcdefg' for key 'member.UKvpt5w1sifnkimn34eh20ukd0'
	at com.mysql.cj.jdbc.exceptions.SQLError.createSQLException(SQLError.java:109)
	at com.mysql.cj.jdbc.exceptions.SQLExceptionsMapping.translateException(SQLExceptionsMapping.java:114)
	at com.mysql.cj.jdbc.ClientPreparedStatement.executeInternal(ClientPreparedStatement.java:988)
	at com.mysql.cj.jdbc.ClientPreparedStatement.executeUpdateInternal(ClientPreparedStatement.java:1166)
	at com.mysql.cj.jdbc.ClientPreparedStatement.executeUpdateInternal(ClientPreparedStatement.java:1101)
	at com.mysql.cj.jdbc.ClientPreparedStatement.executeLargeUpdate(ClientPreparedStatement.java:1448)
	at com.mysql.cj.jdbc.ClientPreparedStatement.executeUpdate(ClientPreparedStatement.java:1084)
	at com.zaxxer.hikari.pool.ProxyPreparedStatement.executeUpdate(ProxyPreparedStatement.java:61)
	at com.zaxxer.hikari.pool.HikariProxyPreparedStatement.executeUpdate(HikariProxyPreparedStatement.java)
	at org.hibernate.engine.jdbc.internal.ResultSetReturnImpl.executeUpdate(ResultSetReturnImpl.java:181)
	at org.hibernate.id.insert.GetGeneratedKeysDelegate.performMutation(GetGeneratedKeysDelegate.java:103)
	at org.hibernate.engine.jdbc.mutation.internal.MutationExecutorSingleNonBatched.performNonBatchedOperations(MutationExecutorSingleNonBatched.java:45)
	at org.hibernate.engine.jdbc.mutation.internal.AbstractMutationExecutor.execute(AbstractMutationExecutor.java:66)
	at org.hibernate.engine.jdbc.mutation.internal.AbstractMutationExecutor.execute(AbstractMutationExecutor.java:55)
	at org.hibernate.persister.entity.mutation.InsertCoordinatorStandard.doStaticInserts(InsertCoordinatorStandard.java:180)
	at org.hibernate.persister.entity.mutation.InsertCoordinatorStandard.coordinateInsert(InsertCoordinatorStandard.java:120)
	at org.hibernate.persister.entity.mutation.InsertCoordinatorStandard.insert(InsertCoordinatorStandard.java:84)
	at org.hibernate.action.internal.EntityIdentityInsertAction.execute(EntityIdentityInsertAction.java:85)
	at org.hibernate.engine.spi.ActionQueue.execute(ActionQueue.java:667)
	at org.hibernate.engine.spi.ActionQueue.addResolvedEntityInsertAction(ActionQueue.java:291)
	at org.hibernate.engine.spi.ActionQueue.addInsertAction(ActionQueue.java:270)
	at org.hibernate.engine.spi.ActionQueue.addAction(ActionQueue.java:322)
	at org.hibernate.event.internal.AbstractSaveEventListener.addInsertAction(AbstractSaveEventListener.java:371)
	at org.hibernate.event.internal.AbstractSaveEventListener.performSaveOrReplicate(AbstractSaveEventListener.java:285)
	at org.hibernate.event.internal.AbstractSaveEventListener.performSave(AbstractSaveEventListener.java:215)
	at org.hibernate.event.internal.AbstractSaveEventListener.saveWithGeneratedId(AbstractSaveEventListener.java:133)
	at org.hibernate.event.internal.DefaultPersistEventListener.entityIsTransient(DefaultPersistEventListener.java:144)
	at org.hibernate.event.internal.DefaultPersistEventListener.persist(DefaultPersistEventListener.java:90)
	at org.hibernate.event.internal.DefaultPersistEventListener.onPersist(DefaultPersistEventListener.java:74)
	at org.hibernate.event.internal.DefaultPersistEventListener.onPersist(DefaultPersistEventListener.java:50)
	at org.hibernate.event.service.internal.EventListenerGroupImpl.fireEventOnEachListener(EventListenerGroupImpl.java:138)
	at org.hibernate.internal.SessionImpl.firePersist(SessionImpl.java:692)
	at org.hibernate.internal.SessionImpl.persist(SessionImpl.java:675)
	at java.base/jdk.internal.reflect.DirectMethodHandleAccessor.invoke(DirectMethodHandleAccessor.java:103)
	at java.base/java.lang.reflect.Method.invoke(Method.java:580)
	at org.springframework.orm.jpa.ExtendedEntityManagerCreator$ExtendedEntityManagerInvocationHandler.invoke(ExtendedEntityManagerCreator.java:362)
	at jdk.proxy4/jdk.proxy4.$Proxy124.persist(Unknown Source)
	at java.base/jdk.internal.reflect.DirectMethodHandleAccessor.invoke(DirectMethodHandleAccessor.java:103)
	at java.base/java.lang.reflect.Method.invoke(Method.java:580)
	at org.springframework.orm.jpa.SharedEntityManagerCreator$SharedEntityHandlerInvocationHandler.invokeMethod(SharedEntityManagerCreator.java:240)
	at org.springframework.orm.jpa.SharedEntityManagerCreator$SharedEntityManagerInvocationHandler.invoke(SharedEntityManagerCreator.java:386)
	at jdk.proxy4/jdk.proxy4.$Proxy124.persist(Unknown Source)
	at org.springframework.data.jpa.repository.support.SimpleJpaRepository.save(SimpleJpaRepository.java:664)
	at java.base/jdk.internal.reflect.DirectMethodHandleAccessor.invoke(DirectMethodHandleAccessor.java:103)
	at java.base/java.lang.reflect.Method.invoke(Method.java:580)
	at org.springframework.aop.support.AopUtils.invokeJoinpointUsingReflection(AopUtils.java:359)
	at org.springframework.data.repository.core.support.RepositoryMethodInvoker$RepositoryFragmentMethodInvoker.lambda$new$0(RepositoryMethodInvoker.java:278)
	at org.springframework.data.repository.core.support.RepositoryMethodInvoker.doInvoke(RepositoryMethodInvoker.java:169)
	at org.springframework.data.repository.core.support.RepositoryMethodInvoker.invoke(RepositoryMethodInvoker.java:158)
	at org.springframework.data.repository.core.support.RepositoryComposition$RepositoryFragments.invoke(RepositoryComposition.java:545)
	at org.springframework.data.repository.core.support.RepositoryComposition.invoke(RepositoryComposition.java:290)
	at org.springframework.data.repository.core.support.RepositoryFactorySupport$ImplementationMethodExecutionInterceptor.invoke(RepositoryFactorySupport.java:690)
	at org.springframework.aop.framework.ReflectiveMethodInvocation.proceed(ReflectiveMethodInvocation.java:179)
	at org.springframework.data.repository.core.support.QueryExecutorMethodInterceptor.doInvoke(QueryExecutorMethodInterceptor.java:171)
	at org.springframework.data.repository.core.support.QueryExecutorMethodInterceptor.invoke(QueryExecutorMethodInterceptor.java:146)
	at org.springframework.aop.framework.ReflectiveMethodInvocation.proceed(ReflectiveMethodInvocation.java:179)
	at org.springframework.data.projection.DefaultMethodInvokingMethodInterceptor.invoke(DefaultMethodInvokingMethodInterceptor.java:69)
	at org.springframework.aop.framework.ReflectiveMethodInvocation.proceed(ReflectiveMethodInvocation.java:179)
	at org.springframework.transaction.interceptor.TransactionInterceptor$1.proceedWithInvocation(TransactionInterceptor.java:133)
	at org.springframework.transaction.interceptor.TransactionAspectSupport.invokeWithinTransaction(TransactionAspectSupport.java:371)
	at org.springframework.transaction.interceptor.TransactionInterceptor.invoke(TransactionInterceptor.java:130)
	at org.springframework.aop.framework.ReflectiveMethodInvocation.proceed(ReflectiveMethodInvocation.java:179)
	at org.springframework.dao.support.PersistenceExceptionTranslationInterceptor.invoke(PersistenceExceptionTranslationInterceptor.java:135)
	at org.springframework.aop.framework.ReflectiveMethodInvocation.proceed(ReflectiveMethodInvocation.java:179)
	at org.springframework.data.jpa.repository.support.CrudMethodMetadataPostProcessor$CrudMethodMetadataPopulatingMethodInterceptor.invoke(CrudMethodMetadataPostProcessor.java:166)
	at org.springframework.aop.framework.ReflectiveMethodInvocation.proceed(ReflectiveMethodInvocation.java:179)
	at org.springframework.aop.framework.JdkDynamicAopProxy.invoke(JdkDynamicAopProxy.java:222)
	at jdk.proxy4/jdk.proxy4.$Proxy129.save(Unknown Source)
	at com.mjc813.login_cookie.models.member.MemberService.insert(MemberService.java:30)
	at com.mjc813.login_cookie.biz.CookieSignRestController.signUp(CookieSignRestController.java:35)
	at java.base/jdk.internal.reflect.DirectMethodHandleAccessor.invoke(DirectMethodHandleAccessor.java:103)
	at java.base/java.lang.reflect.Method.invoke(Method.java:580)
	at org.springframework.web.method.support.InvocableHandlerMethod.doInvoke(InvocableHandlerMethod.java:252)
	at org.springframework.web.method.support.InvocableHandlerMethod.invokeForRequest(InvocableHandlerMethod.java:184)
	at org.springframework.web.servlet.mvc.method.annotation.ServletInvocableHandlerMethod.invokeAndHandle(ServletInvocableHandlerMethod.java:117)
	at org.springframework.web.servlet.mvc.method.annotation.RequestMappingHandlerAdapter.invokeHandlerMethod(RequestMappingHandlerAdapter.java:934)
	at org.springframework.web.servlet.mvc.method.annotation.RequestMappingHandlerAdapter.handleInternal(RequestMappingHandlerAdapter.java:853)
	at org.springframework.web.servlet.mvc.method.AbstractHandlerMethodAdapter.handle(AbstractHandlerMethodAdapter.java:86)
	at org.springframework.web.servlet.DispatcherServlet.doDispatch(DispatcherServlet.java:963)
	at org.springframework.web.servlet.DispatcherServlet.doService(DispatcherServlet.java:866)
	at org.springframework.web.servlet.FrameworkServlet.processRequest(FrameworkServlet.java:1000)
	at org.springframework.web.servlet.FrameworkServlet.doPost(FrameworkServlet.java:903)
	at jakarta.servlet.http.HttpServlet.service(HttpServlet.java:649)
	at org.springframework.web.servlet.FrameworkServlet.service(FrameworkServlet.java:874)
	at jakarta.servlet.http.HttpServlet.service(HttpServlet.java:710)
	at org.apache.catalina.core.ApplicationFilterChain.doFilter(ApplicationFilterChain.java:128)
	at org.apache.tomcat.websocket.server.WsFilter.doFilter(WsFilter.java:53)
	at org.apache.catalina.core.ApplicationFilterChain.doFilter(ApplicationFilterChain.java:107)
	at org.springframework.web.filter.RequestContextFilter.doFilterInternal(RequestContextFilter.java:100)
	at org.springframework.web.filter.OncePerRequestFilter.doFilter(OncePerRequestFilter.java:116)
	at org.apache.catalina.core.ApplicationFilterChain.doFilter(ApplicationFilterChain.java:107)
	at org.springframework.web.filter.FormContentFilter.doFilterInternal(FormContentFilter.java:93)
	at org.springframework.web.filter.OncePerRequestFilter.doFilter(OncePerRequestFilter.java:116)
	at org.apache.catalina.core.ApplicationFilterChain.doFilter(ApplicationFilterChain.java:107)
	at org.springframework.web.filter.CharacterEncodingFilter.doFilterInternal(CharacterEncodingFilter.java:199)
	at org.springframework.web.filter.OncePerRequestFilter.doFilter(OncePerRequestFilter.java:116)
	at org.apache.catalina.core.ApplicationFilterChain.doFilter(ApplicationFilterChain.java:107)
	at org.apache.catalina.core.StandardWrapperValve.invoke(StandardWrapperValve.java:165)
	at org.apache.catalina.core.StandardContextValve.invoke(StandardContextValve.java:77)
	at org.apache.catalina.authenticator.AuthenticatorBase.invoke(AuthenticatorBase.java:492)
	at org.apache.catalina.core.StandardHostValve.invoke(StandardHostValve.java:113)
	at org.apache.catalina.valves.ErrorReportValve.invoke(ErrorReportValve.java:83)
	at org.apache.catalina.core.StandardEngineValve.invoke(StandardEngineValve.java:72)
	at org.apache.catalina.connector.CoyoteAdapter.service(CoyoteAdapter.java:341)
	at org.apache.coyote.http11.Http11Processor.service(Http11Processor.java:397)
	at org.apache.coyote.AbstractProcessorLight.process(AbstractProcessorLight.java:63)
	at org.apache.coyote.AbstractProtocol$ConnectionHandler.process(AbstractProtocol.java:903)
	at org.apache.tomcat.util.net.NioEndpoint$SocketProcessor.doRun(NioEndpoint.java:1801)
	at org.apache.tomcat.util.net.SocketProcessorBase.run(SocketProcessorBase.java:52)
	at org.apache.tomcat.util.threads.ThreadPoolExecutor.runWorker(ThreadPoolExecutor.java:946)
	at org.apache.tomcat.util.threads.ThreadPoolExecutor$Worker.run(ThreadPoolExecutor.java:480)
	at org.apache.tomcat.util.threads.TaskThread$WrappingRunnable.run(TaskThread.java:57)
	at java.base/java.lang.Thread.run(Thread.java:1583)
DEBUG 20260526 21:01:48.697[http-nio-8181-exec-8] [JpaTransactionManager:892] - Initiating transaction rollback
DEBUG 20260526 21:01:48.698[http-nio-8181-exec-8] [JpaTransactionManager:574] - Rolling back JPA transaction on EntityManager [SessionImpl(131677618<open>)]
DEBUG 20260526 21:01:48.698[http-nio-8181-exec-8] [core:122] - HHH006585: Rolling back transaction
DEBUG 20260526 21:01:48.708[http-nio-8181-exec-8] [JpaTransactionManager:645] - Not closing pre-bound JPA EntityManager after transaction
DEBUG 20260526 21:01:48.709[http-nio-8181-exec-8] [ExceptionHandlerExceptionResolver:448] - Using @ExceptionHandler com.mjc813.login_cookie.common.CommonExceptionHandler#exceptionHandler(Exception)
DEBUG 20260526 21:01:48.710[http-nio-8181-exec-8] [HttpEntityMethodProcessor:306] - Using 'application/json', given [*/*] and supported [application/json, application/*+json]
DEBUG 20260526 21:01:48.710[http-nio-8181-exec-8] [HttpEntityMethodProcessor:118] - Writing [com.mjc813.login_cookie.common.ComResponseDto@3d295221]
WARN  20260526 21:01:48.712[http-nio-8181-exec-8] [ExceptionHandlerExceptionResolver:248] - Resolved [org.springframework.dao.DataIntegrityViolationException: could not execute statement [Duplicate entry 'abcdefg' for key 'member.UKvpt5w1sifnkimn34eh20ukd0'] [insert into member (create_dt,delete_dt,email,is_valid_email,password,role,sign_id,update_dt,valid_text) values (?,?,?,?,?,?,?,?,?)]; SQL [insert into member (create_dt,delete_dt,email,is_valid_email,password,role,sign_id,update_dt,valid_text) values (?,?,?,?,?,?,?,?,?)]; constraint [member.UKvpt5w1sifnkimn34eh20ukd0]]
DEBUG 20260526 21:01:48.712[http-nio-8181-exec-8] [OpenEntityManagerInViewInterceptor:111] - Closing JPA EntityManager in OpenEntityManagerInViewInterceptor
DEBUG 20260526 21:01:48.712[http-nio-8181-exec-8] [metrics:277] - HHH000401: Logging session metrics:
	3959800 ns acquiring 1 JDBC connections
	0 ns releasing 0 JDBC connections
	323300 ns preparing 1 JDBC statements
	7899500 ns executing 1 JDBC statements
	0 ns executing 0 JDBC batches
	0 ns performing 0 second-level cache puts
	0 ns performing 0 second-level cache hits
	0 ns performing 0 second-level cache misses
	0 ns executing 0 flushes (flushing a total of 0 entities and 0 collections)
	0 ns executing 0 pre-partial-flushes
	0 ns executing 0 partial-flushes (flushing a total of 0 entities and 0 collections)

DEBUG 20260526 21:01:48.713[http-nio-8181-exec-8] [DispatcherServlet:1122] - Completed 500 INTERNAL_SERVER_ERROR
DEBUG 20260526 21:01:51.671[HikariPool-1:housekeeper] [HikariPool:888] - HikariPool-1 - keepalive: connection com.mysql.cj.jdbc.ConnectionImpl@60f3a848 is alive
DEBUG 20260526 21:02:04.243[HikariPool-1:housekeeper] [HikariPool:888] - HikariPool-1 - keepalive: connection com.mysql.cj.jdbc.ConnectionImpl@76c74f70 is alive
DEBUG 20260526 21:02:08.886[HikariPool-1:housekeeper] [HikariPool:422] - HikariPool-1 - Pool stats (total=10/10, idle=10/10, active=0, waiting=0)
DEBUG 20260526 21:02:08.886[HikariPool-1:housekeeper] [HikariPool:536] - HikariPool-1 - Fill pool skipped, pool has sufficient level or currently being filled.
DEBUG 20260526 21:02:10.630[http-nio-8181-exec-9] [DispatcherServlet:118] - POST "/api/v1/auth/signup", parameters={}
DEBUG 20260526 21:02:10.631[http-nio-8181-exec-9] [RequestMappingHandlerMapping:573] - Mapped to com.mjc813.login_cookie.biz.CookieSignRestController#signUp(SignUpDto)
DEBUG 20260526 21:02:10.631[http-nio-8181-exec-9] [OpenEntityManagerInViewInterceptor:86] - Opening JPA EntityManager in OpenEntityManagerInViewInterceptor
DEBUG 20260526 21:02:10.631[http-nio-8181-exec-9] [core:151] - HHH006588: Opening session [tenant=null]
DEBUG 20260526 21:02:10.632[http-nio-8181-exec-9] [RequestResponseBodyMethodProcessor:118] - Read "application/json;charset=UTF-8" to [SignUpDto(id=null, signId=test12, password=123456, email=smd030830@gmail.net, role=null, isValidEmai (truncated)...]
DEBUG 20260526 21:02:10.633[http-nio-8181-exec-9] [JpaTransactionManager:365] - Found thread-bound EntityManager [SessionImpl(794325596<open>)] for JPA transaction
DEBUG 20260526 21:02:10.633[http-nio-8181-exec-9] [JpaTransactionManager:402] - Creating new transaction with name [org.springframework.data.jpa.repository.support.SimpleJpaRepository.save]: PROPAGATION_REQUIRED,ISOLATION_DEFAULT
DEBUG 20260526 21:02:10.644[http-nio-8181-exec-9] [core:74] - HHH006583: Beginning transaction
DEBUG 20260526 21:02:10.649[http-nio-8181-exec-9] [JpaTransactionManager:430] - Exposing JPA transaction as JDBC [org.springframework.orm.jpa.vendor.HibernateJpaDialect$HibernateConnectionHandle@275fcb4c]
DEBUG 20260526 21:02:10.654[http-nio-8181-exec-9] [SQL:126] - 
    insert 
    into
        member
        (create_dt, delete_dt, email, is_valid_email, password, role, sign_id, update_dt, valid_text) 
    values
        (?, ?, ?, ?, ?, ?, ?, ?, ?)
DEBUG 20260526 21:02:10.664[http-nio-8181-exec-9] [JpaTransactionManager:789] - Initiating transaction commit
DEBUG 20260526 21:02:10.665[http-nio-8181-exec-9] [JpaTransactionManager:548] - Committing JPA transaction on EntityManager [SessionImpl(794325596<open>)]
DEBUG 20260526 21:02:10.665[http-nio-8181-exec-9] [core:87] - HHH006584: Committing transaction
DEBUG 20260526 21:02:10.666[http-nio-8181-exec-9] [event:98] - HHH90060071: Flushed: 0 insertions, 0 updates, 0 deletions to 1 objects
DEBUG 20260526 21:02:10.667[http-nio-8181-exec-9] [event:104] - HHH90060072: Flushed: 0 (re)creations, 0 updates, 0 removals to 0 collections
DEBUG 20260526 21:02:10.667[http-nio-8181-exec-9] [core:102] - Listing entities:
DEBUG 20260526 21:02:10.668[http-nio-8181-exec-9] [core:111] - com.mjc813.login_cookie.models.member.MemberEntity{deleteDt=null, password=123456, role=GUEST, validText=O7mgUPX1Mli6, id=7, updateDt=null, createDt=2026-05-26T21:02:10.633020500, signId=test12, email=smd030830@gmail.net, isValidEmail=false}
DEBUG 20260526 21:02:10.685[http-nio-8181-exec-9] [JpaTransactionManager:645] - Not closing pre-bound JPA EntityManager after transaction
DEBUG 20260526 21:02:12.768[http-nio-8181-exec-9] [HttpEntityMethodProcessor:306] - Using 'application/json', given [*/*] and supported [application/json, application/*+json]
DEBUG 20260526 21:02:12.768[http-nio-8181-exec-9] [HttpEntityMethodProcessor:118] - Writing [com.mjc813.login_cookie.common.ComResponseDto@57f3a83c]
DEBUG 20260526 21:02:12.770[http-nio-8181-exec-9] [OpenEntityManagerInViewInterceptor:111] - Closing JPA EntityManager in OpenEntityManagerInViewInterceptor
DEBUG 20260526 21:02:12.771[http-nio-8181-exec-9] [metrics:277] - HHH000401: Logging session metrics:
	2127300 ns acquiring 1 JDBC connections
	0 ns releasing 0 JDBC connections
	803500 ns preparing 1 JDBC statements
	6251000 ns executing 1 JDBC statements
	0 ns executing 0 JDBC batches
	0 ns performing 0 second-level cache puts
	0 ns performing 0 second-level cache hits
	0 ns performing 0 second-level cache misses
	2667800 ns executing 1 flushes (flushing a total of 1 entities and 0 collections)
	0 ns executing 0 pre-partial-flushes
	0 ns executing 0 partial-flushes (flushing a total of 0 entities and 0 collections)

DEBUG 20260526 21:02:12.772[http-nio-8181-exec-9] [DispatcherServlet:1122] - Completed 201 CREATED
DEBUG 20260526 21:02:15.967[HikariPool-1:housekeeper] [HikariPool:888] - HikariPool-1 - keepalive: connection com.mysql.cj.jdbc.ConnectionImpl@66468996 is alive
DEBUG 20260526 21:02:24.275[http-nio-8181-exec-10] [DispatcherServlet:118] - GET "/api/v1/music/all", parameters={}
DEBUG 20260526 21:02:24.276[http-nio-8181-exec-10] [RequestMappingHandlerMapping:573] - Mapped to com.mjc813.login_cookie.models.music.MusicRestController#findAll(HttpServletRequest)
DEBUG 20260526 21:02:24.276[http-nio-8181-exec-10] [OpenEntityManagerInViewInterceptor:86] - Opening JPA EntityManager in OpenEntityManagerInViewInterceptor
DEBUG 20260526 21:02:24.277[http-nio-8181-exec-10] [core:151] - HHH006588: Opening session [tenant=null]
DEBUG 20260526 21:02:24.279[http-nio-8181-exec-10] [HttpEntityMethodProcessor:306] - Using 'application/json', given [*/*] and supported [application/json, application/*+json]
DEBUG 20260526 21:02:24.279[http-nio-8181-exec-10] [HttpEntityMethodProcessor:118] - Writing [com.mjc813.login_cookie.common.ComResponseDto@1b77fafc]
DEBUG 20260526 21:02:24.281[http-nio-8181-exec-10] [OpenEntityManagerInViewInterceptor:111] - Closing JPA EntityManager in OpenEntityManagerInViewInterceptor
DEBUG 20260526 21:02:24.281[http-nio-8181-exec-10] [metrics:277] - HHH000401: Logging session metrics:
	0 ns acquiring 0 JDBC connections
	0 ns releasing 0 JDBC connections
	0 ns preparing 0 JDBC statements
	0 ns executing 0 JDBC statements
	0 ns executing 0 JDBC batches
	0 ns performing 0 second-level cache puts
	0 ns performing 0 second-level cache hits
	0 ns performing 0 second-level cache misses
	0 ns executing 0 flushes (flushing a total of 0 entities and 0 collections)
	0 ns executing 0 pre-partial-flushes
	0 ns executing 0 partial-flushes (flushing a total of 0 entities and 0 collections)

DEBUG 20260526 21:02:24.281[http-nio-8181-exec-10] [DispatcherServlet:1122] - Completed 500 INTERNAL_SERVER_ERROR
DEBUG 20260526 21:02:30.000[HikariPool-1:housekeeper] [HikariPool:888] - HikariPool-1 - keepalive: connection com.mysql.cj.jdbc.ConnectionImpl@7fdf6708 is alive
DEBUG 20260526 21:02:33.524[http-nio-8181-exec-1] [DispatcherServlet:118] - POST "/api/v1/music", parameters={}
DEBUG 20260526 21:02:33.525[http-nio-8181-exec-1] [RequestMappingHandlerMapping:573] - Mapped to com.mjc813.login_cookie.models.music.MusicRestController#insert(MusicDto)
DEBUG 20260526 21:02:33.525[http-nio-8181-exec-1] [OpenEntityManagerInViewInterceptor:86] - Opening JPA EntityManager in OpenEntityManagerInViewInterceptor
DEBUG 20260526 21:02:33.525[http-nio-8181-exec-1] [core:151] - HHH006588: Opening session [tenant=null]
DEBUG 20260526 21:02:33.528[http-nio-8181-exec-1] [RequestResponseBodyMethodProcessor:118] - Read "application/json;charset=UTF-8" to [MusicDto(id=null, title=BUTTER, artist=BTS, playtime=03:22)]
DEBUG 20260526 21:02:33.530[http-nio-8181-exec-1] [JpaTransactionManager:365] - Found thread-bound EntityManager [SessionImpl(1860166018<open>)] for JPA transaction
DEBUG 20260526 21:02:33.531[http-nio-8181-exec-1] [JpaTransactionManager:402] - Creating new transaction with name [org.springframework.data.jpa.repository.support.SimpleJpaRepository.save]: PROPAGATION_REQUIRED,ISOLATION_DEFAULT
DEBUG 20260526 21:02:33.533[http-nio-8181-exec-1] [core:74] - HHH006583: Beginning transaction
DEBUG 20260526 21:02:33.540[http-nio-8181-exec-1] [JpaTransactionManager:430] - Exposing JPA transaction as JDBC [org.springframework.orm.jpa.vendor.HibernateJpaDialect$HibernateConnectionHandle@1cfacf6f]
DEBUG 20260526 21:02:33.545[http-nio-8181-exec-1] [SQL:126] - 
    insert 
    into
        music
        (artist, playtime, title) 
    values
        (?, ?, ?)
DEBUG 20260526 21:02:33.551[http-nio-8181-exec-1] [JpaTransactionManager:789] - Initiating transaction commit
DEBUG 20260526 21:02:33.551[http-nio-8181-exec-1] [JpaTransactionManager:548] - Committing JPA transaction on EntityManager [SessionImpl(1860166018<open>)]
DEBUG 20260526 21:02:33.551[http-nio-8181-exec-1] [core:87] - HHH006584: Committing transaction
DEBUG 20260526 21:02:33.553[http-nio-8181-exec-1] [event:98] - HHH90060071: Flushed: 0 insertions, 0 updates, 0 deletions to 1 objects
DEBUG 20260526 21:02:33.553[http-nio-8181-exec-1] [event:104] - HHH90060072: Flushed: 0 (re)creations, 0 updates, 0 removals to 0 collections
DEBUG 20260526 21:02:33.553[http-nio-8181-exec-1] [core:102] - Listing entities:
DEBUG 20260526 21:02:33.553[http-nio-8181-exec-1] [core:111] - com.mjc813.login_cookie.models.music.MusicEntity{artist=BTS, id=3, playtime=03:22, title=BUTTER}
DEBUG 20260526 21:02:33.568[http-nio-8181-exec-1] [JpaTransactionManager:645] - Not closing pre-bound JPA EntityManager after transaction
DEBUG 20260526 21:02:33.569[http-nio-8181-exec-1] [HttpEntityMethodProcessor:306] - Using 'application/json', given [*/*] and supported [application/json, application/*+json]
DEBUG 20260526 21:02:33.570[http-nio-8181-exec-1] [HttpEntityMethodProcessor:118] - Writing [com.mjc813.login_cookie.common.ComResponseDto@47d9e772]
DEBUG 20260526 21:02:33.572[http-nio-8181-exec-1] [OpenEntityManagerInViewInterceptor:111] - Closing JPA EntityManager in OpenEntityManagerInViewInterceptor
DEBUG 20260526 21:02:33.572[http-nio-8181-exec-1] [metrics:277] - HHH000401: Logging session metrics:
	3691900 ns acquiring 1 JDBC connections
	0 ns releasing 0 JDBC connections
	256200 ns preparing 1 JDBC statements
	5042700 ns executing 1 JDBC statements
	0 ns executing 0 JDBC batches
	0 ns performing 0 second-level cache puts
	0 ns performing 0 second-level cache hits
	0 ns performing 0 second-level cache misses
	898600 ns executing 1 flushes (flushing a total of 1 entities and 0 collections)
	0 ns executing 0 pre-partial-flushes
	0 ns executing 0 partial-flushes (flushing a total of 0 entities and 0 collections)

DEBUG 20260526 21:02:33.573[http-nio-8181-exec-1] [DispatcherServlet:1122] - Completed 201 CREATED
DEBUG 20260526 21:02:37.707[HikariPool-1:housekeeper] [HikariPool:888] - HikariPool-1 - keepalive: connection com.mysql.cj.jdbc.ConnectionImpl@741e2b2e is alive
DEBUG 20260526 21:02:38.792[http-nio-8181-exec-2] [DispatcherServlet:118] - GET "/api/v1/music/all", parameters={}
DEBUG 20260526 21:02:38.793[http-nio-8181-exec-2] [RequestMappingHandlerMapping:573] - Mapped to com.mjc813.login_cookie.models.music.MusicRestController#findAll(HttpServletRequest)
DEBUG 20260526 21:02:38.793[http-nio-8181-exec-2] [OpenEntityManagerInViewInterceptor:86] - Opening JPA EntityManager in OpenEntityManagerInViewInterceptor
DEBUG 20260526 21:02:38.793[http-nio-8181-exec-2] [core:151] - HHH006588: Opening session [tenant=null]
DEBUG 20260526 21:02:38.794[http-nio-8181-exec-2] [HttpEntityMethodProcessor:306] - Using 'application/json', given [*/*] and supported [application/json, application/*+json]
DEBUG 20260526 21:02:38.795[http-nio-8181-exec-2] [HttpEntityMethodProcessor:118] - Writing [com.mjc813.login_cookie.common.ComResponseDto@2e9c6321]
DEBUG 20260526 21:02:38.796[http-nio-8181-exec-2] [OpenEntityManagerInViewInterceptor:111] - Closing JPA EntityManager in OpenEntityManagerInViewInterceptor
DEBUG 20260526 21:02:38.797[http-nio-8181-exec-2] [metrics:277] - HHH000401: Logging session metrics:
	0 ns acquiring 0 JDBC connections
	0 ns releasing 0 JDBC connections
	0 ns preparing 0 JDBC statements
	0 ns executing 0 JDBC statements
	0 ns executing 0 JDBC batches
	0 ns performing 0 second-level cache puts
	0 ns performing 0 second-level cache hits
	0 ns performing 0 second-level cache misses
	0 ns executing 0 flushes (flushing a total of 0 entities and 0 collections)
	0 ns executing 0 pre-partial-flushes
	0 ns executing 0 partial-flushes (flushing a total of 0 entities and 0 collections)

DEBUG 20260526 21:02:38.797[http-nio-8181-exec-2] [DispatcherServlet:1122] - Completed 500 INTERNAL_SERVER_ERROR
DEBUG 20260526 21:02:38.898[HikariPool-1:housekeeper] [HikariPool:422] - HikariPool-1 - Pool stats (total=10/10, idle=10/10, active=0, waiting=0)
DEBUG 20260526 21:02:38.899[HikariPool-1:housekeeper] [HikariPool:536] - HikariPool-1 - Fill pool skipped, pool has sufficient level or currently being filled.
DEBUG 20260526 21:02:43.405[HikariPool-1:housekeeper] [HikariPool:888] - HikariPool-1 - keepalive: connection com.mysql.cj.jdbc.ConnectionImpl@568c1003 is alive
DEBUG 20260526 21:02:47.066[HikariPool-1:housekeeper] [HikariPool:888] - HikariPool-1 - keepalive: connection com.mysql.cj.jdbc.ConnectionImpl@7f67bdc6 is alive
DEBUG 20260526 21:03:01.419[http-nio-8181-exec-3] [DispatcherServlet:118] - GET "/api/v1/music/all", parameters={}
DEBUG 20260526 21:03:01.420[http-nio-8181-exec-3] [RequestMappingHandlerMapping:573] - Mapped to com.mjc813.login_cookie.models.music.MusicRestController#findAll(HttpServletRequest)
DEBUG 20260526 21:03:01.420[http-nio-8181-exec-3] [OpenEntityManagerInViewInterceptor:86] - Opening JPA EntityManager in OpenEntityManagerInViewInterceptor
DEBUG 20260526 21:03:01.420[http-nio-8181-exec-3] [core:151] - HHH006588: Opening session [tenant=null]
DEBUG 20260526 21:03:01.422[http-nio-8181-exec-3] [HttpEntityMethodProcessor:306] - Using 'application/json', given [*/*] and supported [application/json, application/*+json]
DEBUG 20260526 21:03:01.423[http-nio-8181-exec-3] [HttpEntityMethodProcessor:118] - Writing [com.mjc813.login_cookie.common.ComResponseDto@21feb7b8]
DEBUG 20260526 21:03:01.424[http-nio-8181-exec-3] [OpenEntityManagerInViewInterceptor:111] - Closing JPA EntityManager in OpenEntityManagerInViewInterceptor
DEBUG 20260526 21:03:01.424[http-nio-8181-exec-3] [metrics:277] - HHH000401: Logging session metrics:
	0 ns acquiring 0 JDBC connections
	0 ns releasing 0 JDBC connections
	0 ns preparing 0 JDBC statements
	0 ns executing 0 JDBC statements
	0 ns executing 0 JDBC batches
	0 ns performing 0 second-level cache puts
	0 ns performing 0 second-level cache hits
	0 ns performing 0 second-level cache misses
	0 ns executing 0 flushes (flushing a total of 0 entities and 0 collections)
	0 ns executing 0 pre-partial-flushes
	0 ns executing 0 partial-flushes (flushing a total of 0 entities and 0 collections)

DEBUG 20260526 21:03:01.425[http-nio-8181-exec-3] [DispatcherServlet:1122] - Completed 500 INTERNAL_SERVER_ERROR
DEBUG 20260526 21:03:02.358[HikariPool-1:housekeeper] [HikariPool:888] - HikariPool-1 - keepalive: connection com.mysql.cj.jdbc.ConnectionImpl@7d301cd is alive
DEBUG 20260526 21:03:08.110[HikariPool-1:housekeeper] [HikariPool:888] - HikariPool-1 - keepalive: connection com.mysql.cj.jdbc.ConnectionImpl@21d8b41c is alive
DEBUG 20260526 21:03:08.902[HikariPool-1:housekeeper] [HikariPool:422] - HikariPool-1 - Pool stats (total=10/10, idle=10/10, active=0, waiting=0)
DEBUG 20260526 21:03:08.902[HikariPool-1:housekeeper] [HikariPool:536] - HikariPool-1 - Fill pool skipped, pool has sufficient level or currently being filled.
DEBUG 20260526 21:03:18.426[HikariPool-1:housekeeper] [HikariPool:888] - HikariPool-1 - keepalive: connection com.mysql.cj.jdbc.ConnectionImpl@f88d2c3 is alive
DEBUG 20260526 21:03:36.261[HikariPool-1:housekeeper] [HikariPool:888] - HikariPool-1 - keepalive: connection com.mysql.cj.jdbc.ConnectionImpl@60f3a848 is alive
DEBUG 20260526 21:03:38.909[HikariPool-1:housekeeper] [HikariPool:422] - HikariPool-1 - Pool stats (total=10/10, idle=10/10, active=0, waiting=0)
DEBUG 20260526 21:03:38.909[HikariPool-1:housekeeper] [HikariPool:536] - HikariPool-1 - Fill pool skipped, pool has sufficient level or currently being filled.
DEBUG 20260526 21:03:51.213[HikariPool-1:housekeeper] [HikariPool:888] - HikariPool-1 - keepalive: connection com.mysql.cj.jdbc.ConnectionImpl@76c74f70 is alive
DEBUG 20260526 21:03:59.043[http-nio-8181-exec-4] [DispatcherServlet:118] - GET "/api/v1/music/all", parameters={}
DEBUG 20260526 21:03:59.044[http-nio-8181-exec-4] [RequestMappingHandlerMapping:573] - Mapped to com.mjc813.login_cookie.models.music.MusicRestController#findAll(HttpServletRequest)
DEBUG 20260526 21:03:59.046[http-nio-8181-exec-4] [OpenEntityManagerInViewInterceptor:86] - Opening JPA EntityManager in OpenEntityManagerInViewInterceptor
DEBUG 20260526 21:03:59.047[http-nio-8181-exec-4] [core:151] - HHH006588: Opening session [tenant=null]
DEBUG 20260526 21:03:59.047[http-nio-8181-exec-4] [HttpEntityMethodProcessor:306] - Using 'application/json', given [*/*] and supported [application/json, application/*+json]
DEBUG 20260526 21:03:59.047[http-nio-8181-exec-4] [HttpEntityMethodProcessor:118] - Writing [com.mjc813.login_cookie.common.ComResponseDto@7a2aebfe]
DEBUG 20260526 21:03:59.049[http-nio-8181-exec-4] [OpenEntityManagerInViewInterceptor:111] - Closing JPA EntityManager in OpenEntityManagerInViewInterceptor
DEBUG 20260526 21:03:59.049[http-nio-8181-exec-4] [metrics:277] - HHH000401: Logging session metrics:
	0 ns acquiring 0 JDBC connections
	0 ns releasing 0 JDBC connections
	0 ns preparing 0 JDBC statements
	0 ns executing 0 JDBC statements
	0 ns executing 0 JDBC batches
	0 ns performing 0 second-level cache puts
	0 ns performing 0 second-level cache hits
	0 ns performing 0 second-level cache misses
	0 ns executing 0 flushes (flushing a total of 0 entities and 0 collections)
	0 ns executing 0 pre-partial-flushes
	0 ns executing 0 partial-flushes (flushing a total of 0 entities and 0 collections)

DEBUG 20260526 21:03:59.050[http-nio-8181-exec-4] [DispatcherServlet:1122] - Completed 500 INTERNAL_SERVER_ERROR
DEBUG 20260526 21:04:05.445[HikariPool-1:housekeeper] [HikariPool:888] - HikariPool-1 - keepalive: connection com.mysql.cj.jdbc.ConnectionImpl@66468996 is alive
DEBUG 20260526 21:04:08.917[HikariPool-1:housekeeper] [HikariPool:422] - HikariPool-1 - Pool stats (total=10/10, idle=10/10, active=0, waiting=0)
DEBUG 20260526 21:04:08.917[HikariPool-1:housekeeper] [HikariPool:536] - HikariPool-1 - Fill pool skipped, pool has sufficient level or currently being filled.
DEBUG 20260526 21:04:22.233[HikariPool-1:housekeeper] [HikariPool:888] - HikariPool-1 - keepalive: connection com.mysql.cj.jdbc.ConnectionImpl@7fdf6708 is alive
DEBUG 20260526 21:04:23.401[HikariPool-1:housekeeper] [HikariPool:888] - HikariPool-1 - keepalive: connection com.mysql.cj.jdbc.ConnectionImpl@7f67bdc6 is alive
DEBUG 20260526 21:04:31.371[HikariPool-1:housekeeper] [HikariPool:888] - HikariPool-1 - keepalive: connection com.mysql.cj.jdbc.ConnectionImpl@741e2b2e is alive
DEBUG 20260526 21:04:38.282[HikariPool-1:housekeeper] [HikariPool:888] - HikariPool-1 - keepalive: connection com.mysql.cj.jdbc.ConnectionImpl@568c1003 is alive
DEBUG 20260526 21:04:38.934[HikariPool-1:housekeeper] [HikariPool:422] - HikariPool-1 - Pool stats (total=10/10, idle=10/10, active=0, waiting=0)
DEBUG 20260526 21:04:38.935[HikariPool-1:housekeeper] [HikariPool:536] - HikariPool-1 - Fill pool skipped, pool has sufficient level or currently being filled.
DEBUG 20260526 21:04:47.915[HikariPool-1:housekeeper] [HikariPool:888] - HikariPool-1 - keepalive: connection com.mysql.cj.jdbc.ConnectionImpl@21d8b41c is alive
DEBUG 20260526 21:04:59.972[HikariPool-1:housekeeper] [HikariPool:888] - HikariPool-1 - keepalive: connection com.mysql.cj.jdbc.ConnectionImpl@f88d2c3 is alive
DEBUG 20260526 21:05:00.996[HikariPool-1:housekeeper] [HikariPool:888] - HikariPool-1 - keepalive: connection com.mysql.cj.jdbc.ConnectionImpl@7d301cd is alive
DEBUG 20260526 21:05:08.951[HikariPool-1:housekeeper] [HikariPool:422] - HikariPool-1 - Pool stats (total=10/10, idle=10/10, active=0, waiting=0)
DEBUG 20260526 21:05:08.952[HikariPool-1:housekeeper] [HikariPool:536] - HikariPool-1 - Fill pool skipped, pool has sufficient level or currently being filled.
DEBUG 20260526 21:05:20.850[HikariPool-1:housekeeper] [HikariPool:888] - HikariPool-1 - keepalive: connection com.mysql.cj.jdbc.ConnectionImpl@60f3a848 is alive
DEBUG 20260526 21:05:38.186[HikariPool-1:housekeeper] [HikariPool:888] - HikariPool-1 - keepalive: connection com.mysql.cj.jdbc.ConnectionImpl@76c74f70 is alive
DEBUG 20260526 21:05:38.961[HikariPool-1:housekeeper] [HikariPool:422] - HikariPool-1 - Pool stats (total=10/10, idle=10/10, active=0, waiting=0)
DEBUG 20260526 21:05:38.961[HikariPool-1:housekeeper] [HikariPool:536] - HikariPool-1 - Fill pool skipped, pool has sufficient level or currently being filled.
DEBUG 20260526 21:05:54.924[HikariPool-1:housekeeper] [HikariPool:888] - HikariPool-1 - keepalive: connection com.mysql.cj.jdbc.ConnectionImpl@66468996 is alive
DEBUG 20260526 21:05:59.736[HikariPool-1:housekeeper] [HikariPool:888] - HikariPool-1 - keepalive: connection com.mysql.cj.jdbc.ConnectionImpl@7f67bdc6 is alive
DEBUG 20260526 21:06:08.967[HikariPool-1:housekeeper] [HikariPool:422] - HikariPool-1 - Pool stats (total=10/10, idle=10/10, active=0, waiting=0)
DEBUG 20260526 21:06:08.968[HikariPool-1:housekeeper] [HikariPool:536] - HikariPool-1 - Fill pool skipped, pool has sufficient level or currently being filled.
DEBUG 20260526 21:06:14.472[HikariPool-1:housekeeper] [HikariPool:888] - HikariPool-1 - keepalive: connection com.mysql.cj.jdbc.ConnectionImpl@7fdf6708 is alive
DEBUG 20260526 21:06:25.046[HikariPool-1:housekeeper] [HikariPool:888] - HikariPool-1 - keepalive: connection com.mysql.cj.jdbc.ConnectionImpl@741e2b2e is alive
DEBUG 20260526 21:06:27.725[HikariPool-1:housekeeper] [HikariPool:888] - HikariPool-1 - keepalive: connection com.mysql.cj.jdbc.ConnectionImpl@21d8b41c is alive
DEBUG 20260526 21:06:33.237[HikariPool-1:housekeeper] [HikariPool:888] - HikariPool-1 - keepalive: connection com.mysql.cj.jdbc.ConnectionImpl@568c1003 is alive
DEBUG 20260526 21:06:38.969[HikariPool-1:housekeeper] [HikariPool:422] - HikariPool-1 - Pool stats (total=10/10, idle=10/10, active=0, waiting=0)
DEBUG 20260526 21:06:38.970[HikariPool-1:housekeeper] [HikariPool:536] - HikariPool-1 - Fill pool skipped, pool has sufficient level or currently being filled.
DEBUG 20260526 21:06:41.525[HikariPool-1:housekeeper] [HikariPool:888] - HikariPool-1 - keepalive: connection com.mysql.cj.jdbc.ConnectionImpl@f88d2c3 is alive
DEBUG 20260526 21:06:59.622[HikariPool-1:housekeeper] [HikariPool:888] - HikariPool-1 - keepalive: connection com.mysql.cj.jdbc.ConnectionImpl@7d301cd is alive
DEBUG 20260526 21:07:05.444[HikariPool-1:housekeeper] [HikariPool:888] - HikariPool-1 - keepalive: connection com.mysql.cj.jdbc.ConnectionImpl@60f3a848 is alive
DEBUG 20260526 21:07:08.981[HikariPool-1:housekeeper] [HikariPool:422] - HikariPool-1 - Pool stats (total=10/10, idle=10/10, active=0, waiting=0)
DEBUG 20260526 21:07:08.981[HikariPool-1:housekeeper] [HikariPool:536] - HikariPool-1 - Fill pool skipped, pool has sufficient level or currently being filled.
DEBUG 20260526 21:07:25.151[HikariPool-1:housekeeper] [HikariPool:888] - HikariPool-1 - keepalive: connection com.mysql.cj.jdbc.ConnectionImpl@76c74f70 is alive
DEBUG 20260526 21:07:36.065[HikariPool-1:housekeeper] [HikariPool:888] - HikariPool-1 - keepalive: connection com.mysql.cj.jdbc.ConnectionImpl@7f67bdc6 is alive
DEBUG 20260526 21:07:38.984[HikariPool-1:housekeeper] [HikariPool:422] - HikariPool-1 - Pool stats (total=10/10, idle=10/10, active=0, waiting=0)
DEBUG 20260526 21:07:38.984[HikariPool-1:housekeeper] [HikariPool:536] - HikariPool-1 - Fill pool skipped, pool has sufficient level or currently being filled.
DEBUG 20260526 21:07:44.397[HikariPool-1:housekeeper] [HikariPool:888] - HikariPool-1 - keepalive: connection com.mysql.cj.jdbc.ConnectionImpl@66468996 is alive
DEBUG 20260526 21:08:06.699[HikariPool-1:housekeeper] [HikariPool:888] - HikariPool-1 - keepalive: connection com.mysql.cj.jdbc.ConnectionImpl@7fdf6708 is alive
DEBUG 20260526 21:08:07.537[HikariPool-1:housekeeper] [HikariPool:888] - HikariPool-1 - keepalive: connection com.mysql.cj.jdbc.ConnectionImpl@21d8b41c is alive
DEBUG 20260526 21:08:08.996[HikariPool-1:housekeeper] [HikariPool:422] - HikariPool-1 - Pool stats (total=10/10, idle=10/10, active=0, waiting=0)
DEBUG 20260526 21:08:08.996[HikariPool-1:housekeeper] [HikariPool:536] - HikariPool-1 - Fill pool skipped, pool has sufficient level or currently being filled.
DEBUG 20260526 21:08:18.719[HikariPool-1:housekeeper] [HikariPool:888] - HikariPool-1 - keepalive: connection com.mysql.cj.jdbc.ConnectionImpl@741e2b2e is alive
DEBUG 20260526 21:08:23.068[HikariPool-1:housekeeper] [HikariPool:888] - HikariPool-1 - keepalive: connection com.mysql.cj.jdbc.ConnectionImpl@f88d2c3 is alive
DEBUG 20260526 21:08:28.105[HikariPool-1:housekeeper] [HikariPool:888] - HikariPool-1 - keepalive: connection com.mysql.cj.jdbc.ConnectionImpl@568c1003 is alive
DEBUG 20260526 21:08:39.007[HikariPool-1:housekeeper] [HikariPool:422] - HikariPool-1 - Pool stats (total=10/10, idle=10/10, active=0, waiting=0)
DEBUG 20260526 21:08:39.007[HikariPool-1:housekeeper] [HikariPool:536] - HikariPool-1 - Fill pool skipped, pool has sufficient level or currently being filled.
DEBUG 20260526 21:08:50.037[HikariPool-1:housekeeper] [HikariPool:888] - HikariPool-1 - keepalive: connection com.mysql.cj.jdbc.ConnectionImpl@60f3a848 is alive
DEBUG 20260526 21:08:58.267[HikariPool-1:housekeeper] [HikariPool:888] - HikariPool-1 - keepalive: connection com.mysql.cj.jdbc.ConnectionImpl@7d301cd is alive
DEBUG 20260526 21:09:09.014[HikariPool-1:housekeeper] [HikariPool:422] - HikariPool-1 - Pool stats (total=10/10, idle=10/10, active=0, waiting=0)
DEBUG 20260526 21:09:09.015[HikariPool-1:housekeeper] [HikariPool:536] - HikariPool-1 - Fill pool skipped, pool has sufficient level or currently being filled.
DEBUG 20260526 21:09:12.116[HikariPool-1:housekeeper] [HikariPool:888] - HikariPool-1 - keepalive: connection com.mysql.cj.jdbc.ConnectionImpl@76c74f70 is alive
DEBUG 20260526 21:09:12.395[HikariPool-1:housekeeper] [HikariPool:888] - HikariPool-1 - keepalive: connection com.mysql.cj.jdbc.ConnectionImpl@7f67bdc6 is alive
DEBUG 20260526 21:09:33.871[HikariPool-1:housekeeper] [HikariPool:888] - HikariPool-1 - keepalive: connection com.mysql.cj.jdbc.ConnectionImpl@66468996 is alive
DEBUG 20260526 21:09:39.024[HikariPool-1:housekeeper] [HikariPool:422] - HikariPool-1 - Pool stats (total=10/10, idle=10/10, active=0, waiting=0)
DEBUG 20260526 21:09:39.024[HikariPool-1:housekeeper] [HikariPool:536] - HikariPool-1 - Fill pool skipped, pool has sufficient level or currently being filled.
DEBUG 20260526 21:09:47.340[HikariPool-1:housekeeper] [HikariPool:888] - HikariPool-1 - keepalive: connection com.mysql.cj.jdbc.ConnectionImpl@21d8b41c is alive
DEBUG 20260526 21:09:58.925[HikariPool-1:housekeeper] [HikariPool:888] - HikariPool-1 - keepalive: connection com.mysql.cj.jdbc.ConnectionImpl@7fdf6708 is alive
DEBUG 20260526 21:10:04.610[HikariPool-1:housekeeper] [HikariPool:888] - HikariPool-1 - keepalive: connection com.mysql.cj.jdbc.ConnectionImpl@f88d2c3 is alive
DEBUG 20260526 21:10:09.037[HikariPool-1:housekeeper] [HikariPool:422] - HikariPool-1 - Pool stats (total=10/10, idle=10/10, active=0, waiting=0)
DEBUG 20260526 21:10:09.037[HikariPool-1:housekeeper] [HikariPool:536] - HikariPool-1 - Fill pool skipped, pool has sufficient level or currently being filled.
DEBUG 20260526 21:10:12.388[HikariPool-1:housekeeper] [HikariPool:888] - HikariPool-1 - keepalive: connection com.mysql.cj.jdbc.ConnectionImpl@741e2b2e is alive
DEBUG 20260526 21:10:22.981[HikariPool-1:housekeeper] [HikariPool:888] - HikariPool-1 - keepalive: connection com.mysql.cj.jdbc.ConnectionImpl@568c1003 is alive
DEBUG 20260526 21:10:34.628[HikariPool-1:housekeeper] [HikariPool:888] - HikariPool-1 - keepalive: connection com.mysql.cj.jdbc.ConnectionImpl@60f3a848 is alive
DEBUG 20260526 21:10:39.044[HikariPool-1:housekeeper] [HikariPool:422] - HikariPool-1 - Pool stats (total=10/10, idle=10/10, active=0, waiting=0)
DEBUG 20260526 21:10:39.044[HikariPool-1:housekeeper] [HikariPool:536] - HikariPool-1 - Fill pool skipped, pool has sufficient level or currently being filled.
DEBUG 20260526 21:10:48.735[HikariPool-1:housekeeper] [HikariPool:888] - HikariPool-1 - keepalive: connection com.mysql.cj.jdbc.ConnectionImpl@7f67bdc6 is alive
DEBUG 20260526 21:10:56.895[HikariPool-1:housekeeper] [HikariPool:888] - HikariPool-1 - keepalive: connection com.mysql.cj.jdbc.ConnectionImpl@7d301cd is alive
DEBUG 20260526 21:10:59.080[HikariPool-1:housekeeper] [HikariPool:888] - HikariPool-1 - keepalive: connection com.mysql.cj.jdbc.ConnectionImpl@76c74f70 is alive
DEBUG 20260526 21:11:09.055[HikariPool-1:housekeeper] [HikariPool:422] - HikariPool-1 - Pool stats (total=10/10, idle=10/10, active=0, waiting=0)
DEBUG 20260526 21:11:09.055[HikariPool-1:housekeeper] [HikariPool:536] - HikariPool-1 - Fill pool skipped, pool has sufficient level or currently being filled.
DEBUG 20260526 21:11:23.341[HikariPool-1:housekeeper] [HikariPool:888] - HikariPool-1 - keepalive: connection com.mysql.cj.jdbc.ConnectionImpl@66468996 is alive
DEBUG 20260526 21:11:27.145[HikariPool-1:housekeeper] [HikariPool:888] - HikariPool-1 - keepalive: connection com.mysql.cj.jdbc.ConnectionImpl@21d8b41c is alive
DEBUG 20260526 21:11:39.070[HikariPool-1:housekeeper] [HikariPool:422] - HikariPool-1 - Pool stats (total=10/10, idle=10/10, active=0, waiting=0)
DEBUG 20260526 21:11:39.070[HikariPool-1:housekeeper] [HikariPool:536] - HikariPool-1 - Fill pool skipped, pool has sufficient level or currently being filled.
DEBUG 20260526 21:11:46.156[HikariPool-1:housekeeper] [HikariPool:888] - HikariPool-1 - keepalive: connection com.mysql.cj.jdbc.ConnectionImpl@f88d2c3 is alive
DEBUG 20260526 21:11:51.157[HikariPool-1:housekeeper] [HikariPool:888] - HikariPool-1 - keepalive: connection com.mysql.cj.jdbc.ConnectionImpl@7fdf6708 is alive
DEBUG 20260526 21:20:12.057[HikariPool-1:housekeeper] [HikariPool:888] - HikariPool-1 - keepalive: connection com.mysql.cj.jdbc.ConnectionImpl@741e2b2e is alive
WARN  20260526 21:20:12.069[HikariPool-1:housekeeper] [HikariPool:825] - HikariPool-1 - Thread starvation or clock leap detected (housekeeper delta=8m32s987ms693µs400ns).
DEBUG 20260526 21:20:12.072[HikariPool-1:housekeeper] [HikariPool:422] - HikariPool-1 - Pool stats (total=10/10, idle=10/10, active=0, waiting=0)
DEBUG 20260526 21:20:12.072[HikariPool-1:housekeeper] [HikariPool:536] - HikariPool-1 - Fill pool skipped, pool has sufficient level or currently being filled.
DEBUG 20260526 21:20:12.074[HikariPool-1:housekeeper] [HikariPool:888] - HikariPool-1 - keepalive: connection com.mysql.cj.jdbc.ConnectionImpl@568c1003 is alive
DEBUG 20260526 21:20:12.077[HikariPool-1:housekeeper] [HikariPool:888] - HikariPool-1 - keepalive: connection com.mysql.cj.jdbc.ConnectionImpl@60f3a848 is alive
DEBUG 20260526 21:20:12.079[HikariPool-1:housekeeper] [HikariPool:888] - HikariPool-1 - keepalive: connection com.mysql.cj.jdbc.ConnectionImpl@7f67bdc6 is alive
DEBUG 20260526 21:20:12.082[HikariPool-1:housekeeper] [HikariPool:888] - HikariPool-1 - keepalive: connection com.mysql.cj.jdbc.ConnectionImpl@76c74f70 is alive
DEBUG 20260526 21:20:12.085[HikariPool-1:housekeeper] [HikariPool:888] - HikariPool-1 - keepalive: connection com.mysql.cj.jdbc.ConnectionImpl@7d301cd is alive
DEBUG 20260526 21:20:12.087[HikariPool-1:housekeeper] [HikariPool:888] - HikariPool-1 - keepalive: connection com.mysql.cj.jdbc.ConnectionImpl@21d8b41c is alive
DEBUG 20260526 21:20:12.090[HikariPool-1:housekeeper] [HikariPool:888] - HikariPool-1 - keepalive: connection com.mysql.cj.jdbc.ConnectionImpl@66468996 is alive
DEBUG 20260526 21:20:12.092[HikariPool-1:housekeeper] [HikariPool:888] - HikariPool-1 - keepalive: connection com.mysql.cj.jdbc.ConnectionImpl@f88d2c3 is alive
DEBUG 20260526 21:20:12.094[HikariPool-1:housekeeper] [HikariPool:888] - HikariPool-1 - keepalive: connection com.mysql.cj.jdbc.ConnectionImpl@7fdf6708 is alive
DEBUG 20260526 21:20:12.180[HikariPool-1:connection-closer] [PoolBase:141] - HikariPool-1 - Closing connection com.mysql.cj.jdbc.ConnectionImpl@7d301cd: (connection has passed maxLifetime)
DEBUG 20260526 21:20:12.261[HikariPool-1:connection-closer] [PoolBase:141] - HikariPool-1 - Closing connection com.mysql.cj.jdbc.ConnectionImpl@60f3a848: (connection has passed maxLifetime)
DEBUG 20260526 21:20:12.265[HikariPool-1:connection-closer] [PoolBase:141] - HikariPool-1 - Closing connection com.mysql.cj.jdbc.ConnectionImpl@f88d2c3: (connection has passed maxLifetime)
DEBUG 20260526 21:20:12.267[HikariPool-1:connection-adder] [PoolBase:371] - HikariPool-1 - Attempting to create/setup new connection (df75c646-05cc-46d1-be35-897e557a981c)
DEBUG 20260526 21:20:12.468[HikariPool-1:connection-adder] [PoolBase:383] - HikariPool-1 - Established new connection (df75c646-05cc-46d1-be35-897e557a981c)
DEBUG 20260526 21:20:12.470[HikariPool-1:connection-adder] [HikariPool:756] - HikariPool-1 - Added connection com.mysql.cj.jdbc.ConnectionImpl@55ce163e
DEBUG 20260526 21:20:12.503[HikariPool-1:connection-adder] [PoolBase:371] - HikariPool-1 - Attempting to create/setup new connection (8fc9c649-c201-4a21-8822-5bcf50cb6e60)
DEBUG 20260526 21:20:12.535[HikariPool-1:connection-adder] [PoolBase:383] - HikariPool-1 - Established new connection (8fc9c649-c201-4a21-8822-5bcf50cb6e60)
DEBUG 20260526 21:20:12.536[HikariPool-1:connection-adder] [HikariPool:756] - HikariPool-1 - Added connection com.mysql.cj.jdbc.ConnectionImpl@2906a964
DEBUG 20260526 21:20:12.581[HikariPool-1:connection-adder] [PoolBase:371] - HikariPool-1 - Attempting to create/setup new connection (6c70002c-90d7-4550-9980-f24540915c3c)
DEBUG 20260526 21:20:12.623[HikariPool-1:connection-adder] [PoolBase:383] - HikariPool-1 - Established new connection (6c70002c-90d7-4550-9980-f24540915c3c)
DEBUG 20260526 21:20:12.624[HikariPool-1:connection-adder] [HikariPool:756] - HikariPool-1 - Added connection com.mysql.cj.jdbc.ConnectionImpl@55be103d
DEBUG 20260526 21:20:12.658[HikariPool-1:connection-adder] [HikariPool:422] - HikariPool-1 - Connection not added, stats (total=10/10, idle=10/10, active=0, waiting=0)
DEBUG 20260526 21:20:12.658[HikariPool-1:connection-adder] [HikariPool:422] - HikariPool-1 - Connection not added, stats (total=10/10, idle=10/10, active=0, waiting=0)
DEBUG 20260526 21:20:12.659[HikariPool-1:connection-adder] [HikariPool:422] - HikariPool-1 - Connection not added, stats (total=10/10, idle=10/10, active=0, waiting=0)
DEBUG 20260526 21:20:12.659[HikariPool-1:connection-adder] [HikariPool:422] - HikariPool-1 - Connection not added, stats (total=10/10, idle=10/10, active=0, waiting=0)
DEBUG 20260526 21:20:12.659[HikariPool-1:connection-adder] [HikariPool:422] - HikariPool-1 - Connection not added, stats (total=10/10, idle=10/10, active=0, waiting=0)
DEBUG 20260526 21:20:12.659[HikariPool-1:connection-adder] [HikariPool:422] - HikariPool-1 - Connection not added, stats (total=10/10, idle=10/10, active=0, waiting=0)
DEBUG 20260526 21:20:21.442[HikariPool-1:connection-closer] [PoolBase:141] - HikariPool-1 - Closing connection com.mysql.cj.jdbc.ConnectionImpl@741e2b2e: (connection has passed maxLifetime)
DEBUG 20260526 21:20:21.447[HikariPool-1:connection-adder] [PoolBase:371] - HikariPool-1 - Attempting to create/setup new connection (a1d3be18-afd9-4791-a589-b90bf3260af5)
DEBUG 20260526 21:20:21.477[HikariPool-1:connection-adder] [PoolBase:383] - HikariPool-1 - Established new connection (a1d3be18-afd9-4791-a589-b90bf3260af5)
DEBUG 20260526 21:20:21.477[HikariPool-1:connection-adder] [HikariPool:756] - HikariPool-1 - Added connection com.mysql.cj.jdbc.ConnectionImpl@3f66cce8
DEBUG 20260526 21:20:30.321[HikariPool-1:connection-closer] [PoolBase:141] - HikariPool-1 - Closing connection com.mysql.cj.jdbc.ConnectionImpl@7f67bdc6: (connection has passed maxLifetime)
DEBUG 20260526 21:20:30.328[HikariPool-1:connection-adder] [PoolBase:371] - HikariPool-1 - Attempting to create/setup new connection (0b6aa64a-8acc-4f25-9bd2-a972f028e869)
DEBUG 20260526 21:20:30.359[HikariPool-1:connection-adder] [PoolBase:383] - HikariPool-1 - Established new connection (0b6aa64a-8acc-4f25-9bd2-a972f028e869)
DEBUG 20260526 21:20:30.359[HikariPool-1:connection-adder] [HikariPool:756] - HikariPool-1 - Added connection com.mysql.cj.jdbc.ConnectionImpl@7ee85630
DEBUG 20260526 21:20:38.536[http-nio-8181-exec-5] [DispatcherServlet:118] - GET "/api/v1/music/all", parameters={}
DEBUG 20260526 21:20:38.551[http-nio-8181-exec-5] [RequestMappingHandlerMapping:573] - Mapped to com.mjc813.login_cookie.models.music.MusicRestController#findAll(HttpServletRequest)
DEBUG 20260526 21:20:38.559[http-nio-8181-exec-5] [OpenEntityManagerInViewInterceptor:86] - Opening JPA EntityManager in OpenEntityManagerInViewInterceptor
DEBUG 20260526 21:20:38.573[http-nio-8181-exec-5] [core:151] - HHH006588: Opening session [tenant=null]
DEBUG 20260526 21:20:38.614[http-nio-8181-exec-5] [HttpEntityMethodProcessor:306] - Using 'application/json', given [*/*] and supported [application/json, application/*+json]
DEBUG 20260526 21:20:38.616[http-nio-8181-exec-5] [HttpEntityMethodProcessor:118] - Writing [com.mjc813.login_cookie.common.ComResponseDto@159ee883]
DEBUG 20260526 21:20:38.632[http-nio-8181-exec-5] [OpenEntityManagerInViewInterceptor:111] - Closing JPA EntityManager in OpenEntityManagerInViewInterceptor
DEBUG 20260526 21:20:38.635[http-nio-8181-exec-5] [metrics:277] - HHH000401: Logging session metrics:
	0 ns acquiring 0 JDBC connections
	0 ns releasing 0 JDBC connections
	0 ns preparing 0 JDBC statements
	0 ns executing 0 JDBC statements
	0 ns executing 0 JDBC batches
	0 ns performing 0 second-level cache puts
	0 ns performing 0 second-level cache hits
	0 ns performing 0 second-level cache misses
	0 ns executing 0 flushes (flushing a total of 0 entities and 0 collections)
	0 ns executing 0 pre-partial-flushes
	0 ns executing 0 partial-flushes (flushing a total of 0 entities and 0 collections)

DEBUG 20260526 21:20:38.638[http-nio-8181-exec-5] [DispatcherServlet:1122] - Completed 500 INTERNAL_SERVER_ERROR
DEBUG 20260526 21:20:42.080[HikariPool-1:housekeeper] [HikariPool:422] - HikariPool-1 - Pool stats (total=10/10, idle=10/10, active=0, waiting=0)
DEBUG 20260526 21:20:42.080[HikariPool-1:housekeeper] [HikariPool:536] - HikariPool-1 - Fill pool skipped, pool has sufficient level or currently being filled.
DEBUG 20260526 21:20:49.130[HikariPool-1:connection-closer] [PoolBase:141] - HikariPool-1 - Closing connection com.mysql.cj.jdbc.ConnectionImpl@76c74f70: (connection has passed maxLifetime)
DEBUG 20260526 21:20:49.136[HikariPool-1:connection-adder] [PoolBase:371] - HikariPool-1 - Attempting to create/setup new connection (c28a0f05-c2ba-46cd-b2bf-ff81983475cc)
DEBUG 20260526 21:20:49.168[HikariPool-1:connection-adder] [PoolBase:383] - HikariPool-1 - Established new connection (c28a0f05-c2ba-46cd-b2bf-ff81983475cc)
DEBUG 20260526 21:20:49.168[HikariPool-1:connection-adder] [HikariPool:756] - HikariPool-1 - Added connection com.mysql.cj.jdbc.ConnectionImpl@3e207adb
DEBUG 20260526 21:21:12.089[HikariPool-1:housekeeper] [HikariPool:422] - HikariPool-1 - Pool stats (total=10/10, idle=10/10, active=0, waiting=0)
DEBUG 20260526 21:21:12.089[HikariPool-1:housekeeper] [HikariPool:536] - HikariPool-1 - Fill pool skipped, pool has sufficient level or currently being filled.
DEBUG 20260526 21:21:42.100[HikariPool-1:housekeeper] [HikariPool:422] - HikariPool-1 - Pool stats (total=10/10, idle=10/10, active=0, waiting=0)
DEBUG 20260526 21:21:42.101[HikariPool-1:housekeeper] [HikariPool:536] - HikariPool-1 - Fill pool skipped, pool has sufficient level or currently being filled.
DEBUG 20260526 21:21:46.619[HikariPool-1:connection-closer] [PoolBase:141] - HikariPool-1 - Closing connection com.mysql.cj.jdbc.ConnectionImpl@568c1003: (connection has passed maxLifetime)
DEBUG 20260526 21:21:46.633[HikariPool-1:connection-adder] [PoolBase:371] - HikariPool-1 - Attempting to create/setup new connection (fbd4c0f5-5bd9-43c4-934a-42e6db458aea)
DEBUG 20260526 21:21:46.682[HikariPool-1:connection-adder] [PoolBase:383] - HikariPool-1 - Established new connection (fbd4c0f5-5bd9-43c4-934a-42e6db458aea)
DEBUG 20260526 21:21:46.682[HikariPool-1:connection-adder] [HikariPool:756] - HikariPool-1 - Added connection com.mysql.cj.jdbc.ConnectionImpl@11d57f51
DEBUG 20260526 21:21:47.921[HikariPool-1:connection-closer] [PoolBase:141] - HikariPool-1 - Closing connection com.mysql.cj.jdbc.ConnectionImpl@66468996: (connection has passed maxLifetime)
DEBUG 20260526 21:21:47.926[HikariPool-1:connection-adder] [PoolBase:371] - HikariPool-1 - Attempting to create/setup new connection (012dac2e-e9e9-4454-ab10-782725487f43)
DEBUG 20260526 21:21:47.955[HikariPool-1:connection-adder] [PoolBase:383] - HikariPool-1 - Established new connection (012dac2e-e9e9-4454-ab10-782725487f43)
DEBUG 20260526 21:21:47.956[HikariPool-1:connection-adder] [HikariPool:756] - HikariPool-1 - Added connection com.mysql.cj.jdbc.ConnectionImpl@260d7840
DEBUG 20260526 21:21:51.895[HikariPool-1:housekeeper] [HikariPool:888] - HikariPool-1 - keepalive: connection com.mysql.cj.jdbc.ConnectionImpl@21d8b41c is alive
DEBUG 20260526 21:21:55.951[HikariPool-1:housekeeper] [HikariPool:888] - HikariPool-1 - keepalive: connection com.mysql.cj.jdbc.ConnectionImpl@55ce163e is alive
DEBUG 20260526 21:21:56.071[HikariPool-1:connection-closer] [PoolBase:141] - HikariPool-1 - Closing connection com.mysql.cj.jdbc.ConnectionImpl@21d8b41c: (connection has passed maxLifetime)
DEBUG 20260526 21:21:56.078[HikariPool-1:connection-adder] [PoolBase:371] - HikariPool-1 - Attempting to create/setup new connection (05a13e78-d038-4703-938a-cdbcc00fc2d8)
DEBUG 20260526 21:21:56.114[HikariPool-1:connection-adder] [PoolBase:383] - HikariPool-1 - Established new connection (05a13e78-d038-4703-938a-cdbcc00fc2d8)
DEBUG 20260526 21:21:56.115[HikariPool-1:connection-adder] [HikariPool:756] - HikariPool-1 - Added connection com.mysql.cj.jdbc.ConnectionImpl@762132b7
DEBUG 20260526 21:22:02.257[HikariPool-1:housekeeper] [HikariPool:888] - HikariPool-1 - keepalive: connection com.mysql.cj.jdbc.ConnectionImpl@2906a964 is alive
DEBUG 20260526 21:22:03.385[HikariPool-1:housekeeper] [HikariPool:888] - HikariPool-1 - keepalive: connection com.mysql.cj.jdbc.ConnectionImpl@55be103d is alive
DEBUG 20260526 21:22:04.334[HikariPool-1:housekeeper] [HikariPool:888] - HikariPool-1 - keepalive: connection com.mysql.cj.jdbc.ConnectionImpl@7fdf6708 is alive
DEBUG 20260526 21:22:12.116[HikariPool-1:housekeeper] [HikariPool:422] - HikariPool-1 - Pool stats (total=10/10, idle=10/10, active=0, waiting=0)
DEBUG 20260526 21:22:12.116[HikariPool-1:housekeeper] [HikariPool:536] - HikariPool-1 - Fill pool skipped, pool has sufficient level or currently being filled.
DEBUG 20260526 21:22:14.085[HikariPool-1:housekeeper] [HikariPool:888] - HikariPool-1 - keepalive: connection com.mysql.cj.jdbc.ConnectionImpl@3f66cce8 is alive
DEBUG 20260526 21:22:16.864[HikariPool-1:housekeeper] [HikariPool:888] - HikariPool-1 - keepalive: connection com.mysql.cj.jdbc.ConnectionImpl@7ee85630 is alive
DEBUG 20260526 21:22:25.875[HikariPool-1:connection-closer] [PoolBase:141] - HikariPool-1 - Closing connection com.mysql.cj.jdbc.ConnectionImpl@7fdf6708: (connection has passed maxLifetime)
DEBUG 20260526 21:22:25.881[HikariPool-1:connection-adder] [PoolBase:371] - HikariPool-1 - Attempting to create/setup new connection (0b1a24dd-3dfd-484a-8a58-8871142ffbe5)
DEBUG 20260526 21:22:25.916[HikariPool-1:connection-adder] [PoolBase:383] - HikariPool-1 - Established new connection (0b1a24dd-3dfd-484a-8a58-8871142ffbe5)
DEBUG 20260526 21:22:25.917[HikariPool-1:connection-adder] [HikariPool:756] - HikariPool-1 - Added connection com.mysql.cj.jdbc.ConnectionImpl@45318135
DEBUG 20260526 21:22:33.011[HikariPool-1:housekeeper] [HikariPool:888] - HikariPool-1 - keepalive: connection com.mysql.cj.jdbc.ConnectionImpl@3e207adb is alive
DEBUG 20260526 21:22:42.120[HikariPool-1:housekeeper] [HikariPool:422] - HikariPool-1 - Pool stats (total=10/10, idle=10/10, active=0, waiting=0)
DEBUG 20260526 21:22:42.192[HikariPool-1:housekeeper] [HikariPool:536] - HikariPool-1 - Fill pool skipped, pool has sufficient level or currently being filled.
DEBUG 20260526 21:23:10.851[http-nio-8181-exec-6] [DispatcherServlet:118] - GET "/api/v1/auth/checkvalidemail?signId=test1&validText=REalI4!8LGOd", parameters={masked}
DEBUG 20260526 21:23:10.861[http-nio-8181-exec-6] [RequestMappingHandlerMapping:573] - Mapped to com.mjc813.login_cookie.biz.CookieSignRestController#checkvalidemailGet(String, String)
DEBUG 20260526 21:23:10.864[http-nio-8181-exec-6] [OpenEntityManagerInViewInterceptor:86] - Opening JPA EntityManager in OpenEntityManagerInViewInterceptor
DEBUG 20260526 21:23:10.866[http-nio-8181-exec-6] [core:151] - HHH006588: Opening session [tenant=null]
DEBUG 20260526 21:23:11.312[http-nio-8181-exec-6] [PartTreeJpaQuery:235] - QueryPreparer: Derived query for query method [public abstract java.util.Optional com.mjc813.login_cookie.models.member.MemberJpaRepository.findBySignId(java.lang.String)]: 'SELECT m FROM member m WHERE m.signId = :signId'
DEBUG 20260526 21:23:11.397[http-nio-8181-exec-6] [SQL:126] - 
    select
        me1_0.id,
        me1_0.create_dt,
        me1_0.delete_dt,
        me1_0.email,
        me1_0.is_valid_email,
        me1_0.password,
        me1_0.role,
        me1_0.sign_id,
        me1_0.update_dt,
        me1_0.valid_text 
    from
        member me1_0 
    where
        me1_0.sign_id=?
DEBUG 20260526 21:23:11.476[http-nio-8181-exec-6] [JpaTransactionManager:365] - Found thread-bound EntityManager [SessionImpl(1697060466<open>)] for JPA transaction
DEBUG 20260526 21:23:11.477[http-nio-8181-exec-6] [JpaTransactionManager:402] - Creating new transaction with name [org.springframework.data.jpa.repository.support.SimpleJpaRepository.save]: PROPAGATION_REQUIRED,ISOLATION_DEFAULT
DEBUG 20260526 21:23:11.479[http-nio-8181-exec-6] [core:74] - HHH006583: Beginning transaction
DEBUG 20260526 21:23:11.484[http-nio-8181-exec-6] [JpaTransactionManager:430] - Exposing JPA transaction as JDBC [org.springframework.orm.jpa.vendor.HibernateJpaDialect$HibernateConnectionHandle@7f394fbd]
DEBUG 20260526 21:23:11.559[http-nio-8181-exec-6] [JpaTransactionManager:789] - Initiating transaction commit
DEBUG 20260526 21:23:11.560[http-nio-8181-exec-6] [JpaTransactionManager:548] - Committing JPA transaction on EntityManager [SessionImpl(1697060466<open>)]
DEBUG 20260526 21:23:11.561[http-nio-8181-exec-6] [core:87] - HHH006584: Committing transaction
DEBUG 20260526 21:23:11.627[http-nio-8181-exec-6] [event:98] - HHH90060071: Flushed: 0 insertions, 1 updates, 0 deletions to 1 objects
DEBUG 20260526 21:23:11.628[http-nio-8181-exec-6] [event:104] - HHH90060072: Flushed: 0 (re)creations, 0 updates, 0 removals to 0 collections
DEBUG 20260526 21:23:11.629[http-nio-8181-exec-6] [core:102] - Listing entities:
DEBUG 20260526 21:23:11.631[http-nio-8181-exec-6] [core:111] - com.mjc813.login_cookie.models.member.MemberEntity{deleteDt=null, password=qwer1234, role=USER, validText=REalI4!8LGOd, id=3, updateDt=null, createDt=2026-05-26T20:59:29.214633, signId=test1, email=smd030830@gmail.com, isValidEmail=true}
DEBUG 20260526 21:23:11.693[http-nio-8181-exec-6] [SQL:126] - 
    update
        member 
    set
        create_dt=?,
        delete_dt=?,
        email=?,
        is_valid_email=?,
        password=?,
        role=?,
        sign_id=?,
        update_dt=?,
        valid_text=? 
    where
        id=?
DEBUG 20260526 21:23:11.787[http-nio-8181-exec-6] [JpaTransactionManager:645] - Not closing pre-bound JPA EntityManager after transaction
DEBUG 20260526 21:23:11.799[http-nio-8181-exec-6] [HttpEntityMethodProcessor:306] - Using 'application/json;q=0.8', given [text/html, application/xhtml+xml, image/avif, image/webp, image/apng, application/xml;q=0.9, */*;q=0.8, application/signed-exchange;v=b3;q=0.7] and supported [application/json, application/*+json]
DEBUG 20260526 21:23:11.805[http-nio-8181-exec-6] [HttpEntityMethodProcessor:118] - Writing [com.mjc813.login_cookie.common.ComResponseDto@b9dbdd4]
DEBUG 20260526 21:23:11.835[http-nio-8181-exec-6] [OpenEntityManagerInViewInterceptor:111] - Closing JPA EntityManager in OpenEntityManagerInViewInterceptor
DEBUG 20260526 21:23:11.837[http-nio-8181-exec-6] [metrics:277] - HHH000401: Logging session metrics:
	5914200 ns acquiring 1 JDBC connections
	0 ns releasing 0 JDBC connections
	5762700 ns preparing 2 JDBC statements
	63495000 ns executing 2 JDBC statements
	0 ns executing 0 JDBC batches
	0 ns performing 0 second-level cache puts
	0 ns performing 0 second-level cache hits
	0 ns performing 0 second-level cache misses
	185376100 ns executing 1 flushes (flushing a total of 1 entities and 0 collections)
	0 ns executing 0 pre-partial-flushes
	0 ns executing 0 partial-flushes (flushing a total of 0 entities and 0 collections)

DEBUG 20260526 21:23:11.840[http-nio-8181-exec-6] [DispatcherServlet:1122] - Completed 200 OK
DEBUG 20260526 21:23:11.964[http-nio-8181-exec-7] [DispatcherServlet:118] - GET "/favicon.ico", parameters={}
DEBUG 20260526 21:23:11.976[http-nio-8181-exec-7] [SimpleUrlHandlerMapping:573] - Mapped to ResourceHttpRequestHandler [classpath [META-INF/resources/], classpath [resources/], classpath [static/], classpath [public/], ServletContext [/]]
DEBUG 20260526 21:23:11.977[http-nio-8181-exec-7] [OpenEntityManagerInViewInterceptor:86] - Opening JPA EntityManager in OpenEntityManagerInViewInterceptor
DEBUG 20260526 21:23:11.977[http-nio-8181-exec-7] [core:151] - HHH006588: Opening session [tenant=null]
DEBUG 20260526 21:23:11.997[http-nio-8181-exec-7] [ResourceHttpRequestHandler:598] - Resource not found for path [favicon.ico]
DEBUG 20260526 21:23:12.009[http-nio-8181-exec-7] [ExceptionHandlerExceptionResolver:448] - Using @ExceptionHandler com.mjc813.login_cookie.common.CommonExceptionHandler#exceptionHandler(Exception)
DEBUG 20260526 21:23:12.011[http-nio-8181-exec-7] [HttpEntityMethodProcessor:306] - Using 'application/json;q=0.8', given [image/avif, image/webp, image/apng, image/svg+xml, image/*, */*;q=0.8] and supported [application/json, application/*+json]
DEBUG 20260526 21:23:12.013[http-nio-8181-exec-7] [HttpEntityMethodProcessor:118] - Writing [com.mjc813.login_cookie.common.ComResponseDto@214bc47e]
WARN  20260526 21:23:12.016[http-nio-8181-exec-7] [ExceptionHandlerExceptionResolver:248] - Resolved [org.springframework.web.servlet.resource.NoResourceFoundException: No static resource favicon.ico for request '/favicon.ico'.]
DEBUG 20260526 21:23:12.017[http-nio-8181-exec-7] [OpenEntityManagerInViewInterceptor:111] - Closing JPA EntityManager in OpenEntityManagerInViewInterceptor
DEBUG 20260526 21:23:12.018[http-nio-8181-exec-7] [metrics:277] - HHH000401: Logging session metrics:
	0 ns acquiring 0 JDBC connections
	0 ns releasing 0 JDBC connections
	0 ns preparing 0 JDBC statements
	0 ns executing 0 JDBC statements
	0 ns executing 0 JDBC batches
	0 ns performing 0 second-level cache puts
	0 ns performing 0 second-level cache hits
	0 ns performing 0 second-level cache misses
	0 ns executing 0 flushes (flushing a total of 0 entities and 0 collections)
	0 ns executing 0 pre-partial-flushes
	0 ns executing 0 partial-flushes (flushing a total of 0 entities and 0 collections)

DEBUG 20260526 21:23:12.018[http-nio-8181-exec-7] [DispatcherServlet:1122] - Completed 500 INTERNAL_SERVER_ERROR
DEBUG 20260526 21:23:12.198[HikariPool-1:housekeeper] [HikariPool:422] - HikariPool-1 - Pool stats (total=10/10, idle=10/10, active=0, waiting=0)
DEBUG 20260526 21:23:12.198[HikariPool-1:housekeeper] [HikariPool:536] - HikariPool-1 - Fill pool skipped, pool has sufficient level or currently being filled.
DEBUG 20260526 21:23:27.443[HikariPool-1:housekeeper] [HikariPool:888] - HikariPool-1 - keepalive: connection com.mysql.cj.jdbc.ConnectionImpl@11d57f51 is alive
DEBUG 20260526 21:23:30.649[HikariPool-1:housekeeper] [HikariPool:888] - HikariPool-1 - keepalive: connection com.mysql.cj.jdbc.ConnectionImpl@260d7840 is alive
DEBUG 20260526 21:23:39.421[HikariPool-1:housekeeper] [HikariPool:888] - HikariPool-1 - keepalive: connection com.mysql.cj.jdbc.ConnectionImpl@55ce163e is alive
DEBUG 20260526 21:23:41.665[http-nio-8181-exec-8] [DispatcherServlet:118] - GET "/favicon.ico", parameters={}
DEBUG 20260526 21:23:41.667[http-nio-8181-exec-8] [SimpleUrlHandlerMapping:573] - Mapped to ResourceHttpRequestHandler [classpath [META-INF/resources/], classpath [resources/], classpath [static/], classpath [public/], ServletContext [/]]
DEBUG 20260526 21:23:41.668[http-nio-8181-exec-8] [OpenEntityManagerInViewInterceptor:86] - Opening JPA EntityManager in OpenEntityManagerInViewInterceptor
DEBUG 20260526 21:23:41.668[http-nio-8181-exec-8] [core:151] - HHH006588: Opening session [tenant=null]
DEBUG 20260526 21:23:41.675[http-nio-8181-exec-8] [ResourceHttpRequestHandler:598] - Resource not found for path [favicon.ico]
DEBUG 20260526 21:23:41.677[http-nio-8181-exec-8] [ExceptionHandlerExceptionResolver:448] - Using @ExceptionHandler com.mjc813.login_cookie.common.CommonExceptionHandler#exceptionHandler(Exception)
DEBUG 20260526 21:23:41.677[http-nio-8181-exec-8] [HttpEntityMethodProcessor:306] - Using 'application/json;q=0.8', given [image/avif, image/webp, image/apng, image/svg+xml, image/*, */*;q=0.8] and supported [application/json, application/*+json]
DEBUG 20260526 21:23:41.677[http-nio-8181-exec-8] [HttpEntityMethodProcessor:118] - Writing [com.mjc813.login_cookie.common.ComResponseDto@3c76be34]
WARN  20260526 21:23:41.678[http-nio-8181-exec-8] [ExceptionHandlerExceptionResolver:248] - Resolved [org.springframework.web.servlet.resource.NoResourceFoundException: No static resource favicon.ico for request '/favicon.ico'.]
DEBUG 20260526 21:23:41.678[http-nio-8181-exec-8] [OpenEntityManagerInViewInterceptor:111] - Closing JPA EntityManager in OpenEntityManagerInViewInterceptor
DEBUG 20260526 21:23:41.680[http-nio-8181-exec-8] [metrics:277] - HHH000401: Logging session metrics:
	0 ns acquiring 0 JDBC connections
	0 ns releasing 0 JDBC connections
	0 ns preparing 0 JDBC statements
	0 ns executing 0 JDBC statements
	0 ns executing 0 JDBC batches
	0 ns performing 0 second-level cache puts
	0 ns performing 0 second-level cache hits
	0 ns performing 0 second-level cache misses
	0 ns executing 0 flushes (flushing a total of 0 entities and 0 collections)
	0 ns executing 0 pre-partial-flushes
	0 ns executing 0 partial-flushes (flushing a total of 0 entities and 0 collections)

DEBUG 20260526 21:23:41.680[http-nio-8181-exec-8] [DispatcherServlet:1122] - Completed 500 INTERNAL_SERVER_ERROR
DEBUG 20260526 21:23:42.201[HikariPool-1:housekeeper] [HikariPool:422] - HikariPool-1 - Pool stats (total=10/10, idle=10/10, active=0, waiting=0)
DEBUG 20260526 21:23:42.201[HikariPool-1:housekeeper] [HikariPool:536] - HikariPool-1 - Fill pool skipped, pool has sufficient level or currently being filled.
DEBUG 20260526 21:23:43.604[http-nio-8181-exec-9] [DispatcherServlet:118] - GET "/signin", parameters={}
DEBUG 20260526 21:23:43.604[http-nio-8181-exec-9] [RequestMappingHandlerMapping:573] - Mapped to com.mjc813.login_cookie.biz.MenuController#signinPage()
DEBUG 20260526 21:23:43.604[http-nio-8181-exec-9] [OpenEntityManagerInViewInterceptor:86] - Opening JPA EntityManager in OpenEntityManagerInViewInterceptor
DEBUG 20260526 21:23:43.604[http-nio-8181-exec-9] [core:151] - HHH006588: Opening session [tenant=null]
DEBUG 20260526 21:23:43.626[http-nio-8181-exec-9] [ContentNegotiatingViewResolver:346] - Selected 'text/html' given [text/html, application/xhtml+xml, image/avif, image/webp, image/apng, application/xml;q=0.9, */*;q=0.8, application/signed-exchange;v=b3;q=0.7]
DEBUG 20260526 21:23:43.627[http-nio-8181-exec-9] [MustacheView:300] - View name [info/signin], model {}
DEBUG 20260526 21:23:43.630[http-nio-8181-exec-9] [MustacheView:178] - Rendering [classpath:/templates/info/signin.html]
DEBUG 20260526 21:23:43.639[http-nio-8181-exec-9] [OpenEntityManagerInViewInterceptor:111] - Closing JPA EntityManager in OpenEntityManagerInViewInterceptor
DEBUG 20260526 21:23:43.639[http-nio-8181-exec-9] [metrics:277] - HHH000401: Logging session metrics:
	0 ns acquiring 0 JDBC connections
	0 ns releasing 0 JDBC connections
	0 ns preparing 0 JDBC statements
	0 ns executing 0 JDBC statements
	0 ns executing 0 JDBC batches
	0 ns performing 0 second-level cache puts
	0 ns performing 0 second-level cache hits
	0 ns performing 0 second-level cache misses
	0 ns executing 0 flushes (flushing a total of 0 entities and 0 collections)
	0 ns executing 0 pre-partial-flushes
	0 ns executing 0 partial-flushes (flushing a total of 0 entities and 0 collections)

DEBUG 20260526 21:23:43.639[http-nio-8181-exec-9] [DispatcherServlet:1122] - Completed 200 OK
DEBUG 20260526 21:23:43.662[http-nio-8181-exec-10] [DispatcherServlet:118] - GET "/js/jquery.min.js", parameters={}
DEBUG 20260526 21:23:43.663[http-nio-8181-exec-10] [SimpleUrlHandlerMapping:573] - Mapped to ResourceHttpRequestHandler [classpath [META-INF/resources/], classpath [resources/], classpath [static/], classpath [public/], ServletContext [/]]
DEBUG 20260526 21:23:43.663[http-nio-8181-exec-10] [OpenEntityManagerInViewInterceptor:86] - Opening JPA EntityManager in OpenEntityManagerInViewInterceptor
DEBUG 20260526 21:23:43.663[http-nio-8181-exec-10] [core:151] - HHH006588: Opening session [tenant=null]
DEBUG 20260526 21:23:43.674[http-nio-8181-exec-10] [OpenEntityManagerInViewInterceptor:111] - Closing JPA EntityManager in OpenEntityManagerInViewInterceptor
DEBUG 20260526 21:23:43.674[http-nio-8181-exec-10] [metrics:277] - HHH000401: Logging session metrics:
	0 ns acquiring 0 JDBC connections
	0 ns releasing 0 JDBC connections
	0 ns preparing 0 JDBC statements
	0 ns executing 0 JDBC statements
	0 ns executing 0 JDBC batches
	0 ns performing 0 second-level cache puts
	0 ns performing 0 second-level cache hits
	0 ns performing 0 second-level cache misses
	0 ns executing 0 flushes (flushing a total of 0 entities and 0 collections)
	0 ns executing 0 pre-partial-flushes
	0 ns executing 0 partial-flushes (flushing a total of 0 entities and 0 collections)

DEBUG 20260526 21:23:43.676[http-nio-8181-exec-10] [DispatcherServlet:1122] - Completed 200 OK
DEBUG 20260526 21:23:43.715[http-nio-8181-exec-1] [DispatcherServlet:118] - GET "/favicon.ico", parameters={}
DEBUG 20260526 21:23:43.716[http-nio-8181-exec-1] [SimpleUrlHandlerMapping:573] - Mapped to ResourceHttpRequestHandler [classpath [META-INF/resources/], classpath [resources/], classpath [static/], classpath [public/], ServletContext [/]]
DEBUG 20260526 21:23:43.716[http-nio-8181-exec-1] [OpenEntityManagerInViewInterceptor:86] - Opening JPA EntityManager in OpenEntityManagerInViewInterceptor
DEBUG 20260526 21:23:43.717[http-nio-8181-exec-1] [core:151] - HHH006588: Opening session [tenant=null]
DEBUG 20260526 21:23:43.722[http-nio-8181-exec-1] [ResourceHttpRequestHandler:598] - Resource not found for path [favicon.ico]
DEBUG 20260526 21:23:43.722[http-nio-8181-exec-1] [ExceptionHandlerExceptionResolver:448] - Using @ExceptionHandler com.mjc813.login_cookie.common.CommonExceptionHandler#exceptionHandler(Exception)
DEBUG 20260526 21:23:43.723[http-nio-8181-exec-1] [HttpEntityMethodProcessor:306] - Using 'application/json;q=0.8', given [image/avif, image/webp, image/apng, image/svg+xml, image/*, */*;q=0.8] and supported [application/json, application/*+json]
DEBUG 20260526 21:23:43.723[http-nio-8181-exec-1] [HttpEntityMethodProcessor:118] - Writing [com.mjc813.login_cookie.common.ComResponseDto@54ff036e]
WARN  20260526 21:23:43.724[http-nio-8181-exec-1] [ExceptionHandlerExceptionResolver:248] - Resolved [org.springframework.web.servlet.resource.NoResourceFoundException: No static resource favicon.ico for request '/favicon.ico'.]
DEBUG 20260526 21:23:43.724[http-nio-8181-exec-1] [OpenEntityManagerInViewInterceptor:111] - Closing JPA EntityManager in OpenEntityManagerInViewInterceptor
DEBUG 20260526 21:23:43.724[http-nio-8181-exec-1] [metrics:277] - HHH000401: Logging session metrics:
	0 ns acquiring 0 JDBC connections
	0 ns releasing 0 JDBC connections
	0 ns preparing 0 JDBC statements
	0 ns executing 0 JDBC statements
	0 ns executing 0 JDBC batches
	0 ns performing 0 second-level cache puts
	0 ns performing 0 second-level cache hits
	0 ns performing 0 second-level cache misses
	0 ns executing 0 flushes (flushing a total of 0 entities and 0 collections)
	0 ns executing 0 pre-partial-flushes
	0 ns executing 0 partial-flushes (flushing a total of 0 entities and 0 collections)

DEBUG 20260526 21:23:43.725[http-nio-8181-exec-1] [DispatcherServlet:1122] - Completed 500 INTERNAL_SERVER_ERROR
DEBUG 20260526 21:23:43.892[HikariPool-1:housekeeper] [HikariPool:888] - HikariPool-1 - keepalive: connection com.mysql.cj.jdbc.ConnectionImpl@762132b7 is alive
DEBUG 20260526 21:23:50.919[http-nio-8181-exec-2] [DispatcherServlet:118] - POST "/api/v1/auth/signin", parameters={}
DEBUG 20260526 21:23:50.920[http-nio-8181-exec-2] [RequestMappingHandlerMapping:573] - Mapped to com.mjc813.login_cookie.biz.CookieSignRestController#signin(SignInDto, HttpServletResponse)
DEBUG 20260526 21:23:50.921[http-nio-8181-exec-2] [OpenEntityManagerInViewInterceptor:86] - Opening JPA EntityManager in OpenEntityManagerInViewInterceptor
DEBUG 20260526 21:23:50.921[http-nio-8181-exec-2] [core:151] - HHH006588: Opening session [tenant=null]
DEBUG 20260526 21:23:50.938[http-nio-8181-exec-2] [RequestResponseBodyMethodProcessor:118] - Read "application/json;charset=UTF-8" to [SignInDto(id=null, signId=test1, password=qwer1234, email=null, role=null, isValidEmail=null, validT (truncated)...]
DEBUG 20260526 21:23:50.939[http-nio-8181-exec-2] [PartTreeJpaQuery:235] - QueryPreparer: Derived query for query method [public abstract java.util.Optional com.mjc813.login_cookie.models.member.MemberJpaRepository.findBySignId(java.lang.String)]: 'SELECT m FROM member m WHERE m.signId = :signId'
DEBUG 20260526 21:23:50.944[http-nio-8181-exec-2] [SQL:126] - 
    select
        me1_0.id,
        me1_0.create_dt,
        me1_0.delete_dt,
        me1_0.email,
        me1_0.is_valid_email,
        me1_0.password,
        me1_0.role,
        me1_0.sign_id,
        me1_0.update_dt,
        me1_0.valid_text 
    from
        member me1_0 
    where
        me1_0.sign_id=?
DEBUG 20260526 21:23:50.990[http-nio-8181-exec-2] [HttpEntityMethodProcessor:306] - Using 'application/json', given [application/json, text/javascript, */*;q=0.01] and supported [application/json, application/*+json]
DEBUG 20260526 21:23:50.994[http-nio-8181-exec-2] [HttpEntityMethodProcessor:118] - Writing [com.mjc813.login_cookie.common.ComResponseDto@39da6c9e]
DEBUG 20260526 21:23:50.997[http-nio-8181-exec-2] [OpenEntityManagerInViewInterceptor:111] - Closing JPA EntityManager in OpenEntityManagerInViewInterceptor
DEBUG 20260526 21:23:50.998[http-nio-8181-exec-2] [metrics:277] - HHH000401: Logging session metrics:
	2873900 ns acquiring 1 JDBC connections
	0 ns releasing 0 JDBC connections
	539700 ns preparing 1 JDBC statements
	2637000 ns executing 1 JDBC statements
	0 ns executing 0 JDBC batches
	0 ns performing 0 second-level cache puts
	0 ns performing 0 second-level cache hits
	0 ns performing 0 second-level cache misses
	0 ns executing 0 flushes (flushing a total of 0 entities and 0 collections)
	0 ns executing 0 pre-partial-flushes
	0 ns executing 0 partial-flushes (flushing a total of 0 entities and 0 collections)

DEBUG 20260526 21:23:50.999[http-nio-8181-exec-2] [DispatcherServlet:1122] - Completed 200 OK
DEBUG 20260526 21:23:51.987[HikariPool-1:housekeeper] [HikariPool:888] - HikariPool-1 - keepalive: connection com.mysql.cj.jdbc.ConnectionImpl@2906a964 is alive
DEBUG 20260526 21:23:53.592[http-nio-8181-exec-3] [DispatcherServlet:118] - GET "/", parameters={}
DEBUG 20260526 21:23:53.592[http-nio-8181-exec-3] [RequestMappingHandlerMapping:573] - Mapped to com.mjc813.login_cookie.biz.MenuController#index(HttpServletRequest, Model)
DEBUG 20260526 21:23:53.593[http-nio-8181-exec-3] [OpenEntityManagerInViewInterceptor:86] - Opening JPA EntityManager in OpenEntityManagerInViewInterceptor
DEBUG 20260526 21:23:53.593[http-nio-8181-exec-3] [core:151] - HHH006588: Opening session [tenant=null]
DEBUG 20260526 21:23:53.595[http-nio-8181-exec-3] [PartTreeJpaQuery:235] - QueryPreparer: Derived query for query method [public abstract java.util.Optional com.mjc813.login_cookie.models.member.MemberJpaRepository.findBySignId(java.lang.String)]: 'SELECT m FROM member m WHERE m.signId = :signId'
DEBUG 20260526 21:23:53.601[http-nio-8181-exec-3] [SQL:126] - 
    select
        me1_0.id,
        me1_0.create_dt,
        me1_0.delete_dt,
        me1_0.email,
        me1_0.is_valid_email,
        me1_0.password,
        me1_0.role,
        me1_0.sign_id,
        me1_0.update_dt,
        me1_0.valid_text 
    from
        member me1_0 
    where
        me1_0.sign_id=?
DEBUG 20260526 21:23:53.616[http-nio-8181-exec-3] [ContentNegotiatingViewResolver:346] - Selected 'text/html' given [text/html, application/xhtml+xml, image/avif, image/webp, image/apng, application/xml;q=0.9, */*;q=0.8, application/signed-exchange;v=b3;q=0.7]
DEBUG 20260526 21:23:53.631[http-nio-8181-exec-3] [MustacheView:300] - View name [home], model {signedMember=MemberDto(id=3, signId=test1, password=qwer1234, email=smd030830@gmail.com, role=USER, isValidEmail=true, validText=REalI4!8LGOd, createDt=2026-05-26T20:59:29.214633, updateDt=null, deleteDt=null), org.springframework.validation.BindingResult.signedMember=org.springframework.validation.BeanPropertyBindingResult: 0 errors}
DEBUG 20260526 21:23:53.632[http-nio-8181-exec-3] [MustacheView:178] - Rendering [classpath:/templates/home.html]
DEBUG 20260526 21:23:53.664[http-nio-8181-exec-3] [OpenEntityManagerInViewInterceptor:111] - Closing JPA EntityManager in OpenEntityManagerInViewInterceptor
DEBUG 20260526 21:23:53.664[http-nio-8181-exec-3] [metrics:277] - HHH000401: Logging session metrics:
	2507800 ns acquiring 1 JDBC connections
	0 ns releasing 0 JDBC connections
	366400 ns preparing 1 JDBC statements
	3301300 ns executing 1 JDBC statements
	0 ns executing 0 JDBC batches
	0 ns performing 0 second-level cache puts
	0 ns performing 0 second-level cache hits
	0 ns performing 0 second-level cache misses
	0 ns executing 0 flushes (flushing a total of 0 entities and 0 collections)
	0 ns executing 0 pre-partial-flushes
	0 ns executing 0 partial-flushes (flushing a total of 0 entities and 0 collections)

DEBUG 20260526 21:23:53.665[http-nio-8181-exec-3] [DispatcherServlet:1122] - Completed 200 OK
DEBUG 20260526 21:23:53.748[http-nio-8181-exec-4] [DispatcherServlet:118] - GET "/favicon.ico", parameters={}
DEBUG 20260526 21:23:53.750[http-nio-8181-exec-4] [SimpleUrlHandlerMapping:573] - Mapped to ResourceHttpRequestHandler [classpath [META-INF/resources/], classpath [resources/], classpath [static/], classpath [public/], ServletContext [/]]
DEBUG 20260526 21:23:53.750[http-nio-8181-exec-4] [OpenEntityManagerInViewInterceptor:86] - Opening JPA EntityManager in OpenEntityManagerInViewInterceptor
DEBUG 20260526 21:23:53.752[http-nio-8181-exec-4] [core:151] - HHH006588: Opening session [tenant=null]
DEBUG 20260526 21:23:53.757[http-nio-8181-exec-4] [ResourceHttpRequestHandler:598] - Resource not found for path [favicon.ico]
DEBUG 20260526 21:23:53.758[http-nio-8181-exec-4] [ExceptionHandlerExceptionResolver:448] - Using @ExceptionHandler com.mjc813.login_cookie.common.CommonExceptionHandler#exceptionHandler(Exception)
DEBUG 20260526 21:23:53.759[http-nio-8181-exec-4] [HttpEntityMethodProcessor:306] - Using 'application/json;q=0.8', given [image/avif, image/webp, image/apng, image/svg+xml, image/*, */*;q=0.8] and supported [application/json, application/*+json]
DEBUG 20260526 21:23:53.759[http-nio-8181-exec-4] [HttpEntityMethodProcessor:118] - Writing [com.mjc813.login_cookie.common.ComResponseDto@5dc997c7]
WARN  20260526 21:23:53.761[http-nio-8181-exec-4] [ExceptionHandlerExceptionResolver:248] - Resolved [org.springframework.web.servlet.resource.NoResourceFoundException: No static resource favicon.ico for request '/favicon.ico'.]
DEBUG 20260526 21:23:53.761[http-nio-8181-exec-4] [OpenEntityManagerInViewInterceptor:111] - Closing JPA EntityManager in OpenEntityManagerInViewInterceptor
DEBUG 20260526 21:23:53.761[http-nio-8181-exec-4] [metrics:277] - HHH000401: Logging session metrics:
	0 ns acquiring 0 JDBC connections
	0 ns releasing 0 JDBC connections
	0 ns preparing 0 JDBC statements
	0 ns executing 0 JDBC statements
	0 ns executing 0 JDBC batches
	0 ns performing 0 second-level cache puts
	0 ns performing 0 second-level cache hits
	0 ns performing 0 second-level cache misses
	0 ns executing 0 flushes (flushing a total of 0 entities and 0 collections)
	0 ns executing 0 pre-partial-flushes
	0 ns executing 0 partial-flushes (flushing a total of 0 entities and 0 collections)

DEBUG 20260526 21:23:53.762[http-nio-8181-exec-4] [DispatcherServlet:1122] - Completed 500 INTERNAL_SERVER_ERROR
DEBUG 20260526 21:23:54.152[HikariPool-1:housekeeper] [HikariPool:888] - HikariPool-1 - keepalive: connection com.mysql.cj.jdbc.ConnectionImpl@55be103d is alive
DEBUG 20260526 21:24:02.159[http-nio-8181-exec-5] [DispatcherServlet:118] - GET "/api/v1/music/all", parameters={}
DEBUG 20260526 21:24:02.160[http-nio-8181-exec-5] [RequestMappingHandlerMapping:573] - Mapped to com.mjc813.login_cookie.models.music.MusicRestController#findAll(HttpServletRequest)
DEBUG 20260526 21:24:02.160[http-nio-8181-exec-5] [OpenEntityManagerInViewInterceptor:86] - Opening JPA EntityManager in OpenEntityManagerInViewInterceptor
DEBUG 20260526 21:24:02.160[http-nio-8181-exec-5] [core:151] - HHH006588: Opening session [tenant=null]
DEBUG 20260526 21:24:02.161[http-nio-8181-exec-5] [HttpEntityMethodProcessor:306] - Using 'application/json', given [*/*] and supported [application/json, application/*+json]
DEBUG 20260526 21:24:02.162[http-nio-8181-exec-5] [HttpEntityMethodProcessor:118] - Writing [com.mjc813.login_cookie.common.ComResponseDto@6d32d739]
DEBUG 20260526 21:24:02.163[http-nio-8181-exec-5] [OpenEntityManagerInViewInterceptor:111] - Closing JPA EntityManager in OpenEntityManagerInViewInterceptor
DEBUG 20260526 21:24:02.164[http-nio-8181-exec-5] [metrics:277] - HHH000401: Logging session metrics:
	0 ns acquiring 0 JDBC connections
	0 ns releasing 0 JDBC connections
	0 ns preparing 0 JDBC statements
	0 ns executing 0 JDBC statements
	0 ns executing 0 JDBC batches
	0 ns performing 0 second-level cache puts
	0 ns performing 0 second-level cache hits
	0 ns performing 0 second-level cache misses
	0 ns executing 0 flushes (flushing a total of 0 entities and 0 collections)
	0 ns executing 0 pre-partial-flushes
	0 ns executing 0 partial-flushes (flushing a total of 0 entities and 0 collections)

DEBUG 20260526 21:24:02.164[http-nio-8181-exec-5] [DispatcherServlet:1122] - Completed 500 INTERNAL_SERVER_ERROR
DEBUG 20260526 21:24:03.369[HikariPool-1:housekeeper] [HikariPool:888] - HikariPool-1 - keepalive: connection com.mysql.cj.jdbc.ConnectionImpl@7ee85630 is alive
DEBUG 20260526 21:24:06.694[HikariPool-1:housekeeper] [HikariPool:888] - HikariPool-1 - keepalive: connection com.mysql.cj.jdbc.ConnectionImpl@3f66cce8 is alive
DEBUG 20260526 21:24:12.213[HikariPool-1:housekeeper] [HikariPool:422] - HikariPool-1 - Pool stats (total=10/10, idle=10/10, active=0, waiting=0)
DEBUG 20260526 21:24:12.214[HikariPool-1:housekeeper] [HikariPool:536] - HikariPool-1 - Fill pool skipped, pool has sufficient level or currently being filled.
DEBUG 20260526 21:24:16.462[http-nio-8181-exec-6] [DispatcherServlet:118] - GET "/api/v1/music/all", parameters={}
DEBUG 20260526 21:24:16.463[http-nio-8181-exec-6] [RequestMappingHandlerMapping:573] - Mapped to com.mjc813.login_cookie.models.music.MusicRestController#findAll(HttpServletRequest)
DEBUG 20260526 21:24:16.463[http-nio-8181-exec-6] [OpenEntityManagerInViewInterceptor:86] - Opening JPA EntityManager in OpenEntityManagerInViewInterceptor
DEBUG 20260526 21:24:16.464[http-nio-8181-exec-6] [core:151] - HHH006588: Opening session [tenant=null]
DEBUG 20260526 21:24:16.482[http-nio-8181-exec-6] [JpaTransactionManager:365] - Found thread-bound EntityManager [SessionImpl(2138578414<open>)] for JPA transaction
DEBUG 20260526 21:24:16.482[http-nio-8181-exec-6] [JpaTransactionManager:402] - Creating new transaction with name [org.springframework.data.jpa.repository.support.SimpleJpaRepository.findAll]: PROPAGATION_REQUIRED,ISOLATION_DEFAULT,readOnly
DEBUG 20260526 21:24:16.534[http-nio-8181-exec-6] [DataSourceUtils:204] - Setting JDBC Connection [HikariProxyConnection@455701172 wrapping com.mysql.cj.jdbc.ConnectionImpl@55ce163e] read-only
DEBUG 20260526 21:24:16.543[http-nio-8181-exec-6] [core:74] - HHH006583: Beginning transaction
DEBUG 20260526 21:24:16.545[http-nio-8181-exec-6] [JpaTransactionManager:430] - Exposing JPA transaction as JDBC [org.springframework.orm.jpa.vendor.HibernateJpaDialect$HibernateConnectionHandle@7f75ccfe]
DEBUG 20260526 21:24:16.707[http-nio-8181-exec-6] [SQL:126] - 
    select
        me1_0.id,
        me1_0.artist,
        me1_0.playtime,
        me1_0.title 
    from
        music me1_0
DEBUG 20260526 21:24:16.724[http-nio-8181-exec-6] [JpaTransactionManager:789] - Initiating transaction commit
DEBUG 20260526 21:24:16.724[http-nio-8181-exec-6] [JpaTransactionManager:548] - Committing JPA transaction on EntityManager [SessionImpl(2138578414<open>)]
DEBUG 20260526 21:24:16.724[http-nio-8181-exec-6] [core:87] - HHH006584: Committing transaction
DEBUG 20260526 21:24:16.734[http-nio-8181-exec-6] [DataSourceUtils:279] - Resetting read-only flag of JDBC Connection [HikariProxyConnection@455701172 wrapping com.mysql.cj.jdbc.ConnectionImpl@55ce163e]
DEBUG 20260526 21:24:16.737[http-nio-8181-exec-6] [JpaTransactionManager:645] - Not closing pre-bound JPA EntityManager after transaction
DEBUG 20260526 21:24:16.740[http-nio-8181-exec-6] [HttpEntityMethodProcessor:306] - Using 'application/json;q=0.8', given [text/html, application/xhtml+xml, image/avif, image/webp, image/apng, application/xml;q=0.9, */*;q=0.8, application/signed-exchange;v=b3;q=0.7] and supported [application/json, application/*+json]
DEBUG 20260526 21:24:16.740[http-nio-8181-exec-6] [HttpEntityMethodProcessor:118] - Writing [com.mjc813.login_cookie.common.ComResponseDto@29afce30]
DEBUG 20260526 21:24:16.773[http-nio-8181-exec-6] [OpenEntityManagerInViewInterceptor:111] - Closing JPA EntityManager in OpenEntityManagerInViewInterceptor
DEBUG 20260526 21:24:16.773[http-nio-8181-exec-6] [metrics:277] - HHH000401: Logging session metrics:
	2046500 ns acquiring 1 JDBC connections
	0 ns releasing 0 JDBC connections
	375000 ns preparing 1 JDBC statements
	7189700 ns executing 1 JDBC statements
	0 ns executing 0 JDBC batches
	0 ns performing 0 second-level cache puts
	0 ns performing 0 second-level cache hits
	0 ns performing 0 second-level cache misses
	0 ns executing 0 flushes (flushing a total of 0 entities and 0 collections)
	2543100 ns executing 1 pre-partial-flushes
	1207500 ns executing 1 partial-flushes (flushing a total of 0 entities and 0 collections)

DEBUG 20260526 21:24:16.774[http-nio-8181-exec-6] [DispatcherServlet:1122] - Completed 200 OK
DEBUG 20260526 21:24:16.827[http-nio-8181-exec-7] [DispatcherServlet:118] - GET "/favicon.ico", parameters={}
DEBUG 20260526 21:24:16.829[http-nio-8181-exec-7] [SimpleUrlHandlerMapping:573] - Mapped to ResourceHttpRequestHandler [classpath [META-INF/resources/], classpath [resources/], classpath [static/], classpath [public/], ServletContext [/]]
DEBUG 20260526 21:24:16.830[http-nio-8181-exec-7] [OpenEntityManagerInViewInterceptor:86] - Opening JPA EntityManager in OpenEntityManagerInViewInterceptor
DEBUG 20260526 21:24:16.830[http-nio-8181-exec-7] [core:151] - HHH006588: Opening session [tenant=null]
DEBUG 20260526 21:24:16.834[http-nio-8181-exec-7] [ResourceHttpRequestHandler:598] - Resource not found for path [favicon.ico]
DEBUG 20260526 21:24:16.834[http-nio-8181-exec-7] [ExceptionHandlerExceptionResolver:448] - Using @ExceptionHandler com.mjc813.login_cookie.common.CommonExceptionHandler#exceptionHandler(Exception)
DEBUG 20260526 21:24:16.835[http-nio-8181-exec-7] [HttpEntityMethodProcessor:306] - Using 'application/json;q=0.8', given [image/avif, image/webp, image/apng, image/svg+xml, image/*, */*;q=0.8] and supported [application/json, application/*+json]
DEBUG 20260526 21:24:16.835[http-nio-8181-exec-7] [HttpEntityMethodProcessor:118] - Writing [com.mjc813.login_cookie.common.ComResponseDto@ec7fa4b]
WARN  20260526 21:24:16.836[http-nio-8181-exec-7] [ExceptionHandlerExceptionResolver:248] - Resolved [org.springframework.web.servlet.resource.NoResourceFoundException: No static resource favicon.ico for request '/favicon.ico'.]
DEBUG 20260526 21:24:16.837[http-nio-8181-exec-7] [OpenEntityManagerInViewInterceptor:111] - Closing JPA EntityManager in OpenEntityManagerInViewInterceptor
DEBUG 20260526 21:24:16.837[http-nio-8181-exec-7] [metrics:277] - HHH000401: Logging session metrics:
	0 ns acquiring 0 JDBC connections
	0 ns releasing 0 JDBC connections
	0 ns preparing 0 JDBC statements
	0 ns executing 0 JDBC statements
	0 ns executing 0 JDBC batches
	0 ns performing 0 second-level cache puts
	0 ns performing 0 second-level cache hits
	0 ns performing 0 second-level cache misses
	0 ns executing 0 flushes (flushing a total of 0 entities and 0 collections)
	0 ns executing 0 pre-partial-flushes
	0 ns executing 0 partial-flushes (flushing a total of 0 entities and 0 collections)

DEBUG 20260526 21:24:16.837[http-nio-8181-exec-7] [DispatcherServlet:1122] - Completed 500 INTERNAL_SERVER_ERROR
DEBUG 20260526 21:24:16.857[HikariPool-1:housekeeper] [HikariPool:888] - HikariPool-1 - keepalive: connection com.mysql.cj.jdbc.ConnectionImpl@3e207adb is alive
DEBUG 20260526 21:24:24.295[HikariPool-1:housekeeper] [HikariPool:888] - HikariPool-1 - keepalive: connection com.mysql.cj.jdbc.ConnectionImpl@45318135 is alive
DEBUG 20260526 21:24:42.223[HikariPool-1:housekeeper] [HikariPool:422] - HikariPool-1 - Pool stats (total=10/10, idle=10/10, active=0, waiting=0)
DEBUG 20260526 21:24:42.225[HikariPool-1:housekeeper] [HikariPool:536] - HikariPool-1 - Fill pool skipped, pool has sufficient level or currently being filled.
DEBUG 20260526 21:25:08.204[HikariPool-1:housekeeper] [HikariPool:888] - HikariPool-1 - keepalive: connection com.mysql.cj.jdbc.ConnectionImpl@11d57f51 is alive
DEBUG 20260526 21:25:12.236[HikariPool-1:housekeeper] [HikariPool:422] - HikariPool-1 - Pool stats (total=10/10, idle=10/10, active=0, waiting=0)
DEBUG 20260526 21:25:12.237[HikariPool-1:housekeeper] [HikariPool:536] - HikariPool-1 - Fill pool skipped, pool has sufficient level or currently being filled.
DEBUG 20260526 21:25:13.345[HikariPool-1:housekeeper] [HikariPool:888] - HikariPool-1 - keepalive: connection com.mysql.cj.jdbc.ConnectionImpl@260d7840 is alive
DEBUG 20260526 21:25:22.896[HikariPool-1:housekeeper] [HikariPool:888] - HikariPool-1 - keepalive: connection com.mysql.cj.jdbc.ConnectionImpl@55ce163e is alive
DEBUG 20260526 21:25:31.680[HikariPool-1:housekeeper] [HikariPool:888] - HikariPool-1 - keepalive: connection com.mysql.cj.jdbc.ConnectionImpl@762132b7 is alive
DEBUG 20260526 21:25:41.722[HikariPool-1:housekeeper] [HikariPool:888] - HikariPool-1 - keepalive: connection com.mysql.cj.jdbc.ConnectionImpl@2906a964 is alive
DEBUG 20260526 21:25:42.248[HikariPool-1:housekeeper] [HikariPool:422] - HikariPool-1 - Pool stats (total=10/10, idle=10/10, active=0, waiting=0)
DEBUG 20260526 21:25:42.248[HikariPool-1:housekeeper] [HikariPool:536] - HikariPool-1 - Fill pool skipped, pool has sufficient level or currently being filled.
DEBUG 20260526 21:25:44.924[HikariPool-1:housekeeper] [HikariPool:888] - HikariPool-1 - keepalive: connection com.mysql.cj.jdbc.ConnectionImpl@55be103d is alive
DEBUG 20260526 21:25:49.883[HikariPool-1:housekeeper] [HikariPool:888] - HikariPool-1 - keepalive: connection com.mysql.cj.jdbc.ConnectionImpl@7ee85630 is alive
DEBUG 20260526 21:25:59.305[HikariPool-1:housekeeper] [HikariPool:888] - HikariPool-1 - keepalive: connection com.mysql.cj.jdbc.ConnectionImpl@3f66cce8 is alive
DEBUG 20260526 21:26:00.699[HikariPool-1:housekeeper] [HikariPool:888] - HikariPool-1 - keepalive: connection com.mysql.cj.jdbc.ConnectionImpl@3e207adb is alive
DEBUG 20260526 21:26:10.065[http-nio-8181-exec-8] [DispatcherServlet:118] - GET "/signin", parameters={}
DEBUG 20260526 21:26:10.069[http-nio-8181-exec-8] [RequestMappingHandlerMapping:573] - Mapped to com.mjc813.login_cookie.biz.MenuController#signinPage()
DEBUG 20260526 21:26:10.070[http-nio-8181-exec-8] [OpenEntityManagerInViewInterceptor:86] - Opening JPA EntityManager in OpenEntityManagerInViewInterceptor
DEBUG 20260526 21:26:10.072[http-nio-8181-exec-8] [core:151] - HHH006588: Opening session [tenant=null]
DEBUG 20260526 21:26:10.086[http-nio-8181-exec-8] [ContentNegotiatingViewResolver:346] - Selected '*/*' given [*/*]
DEBUG 20260526 21:26:10.087[http-nio-8181-exec-8] [MustacheView:300] - View name [info/signin], model {}
DEBUG 20260526 21:26:10.087[http-nio-8181-exec-8] [MustacheView:178] - Rendering [classpath:/templates/info/signin.html]
DEBUG 20260526 21:26:10.094[http-nio-8181-exec-8] [OpenEntityManagerInViewInterceptor:111] - Closing JPA EntityManager in OpenEntityManagerInViewInterceptor
DEBUG 20260526 21:26:10.095[http-nio-8181-exec-8] [metrics:277] - HHH000401: Logging session metrics:
	0 ns acquiring 0 JDBC connections
	0 ns releasing 0 JDBC connections
	0 ns preparing 0 JDBC statements
	0 ns executing 0 JDBC statements
	0 ns executing 0 JDBC batches
	0 ns performing 0 second-level cache puts
	0 ns performing 0 second-level cache hits
	0 ns performing 0 second-level cache misses
	0 ns executing 0 flushes (flushing a total of 0 entities and 0 collections)
	0 ns executing 0 pre-partial-flushes
	0 ns executing 0 partial-flushes (flushing a total of 0 entities and 0 collections)

DEBUG 20260526 21:26:10.098[http-nio-8181-exec-8] [DispatcherServlet:1122] - Completed 200 OK
DEBUG 20260526 21:26:12.254[HikariPool-1:housekeeper] [HikariPool:422] - HikariPool-1 - Pool stats (total=10/10, idle=10/10, active=0, waiting=0)
DEBUG 20260526 21:26:12.261[HikariPool-1:housekeeper] [HikariPool:536] - HikariPool-1 - Fill pool skipped, pool has sufficient level or currently being filled.
DEBUG 20260526 21:26:20.107[http-nio-8181-exec-9] [DispatcherServlet:118] - GET "/api/v1/auth/signin%20HTTP/1.1", parameters={}
DEBUG 20260526 21:26:20.113[http-nio-8181-exec-9] [SimpleUrlHandlerMapping:573] - Mapped to ResourceHttpRequestHandler [classpath [META-INF/resources/], classpath [resources/], classpath [static/], classpath [public/], ServletContext [/]]
DEBUG 20260526 21:26:20.114[http-nio-8181-exec-9] [OpenEntityManagerInViewInterceptor:86] - Opening JPA EntityManager in OpenEntityManagerInViewInterceptor
DEBUG 20260526 21:26:20.114[http-nio-8181-exec-9] [core:151] - HHH006588: Opening session [tenant=null]
DEBUG 20260526 21:26:20.138[http-nio-8181-exec-9] [ResourceHttpRequestHandler:598] - Resource not found for path [api/v1/auth/signin%20HTTP/1.1]
DEBUG 20260526 21:26:20.143[http-nio-8181-exec-9] [ExceptionHandlerExceptionResolver:448] - Using @ExceptionHandler com.mjc813.login_cookie.common.CommonExceptionHandler#exceptionHandler(Exception)
DEBUG 20260526 21:26:20.147[http-nio-8181-exec-9] [HttpEntityMethodProcessor:306] - Using 'application/json;q=0.8', given [text/html, application/xhtml+xml, image/avif, image/webp, image/apng, application/xml;q=0.9, */*;q=0.8, application/signed-exchange;v=b3;q=0.7] and supported [application/json, application/*+json]
DEBUG 20260526 21:26:20.148[http-nio-8181-exec-9] [HttpEntityMethodProcessor:118] - Writing [com.mjc813.login_cookie.common.ComResponseDto@379347b0]
WARN  20260526 21:26:20.229[http-nio-8181-exec-9] [ExceptionHandlerExceptionResolver:248] - Resolved [org.springframework.web.servlet.resource.NoResourceFoundException: No static resource api/v1/auth/signin%20HTTP/1.1 for request '/api/v1/auth/signin%20HTTP/1.1'.]
DEBUG 20260526 21:26:20.231[http-nio-8181-exec-9] [OpenEntityManagerInViewInterceptor:111] - Closing JPA EntityManager in OpenEntityManagerInViewInterceptor
DEBUG 20260526 21:26:20.233[http-nio-8181-exec-9] [metrics:277] - HHH000401: Logging session metrics:
	0 ns acquiring 0 JDBC connections
	0 ns releasing 0 JDBC connections
	0 ns preparing 0 JDBC statements
	0 ns executing 0 JDBC statements
	0 ns executing 0 JDBC batches
	0 ns performing 0 second-level cache puts
	0 ns performing 0 second-level cache hits
	0 ns performing 0 second-level cache misses
	0 ns executing 0 flushes (flushing a total of 0 entities and 0 collections)
	0 ns executing 0 pre-partial-flushes
	0 ns executing 0 partial-flushes (flushing a total of 0 entities and 0 collections)

DEBUG 20260526 21:26:20.235[http-nio-8181-exec-9] [DispatcherServlet:1122] - Completed 500 INTERNAL_SERVER_ERROR
DEBUG 20260526 21:26:20.320[http-nio-8181-exec-10] [DispatcherServlet:118] - GET "/favicon.ico", parameters={}
DEBUG 20260526 21:26:20.324[http-nio-8181-exec-10] [SimpleUrlHandlerMapping:573] - Mapped to ResourceHttpRequestHandler [classpath [META-INF/resources/], classpath [resources/], classpath [static/], classpath [public/], ServletContext [/]]
DEBUG 20260526 21:26:20.325[http-nio-8181-exec-10] [OpenEntityManagerInViewInterceptor:86] - Opening JPA EntityManager in OpenEntityManagerInViewInterceptor
DEBUG 20260526 21:26:20.325[http-nio-8181-exec-10] [core:151] - HHH006588: Opening session [tenant=null]
DEBUG 20260526 21:26:20.334[http-nio-8181-exec-10] [ResourceHttpRequestHandler:598] - Resource not found for path [favicon.ico]
DEBUG 20260526 21:26:20.334[http-nio-8181-exec-10] [ExceptionHandlerExceptionResolver:448] - Using @ExceptionHandler com.mjc813.login_cookie.common.CommonExceptionHandler#exceptionHandler(Exception)
DEBUG 20260526 21:26:20.335[http-nio-8181-exec-10] [HttpEntityMethodProcessor:306] - Using 'application/json;q=0.8', given [image/avif, image/webp, image/apng, image/svg+xml, image/*, */*;q=0.8] and supported [application/json, application/*+json]
DEBUG 20260526 21:26:20.335[http-nio-8181-exec-10] [HttpEntityMethodProcessor:118] - Writing [com.mjc813.login_cookie.common.ComResponseDto@7b5805b3]
WARN  20260526 21:26:20.336[http-nio-8181-exec-10] [ExceptionHandlerExceptionResolver:248] - Resolved [org.springframework.web.servlet.resource.NoResourceFoundException: No static resource favicon.ico for request '/favicon.ico'.]
DEBUG 20260526 21:26:20.336[http-nio-8181-exec-10] [OpenEntityManagerInViewInterceptor:111] - Closing JPA EntityManager in OpenEntityManagerInViewInterceptor
DEBUG 20260526 21:26:20.337[http-nio-8181-exec-10] [metrics:277] - HHH000401: Logging session metrics:
	0 ns acquiring 0 JDBC connections
	0 ns releasing 0 JDBC connections
	0 ns preparing 0 JDBC statements
	0 ns executing 0 JDBC statements
	0 ns executing 0 JDBC batches
	0 ns performing 0 second-level cache puts
	0 ns performing 0 second-level cache hits
	0 ns performing 0 second-level cache misses
	0 ns executing 0 flushes (flushing a total of 0 entities and 0 collections)
	0 ns executing 0 pre-partial-flushes
	0 ns executing 0 partial-flushes (flushing a total of 0 entities and 0 collections)

DEBUG 20260526 21:26:20.337[http-nio-8181-exec-10] [DispatcherServlet:1122] - Completed 500 INTERNAL_SERVER_ERROR
DEBUG 20260526 21:26:22.683[HikariPool-1:housekeeper] [HikariPool:888] - HikariPool-1 - keepalive: connection com.mysql.cj.jdbc.ConnectionImpl@45318135 is alive
DEBUG 20260526 21:26:42.276[HikariPool-1:housekeeper] [HikariPool:422] - HikariPool-1 - Pool stats (total=10/10, idle=10/10, active=0, waiting=0)
DEBUG 20260526 21:26:42.279[HikariPool-1:housekeeper] [HikariPool:536] - HikariPool-1 - Fill pool skipped, pool has sufficient level or currently being filled.
DEBUG 20260526 21:26:48.977[HikariPool-1:housekeeper] [HikariPool:888] - HikariPool-1 - keepalive: connection com.mysql.cj.jdbc.ConnectionImpl@11d57f51 is alive
DEBUG 20260526 21:26:50.571[http-nio-8181-exec-1] [DispatcherServlet:118] - POST "/api/v1/auth/signin", parameters={}
DEBUG 20260526 21:26:50.572[http-nio-8181-exec-1] [RequestMappingHandlerMapping:573] - Mapped to com.mjc813.login_cookie.biz.CookieSignRestController#signin(SignInDto, HttpServletResponse)
DEBUG 20260526 21:26:50.572[http-nio-8181-exec-1] [OpenEntityManagerInViewInterceptor:86] - Opening JPA EntityManager in OpenEntityManagerInViewInterceptor
DEBUG 20260526 21:26:50.573[http-nio-8181-exec-1] [core:151] - HHH006588: Opening session [tenant=null]
DEBUG 20260526 21:26:50.583[http-nio-8181-exec-1] [RequestResponseBodyMethodProcessor:118] - Read "application/json;charset=UTF-8" to [SignInDto(id=null, signId=test1, password=qwer1234, email=null, role=null, isValidEmail=null, validT (truncated)...]
DEBUG 20260526 21:26:50.585[http-nio-8181-exec-1] [PartTreeJpaQuery:235] - QueryPreparer: Derived query for query method [public abstract java.util.Optional com.mjc813.login_cookie.models.member.MemberJpaRepository.findBySignId(java.lang.String)]: 'SELECT m FROM member m WHERE m.signId = :signId'
DEBUG 20260526 21:26:50.589[http-nio-8181-exec-1] [SQL:126] - 
    select
        me1_0.id,
        me1_0.create_dt,
        me1_0.delete_dt,
        me1_0.email,
        me1_0.is_valid_email,
        me1_0.password,
        me1_0.role,
        me1_0.sign_id,
        me1_0.update_dt,
        me1_0.valid_text 
    from
        member me1_0 
    where
        me1_0.sign_id=?
DEBUG 20260526 21:26:50.633[http-nio-8181-exec-1] [HttpEntityMethodProcessor:306] - Using 'application/json', given [*/*] and supported [application/json, application/*+json]
DEBUG 20260526 21:26:50.634[http-nio-8181-exec-1] [HttpEntityMethodProcessor:118] - Writing [com.mjc813.login_cookie.common.ComResponseDto@2a4870f]
DEBUG 20260526 21:26:50.635[http-nio-8181-exec-1] [OpenEntityManagerInViewInterceptor:111] - Closing JPA EntityManager in OpenEntityManagerInViewInterceptor
DEBUG 20260526 21:26:50.638[http-nio-8181-exec-1] [metrics:277] - HHH000401: Logging session metrics:
	2283400 ns acquiring 1 JDBC connections
	0 ns releasing 0 JDBC connections
	577500 ns preparing 1 JDBC statements
	33417100 ns executing 1 JDBC statements
	0 ns executing 0 JDBC batches
	0 ns performing 0 second-level cache puts
	0 ns performing 0 second-level cache hits
	0 ns performing 0 second-level cache misses
	0 ns executing 0 flushes (flushing a total of 0 entities and 0 collections)
	0 ns executing 0 pre-partial-flushes
	0 ns executing 0 partial-flushes (flushing a total of 0 entities and 0 collections)

DEBUG 20260526 21:26:50.639[http-nio-8181-exec-1] [DispatcherServlet:1122] - Completed 200 OK
DEBUG 20260526 21:26:56.041[HikariPool-1:housekeeper] [HikariPool:888] - HikariPool-1 - keepalive: connection com.mysql.cj.jdbc.ConnectionImpl@260d7840 is alive
DEBUG 20260526 21:27:05.310[http-nio-8181-exec-2] [DispatcherServlet:118] - GET "/api/v1/music/all", parameters={}
DEBUG 20260526 21:27:05.311[http-nio-8181-exec-2] [RequestMappingHandlerMapping:573] - Mapped to com.mjc813.login_cookie.models.music.MusicRestController#findAll(HttpServletRequest)
DEBUG 20260526 21:27:05.311[http-nio-8181-exec-2] [OpenEntityManagerInViewInterceptor:86] - Opening JPA EntityManager in OpenEntityManagerInViewInterceptor
DEBUG 20260526 21:27:05.312[http-nio-8181-exec-2] [core:151] - HHH006588: Opening session [tenant=null]
DEBUG 20260526 21:27:05.313[http-nio-8181-exec-2] [JpaTransactionManager:365] - Found thread-bound EntityManager [SessionImpl(281261315<open>)] for JPA transaction
DEBUG 20260526 21:27:05.314[http-nio-8181-exec-2] [JpaTransactionManager:402] - Creating new transaction with name [org.springframework.data.jpa.repository.support.SimpleJpaRepository.findAll]: PROPAGATION_REQUIRED,ISOLATION_DEFAULT,readOnly
DEBUG 20260526 21:27:05.316[http-nio-8181-exec-2] [DataSourceUtils:204] - Setting JDBC Connection [HikariProxyConnection@1093256181 wrapping com.mysql.cj.jdbc.ConnectionImpl@55ce163e] read-only
DEBUG 20260526 21:27:05.323[http-nio-8181-exec-2] [core:74] - HHH006583: Beginning transaction
DEBUG 20260526 21:27:05.326[http-nio-8181-exec-2] [JpaTransactionManager:430] - Exposing JPA transaction as JDBC [org.springframework.orm.jpa.vendor.HibernateJpaDialect$HibernateConnectionHandle@2b7df9d2]
DEBUG 20260526 21:27:05.344[http-nio-8181-exec-2] [SQL:126] - 
    select
        me1_0.id,
        me1_0.artist,
        me1_0.playtime,
        me1_0.title 
    from
        music me1_0
DEBUG 20260526 21:27:05.352[http-nio-8181-exec-2] [JpaTransactionManager:789] - Initiating transaction commit
DEBUG 20260526 21:27:05.354[http-nio-8181-exec-2] [JpaTransactionManager:548] - Committing JPA transaction on EntityManager [SessionImpl(281261315<open>)]
DEBUG 20260526 21:27:05.354[http-nio-8181-exec-2] [core:87] - HHH006584: Committing transaction
DEBUG 20260526 21:27:05.366[http-nio-8181-exec-2] [DataSourceUtils:279] - Resetting read-only flag of JDBC Connection [HikariProxyConnection@1093256181 wrapping com.mysql.cj.jdbc.ConnectionImpl@55ce163e]
DEBUG 20260526 21:27:05.370[http-nio-8181-exec-2] [JpaTransactionManager:645] - Not closing pre-bound JPA EntityManager after transaction
DEBUG 20260526 21:27:05.371[http-nio-8181-exec-2] [HttpEntityMethodProcessor:306] - Using 'application/json', given [*/*] and supported [application/json, application/*+json]
DEBUG 20260526 21:27:05.371[http-nio-8181-exec-2] [HttpEntityMethodProcessor:118] - Writing [com.mjc813.login_cookie.common.ComResponseDto@5bf98ff9]
DEBUG 20260526 21:27:05.373[http-nio-8181-exec-2] [OpenEntityManagerInViewInterceptor:111] - Closing JPA EntityManager in OpenEntityManagerInViewInterceptor
DEBUG 20260526 21:27:05.373[http-nio-8181-exec-2] [metrics:277] - HHH000401: Logging session metrics:
	2314100 ns acquiring 1 JDBC connections
	0 ns releasing 0 JDBC connections
	309300 ns preparing 1 JDBC statements
	5085900 ns executing 1 JDBC statements
	0 ns executing 0 JDBC batches
	0 ns performing 0 second-level cache puts
	0 ns performing 0 second-level cache hits
	0 ns performing 0 second-level cache misses
	0 ns executing 0 flushes (flushing a total of 0 entities and 0 collections)
	8200 ns executing 1 pre-partial-flushes
	3900 ns executing 1 partial-flushes (flushing a total of 0 entities and 0 collections)

DEBUG 20260526 21:27:05.374[http-nio-8181-exec-2] [DispatcherServlet:1122] - Completed 200 OK
DEBUG 20260526 21:27:06.371[HikariPool-1:housekeeper] [HikariPool:888] - HikariPool-1 - keepalive: connection com.mysql.cj.jdbc.ConnectionImpl@55ce163e is alive
DEBUG 20260526 21:27:12.290[HikariPool-1:housekeeper] [HikariPool:422] - HikariPool-1 - Pool stats (total=10/10, idle=10/10, active=0, waiting=0)
DEBUG 20260526 21:27:12.291[HikariPool-1:housekeeper] [HikariPool:536] - HikariPool-1 - Fill pool skipped, pool has sufficient level or currently being filled.
DEBUG 20260526 21:27:19.455[HikariPool-1:housekeeper] [HikariPool:888] - HikariPool-1 - keepalive: connection com.mysql.cj.jdbc.ConnectionImpl@762132b7 is alive
DEBUG 20260526 21:27:31.441[HikariPool-1:housekeeper] [HikariPool:888] - HikariPool-1 - keepalive: connection com.mysql.cj.jdbc.ConnectionImpl@2906a964 is alive
DEBUG 20260526 21:27:35.684[HikariPool-1:housekeeper] [HikariPool:888] - HikariPool-1 - keepalive: connection com.mysql.cj.jdbc.ConnectionImpl@55be103d is alive
DEBUG 20260526 21:27:36.385[HikariPool-1:housekeeper] [HikariPool:888] - HikariPool-1 - keepalive: connection com.mysql.cj.jdbc.ConnectionImpl@7ee85630 is alive
DEBUG 20260526 21:27:42.307[HikariPool-1:housekeeper] [HikariPool:422] - HikariPool-1 - Pool stats (total=10/10, idle=10/10, active=0, waiting=0)
DEBUG 20260526 21:27:42.308[HikariPool-1:housekeeper] [HikariPool:536] - HikariPool-1 - Fill pool skipped, pool has sufficient level or currently being filled.
DEBUG 20260526 21:27:44.543[HikariPool-1:housekeeper] [HikariPool:888] - HikariPool-1 - keepalive: connection com.mysql.cj.jdbc.ConnectionImpl@3e207adb is alive
DEBUG 20260526 21:27:51.917[HikariPool-1:housekeeper] [HikariPool:888] - HikariPool-1 - keepalive: connection com.mysql.cj.jdbc.ConnectionImpl@3f66cce8 is alive
DEBUG 20260526 21:28:12.312[HikariPool-1:housekeeper] [HikariPool:422] - HikariPool-1 - Pool stats (total=10/10, idle=10/10, active=0, waiting=0)
DEBUG 20260526 21:28:12.313[HikariPool-1:housekeeper] [HikariPool:536] - HikariPool-1 - Fill pool skipped, pool has sufficient level or currently being filled.
DEBUG 20260526 21:28:21.066[HikariPool-1:housekeeper] [HikariPool:888] - HikariPool-1 - keepalive: connection com.mysql.cj.jdbc.ConnectionImpl@45318135 is alive
DEBUG 20260526 21:28:29.750[HikariPool-1:housekeeper] [HikariPool:888] - HikariPool-1 - keepalive: connection com.mysql.cj.jdbc.ConnectionImpl@11d57f51 is alive
DEBUG 20260526 21:28:38.733[HikariPool-1:housekeeper] [HikariPool:888] - HikariPool-1 - keepalive: connection com.mysql.cj.jdbc.ConnectionImpl@260d7840 is alive
DEBUG 20260526 21:28:42.317[HikariPool-1:housekeeper] [HikariPool:422] - HikariPool-1 - Pool stats (total=10/10, idle=10/10, active=0, waiting=0)
DEBUG 20260526 21:28:42.317[HikariPool-1:housekeeper] [HikariPool:536] - HikariPool-1 - Fill pool skipped, pool has sufficient level or currently being filled.
DEBUG 20260526 21:28:49.840[HikariPool-1:housekeeper] [HikariPool:888] - HikariPool-1 - keepalive: connection com.mysql.cj.jdbc.ConnectionImpl@55ce163e is alive
DEBUG 20260526 21:29:07.238[HikariPool-1:housekeeper] [HikariPool:888] - HikariPool-1 - keepalive: connection com.mysql.cj.jdbc.ConnectionImpl@762132b7 is alive
DEBUG 20260526 21:29:12.325[HikariPool-1:housekeeper] [HikariPool:422] - HikariPool-1 - Pool stats (total=10/10, idle=10/10, active=0, waiting=0)
DEBUG 20260526 21:29:12.326[HikariPool-1:housekeeper] [HikariPool:536] - HikariPool-1 - Fill pool skipped, pool has sufficient level or currently being filled.
DEBUG 20260526 21:29:21.173[HikariPool-1:housekeeper] [HikariPool:888] - HikariPool-1 - keepalive: connection com.mysql.cj.jdbc.ConnectionImpl@2906a964 is alive
DEBUG 20260526 21:29:22.888[HikariPool-1:housekeeper] [HikariPool:888] - HikariPool-1 - keepalive: connection com.mysql.cj.jdbc.ConnectionImpl@7ee85630 is alive
DEBUG 20260526 21:29:26.455[HikariPool-1:housekeeper] [HikariPool:888] - HikariPool-1 - keepalive: connection com.mysql.cj.jdbc.ConnectionImpl@55be103d is alive
DEBUG 20260526 21:29:28.390[HikariPool-1:housekeeper] [HikariPool:888] - HikariPool-1 - keepalive: connection com.mysql.cj.jdbc.ConnectionImpl@3e207adb is alive
DEBUG 20260526 21:29:42.340[HikariPool-1:housekeeper] [HikariPool:422] - HikariPool-1 - Pool stats (total=10/10, idle=10/10, active=0, waiting=0)
DEBUG 20260526 21:29:42.341[HikariPool-1:housekeeper] [HikariPool:536] - HikariPool-1 - Fill pool skipped, pool has sufficient level or currently being filled.
DEBUG 20260526 21:29:44.521[HikariPool-1:housekeeper] [HikariPool:888] - HikariPool-1 - keepalive: connection com.mysql.cj.jdbc.ConnectionImpl@3f66cce8 is alive
DEBUG 20260526 21:30:10.525[HikariPool-1:housekeeper] [HikariPool:888] - HikariPool-1 - keepalive: connection com.mysql.cj.jdbc.ConnectionImpl@11d57f51 is alive
DEBUG 20260526 21:30:12.343[HikariPool-1:housekeeper] [HikariPool:422] - HikariPool-1 - Pool stats (total=10/10, idle=10/10, active=0, waiting=0)
DEBUG 20260526 21:30:12.343[HikariPool-1:housekeeper] [HikariPool:536] - HikariPool-1 - Fill pool skipped, pool has sufficient level or currently being filled.
DEBUG 20260526 21:30:19.449[HikariPool-1:housekeeper] [HikariPool:888] - HikariPool-1 - keepalive: connection com.mysql.cj.jdbc.ConnectionImpl@45318135 is alive
DEBUG 20260526 21:30:21.421[HikariPool-1:housekeeper] [HikariPool:888] - HikariPool-1 - keepalive: connection com.mysql.cj.jdbc.ConnectionImpl@260d7840 is alive
DEBUG 20260526 21:30:33.321[HikariPool-1:housekeeper] [HikariPool:888] - HikariPool-1 - keepalive: connection com.mysql.cj.jdbc.ConnectionImpl@55ce163e is alive
DEBUG 20260526 21:30:42.347[HikariPool-1:housekeeper] [HikariPool:422] - HikariPool-1 - Pool stats (total=10/10, idle=10/10, active=0, waiting=0)
DEBUG 20260526 21:30:42.348[HikariPool-1:housekeeper] [HikariPool:536] - HikariPool-1 - Fill pool skipped, pool has sufficient level or currently being filled.
DEBUG 20260526 21:30:55.024[HikariPool-1:housekeeper] [HikariPool:888] - HikariPool-1 - keepalive: connection com.mysql.cj.jdbc.ConnectionImpl@762132b7 is alive
DEBUG 20260526 21:31:09.389[HikariPool-1:housekeeper] [HikariPool:888] - HikariPool-1 - keepalive: connection com.mysql.cj.jdbc.ConnectionImpl@7ee85630 is alive
DEBUG 20260526 21:31:10.892[HikariPool-1:housekeeper] [HikariPool:888] - HikariPool-1 - keepalive: connection com.mysql.cj.jdbc.ConnectionImpl@2906a964 is alive
DEBUG 20260526 21:31:12.234[HikariPool-1:housekeeper] [HikariPool:888] - HikariPool-1 - keepalive: connection com.mysql.cj.jdbc.ConnectionImpl@3e207adb is alive
DEBUG 20260526 21:31:12.353[HikariPool-1:housekeeper] [HikariPool:422] - HikariPool-1 - Pool stats (total=10/10, idle=10/10, active=0, waiting=0)
DEBUG 20260526 21:31:12.353[HikariPool-1:housekeeper] [HikariPool:536] - HikariPool-1 - Fill pool skipped, pool has sufficient level or currently being filled.
DEBUG 20260526 21:31:17.220[HikariPool-1:housekeeper] [HikariPool:888] - HikariPool-1 - keepalive: connection com.mysql.cj.jdbc.ConnectionImpl@55be103d is alive
DEBUG 20260526 21:31:37.137[HikariPool-1:housekeeper] [HikariPool:888] - HikariPool-1 - keepalive: connection com.mysql.cj.jdbc.ConnectionImpl@3f66cce8 is alive
DEBUG 20260526 21:31:42.367[HikariPool-1:housekeeper] [HikariPool:422] - HikariPool-1 - Pool stats (total=10/10, idle=10/10, active=0, waiting=0)
DEBUG 20260526 21:31:42.368[HikariPool-1:housekeeper] [HikariPool:536] - HikariPool-1 - Fill pool skipped, pool has sufficient level or currently being filled.
DEBUG 20260526 21:31:51.289[HikariPool-1:housekeeper] [HikariPool:888] - HikariPool-1 - keepalive: connection com.mysql.cj.jdbc.ConnectionImpl@11d57f51 is alive
DEBUG 20260526 21:32:04.121[HikariPool-1:housekeeper] [HikariPool:888] - HikariPool-1 - keepalive: connection com.mysql.cj.jdbc.ConnectionImpl@260d7840 is alive
DEBUG 20260526 21:32:12.373[HikariPool-1:housekeeper] [HikariPool:422] - HikariPool-1 - Pool stats (total=10/10, idle=10/10, active=0, waiting=0)
DEBUG 20260526 21:32:12.378[HikariPool-1:housekeeper] [HikariPool:536] - HikariPool-1 - Fill pool skipped, pool has sufficient level or currently being filled.
DEBUG 20260526 21:32:16.789[HikariPool-1:housekeeper] [HikariPool:888] - HikariPool-1 - keepalive: connection com.mysql.cj.jdbc.ConnectionImpl@55ce163e is alive
DEBUG 20260526 21:32:17.833[HikariPool-1:housekeeper] [HikariPool:888] - HikariPool-1 - keepalive: connection com.mysql.cj.jdbc.ConnectionImpl@45318135 is alive
DEBUG 20260526 21:32:42.380[HikariPool-1:housekeeper] [HikariPool:422] - HikariPool-1 - Pool stats (total=10/10, idle=10/10, active=0, waiting=0)
DEBUG 20260526 21:32:42.381[HikariPool-1:housekeeper] [HikariPool:536] - HikariPool-1 - Fill pool skipped, pool has sufficient level or currently being filled.
DEBUG 20260526 21:32:42.803[HikariPool-1:housekeeper] [HikariPool:888] - HikariPool-1 - keepalive: connection com.mysql.cj.jdbc.ConnectionImpl@762132b7 is alive
DEBUG 20260526 21:32:48.774[SpringApplicationShutdownHook] [ApplicationAvailabilityBean:78] - Application availability state ReadinessState changed from ACCEPTING_TRAFFIC to REFUSING_TRAFFIC
DEBUG 20260526 21:32:48.797[SpringApplicationShutdownHook] [AnnotationConfigServletWebServerApplicationContext:1185] - Closing org.springframework.boot.web.server.servlet.context.AnnotationConfigServletWebServerApplicationContext@44051fda, started on Tue May 26 20:53:03 KST 2026
DEBUG 20260526 21:32:49.005[SpringApplicationShutdownHook] [DefaultLifecycleProcessor:638] - Stopping beans in phase 2147482623
INFO  20260526 21:32:49.086[SpringApplicationShutdownHook] [GracefulShutdown:54] - Commencing graceful shutdown. Waiting for active requests to complete
INFO  20260526 21:32:49.211[tomcat-shutdown] [GracefulShutdown:76] - Graceful shutdown complete
DEBUG 20260526 21:32:49.215[SpringApplicationShutdownHook] [DefaultLifecycleProcessor:638] - Stopping beans in phase 2147481599
DEBUG 20260526 21:32:49.276[tomcat-shutdown] [DefaultLifecycleProcessor:484] - Bean 'webServerGracefulShutdown' completed its stop procedure
DEBUG 20260526 21:32:49.324[SpringApplicationShutdownHook] [DefaultLifecycleProcessor:484] - Bean 'webServerStartStop' completed its stop procedure
DEBUG 20260526 21:32:49.324[SpringApplicationShutdownHook] [DefaultLifecycleProcessor:638] - Stopping beans in phase 1073741823
DEBUG 20260526 21:32:49.327[SpringApplicationShutdownHook] [DefaultLifecycleProcessor:484] - Bean 'applicationTaskExecutor' completed its stop procedure
DEBUG 20260526 21:32:49.327[SpringApplicationShutdownHook] [DefaultLifecycleProcessor:638] - Stopping beans in phase -2147483647
DEBUG 20260526 21:32:49.333[SpringApplicationShutdownHook] [DefaultLifecycleProcessor:484] - Bean 'springBootLoggingLifecycle' completed its stop procedure
DEBUG 20260526 21:32:49.356[SpringApplicationShutdownHook] [AnnotationMBeanExporter:462] - Unregistering JMX-exposed beans on shutdown
DEBUG 20260526 21:32:49.365[SpringApplicationShutdownHook] [AnnotationMBeanExporter:184] - Unregistering JMX-exposed beans
INFO  20260526 21:32:49.418[SpringApplicationShutdownHook] [LocalContainerEntityManagerFactoryBean:693] - Closing JPA EntityManagerFactory for persistence unit 'default'
DEBUG 20260526 21:32:49.468[SpringApplicationShutdownHook] [factory:800] - HHH90020005: Closing factory [19a1a4ce-087c-4451-b16a-845288d6560e]
DEBUG 20260526 21:32:49.515[SpringApplicationShutdownHook] [SpringBeanContainer:159] - Falling back to Hibernate's default producer after bean creation failure for interface org.hibernate.engine.jdbc.connections.spi.MultiTenantConnectionProvider: org.springframework.beans.factory.BeanCreationException: Error creating bean with name 'org.hibernate.engine.jdbc.connections.spi.MultiTenantConnectionProvider': Failed to instantiate [org.hibernate.engine.jdbc.connections.spi.MultiTenantConnectionProvider]: Specified class is an interface
INFO  20260526 21:32:49.870[SpringApplicationShutdownHook] [HikariDataSource:349] - HikariPool-1 - Shutdown initiated...
DEBUG 20260526 21:32:49.870[SpringApplicationShutdownHook] [HikariPool:422] - HikariPool-1 - Before shutdown stats (total=10/10, idle=10/10, active=0, waiting=0)
DEBUG 20260526 21:32:49.942[HikariPool-1:connection-closer] [PoolBase:141] - HikariPool-1 - Closing connection com.mysql.cj.jdbc.ConnectionImpl@55ce163e: (connection evicted)
DEBUG 20260526 21:32:50.045[HikariPool-1:connection-closer] [PoolBase:141] - HikariPool-1 - Closing connection com.mysql.cj.jdbc.ConnectionImpl@2906a964: (connection evicted)
DEBUG 20260526 21:32:50.048[HikariPool-1:connection-closer] [PoolBase:141] - HikariPool-1 - Closing connection com.mysql.cj.jdbc.ConnectionImpl@55be103d: (connection evicted)
DEBUG 20260526 21:32:50.050[HikariPool-1:connection-closer] [PoolBase:141] - HikariPool-1 - Closing connection com.mysql.cj.jdbc.ConnectionImpl@3f66cce8: (connection evicted)
DEBUG 20260526 21:32:50.054[HikariPool-1:connection-closer] [PoolBase:141] - HikariPool-1 - Closing connection com.mysql.cj.jdbc.ConnectionImpl@7ee85630: (connection evicted)
DEBUG 20260526 21:32:50.056[HikariPool-1:connection-closer] [PoolBase:141] - HikariPool-1 - Closing connection com.mysql.cj.jdbc.ConnectionImpl@3e207adb: (connection evicted)
DEBUG 20260526 21:32:50.061[HikariPool-1:connection-closer] [PoolBase:141] - HikariPool-1 - Closing connection com.mysql.cj.jdbc.ConnectionImpl@11d57f51: (connection evicted)
DEBUG 20260526 21:32:50.062[HikariPool-1:connection-closer] [PoolBase:141] - HikariPool-1 - Closing connection com.mysql.cj.jdbc.ConnectionImpl@260d7840: (connection evicted)
DEBUG 20260526 21:32:50.065[HikariPool-1:connection-closer] [PoolBase:141] - HikariPool-1 - Closing connection com.mysql.cj.jdbc.ConnectionImpl@762132b7: (connection evicted)
DEBUG 20260526 21:32:50.071[HikariPool-1:connection-closer] [PoolBase:141] - HikariPool-1 - Closing connection com.mysql.cj.jdbc.ConnectionImpl@45318135: (connection evicted)
DEBUG 20260526 21:32:50.078[SpringApplicationShutdownHook] [HikariPool:422] - HikariPool-1 - After  shutdown stats (total=0/10, idle=0/10, active=0, waiting=0)
INFO  20260526 21:32:50.079[SpringApplicationShutdownHook] [HikariDataSource:351] - HikariPool-1 - Shutdown completed.
DEBUG 20260526 21:32:50.081[SpringApplicationShutdownHook] [ThreadPoolTaskExecutor:366] - Shutting down ExecutorService 'applicationTaskExecutor'
